solver,seed,max_spawn,traffic_density,seed_failed,fail_reason,enforce_ir,platoon_bonus,comm_delay,p_loss,async_frac,drag_reduce_pct,cd_rate_window,drag_force_window,ttc_p5,abs_acc_mean,abs_acc_rms,n_window_samples,clearing_time,merged,n_steps,avg_speed,min_speed,solve_time,total_utility,ir_violation_rate,platoon_len_avg,platoon_len_max,conv_iters,conv_fail_rate,success_rate,n_success,n_trials,sweep,level
auc_comm,1,20,1.0,0,,True,0.5,0,0.0,1.0,9.586835124858107,0.9041316487514189,178.8126513026955,8.187135740056435,0.19114511122864908,0.2509927449404233,136,19.700000000000003,20.0,289,20.05115646805317,18.757285842072417,1.2799999781378309e-05,7.814008466099244,0.0,3.4742647058823533,4.5588235294117645,2.121107266435986,0.0,1.0,30,30,delay,A
auc_comm,2,20,1.0,0,,True,0.5,0,0.0,1.0,9.806921686406389,0.9019307831359361,170.65268291208366,6.929193358741448,0.2359988706060216,0.35931054441856564,158,20.6,20.0,307,19.432592071237753,17.652135327831505,1.3277196842594625e-05,7.7946111393553155,0.0,4.233122362869198,4.60126582278481,2.6319218241042344,0.0,1.0,30,30,delay,A
auc_comm,3,20,1.0,0,,True,0.5,0,0.0,1.0,9.496822679256434,0.9050317732074357,169.30154488989996,10.0,0.13910575717979795,0.21726879507630345,165,21.700000000000003,20.0,318,19.625831812434882,18.635617891493656,1.6852202180937025e-05,7.866286592740914,0.0,2.902020202020202,3.6606060606060606,2.0,0.0,1.0,30,30,delay,A
auc_comm,4,20,1.0,0,,True,0.5,0,0.0,1.0,8.962895759431333,0.9103710424056867,172.009138690258,6.995565928060085,0.3005810436907588,0.4446267794322749,181,22.3,20.0,336,18.420467869928377,15.248662097428328,1.2683332724485635e-05,7.737924218803046,0.0,3.1721915285451194,3.5801104972375692,2.4047619047619047,0.0,1.0,30,30,delay,A
auc_comm,5,20,1.0,0,,True,0.5,0,0.0,1.0,9.409350000891692,0.9059064999910831,164.0300766100102,9.927322461848517,0.14417404334055228,0.2437925070529019,153,20.3,20.0,304,19.461639060266222,18.287310054993227,1.3770394281508694e-05,7.841818266885154,0.0,2.5599128540305007,3.084967320261438,1.9671052631578947,0.0,1.0,30,30,delay,A
auc_comm,6,20,1.0,0,,True,0.5,0,0.0,1.0,8.89786032231228,0.9110213967768772,170.53703979065966,7.764655872606423,0.20054132690645388,0.32157787220166467,150,20.200000000000003,20.0,303,19.633515723931744,17.685194044772203,1.2644886257428147e-05,7.788389277223786,0.0,2.451111111111111,3.2266666666666666,2.3696369636963697,0.0,1.0,30,30,delay,A
auc_comm,7,20,1.0,0,,True,0.5,0,0.0,1.0,9.774455757741606,0.9022554424225839,181.96067031714844,8.958026754820025,0.23296357649665045,0.2837511048247989,145,20.6,20.0,307,20.05287748368762,18.866283021218724,1.1013028801931524e-05,7.7784049136967575,0.0,3.1011494252873564,3.7448275862068967,2.205211726384365,0.0,1.0,30,30,delay,A
auc_comm,8,20,1.0,0,,True,0.5,0,0.0,1.0,10.418728007037792,0.8958127199296221,180.14116798893815,8.26384030722736,0.20312550423391268,0.2628521208392882,141,20.6,20.0,298,20.146145776637187,18.943014507196462,1.3668794066163918e-05,7.811990881660625,0.0,3.882978723404255,5.120567375886525,2.4932885906040267,0.0,1.0,30,30,delay,A
auc_comm,9,20,1.0,0,,True,0.5,0,0.0,1.0,7.649054868259652,0.9235094513174035,171.66468258466148,6.993607560899634,0.2100828787330719,0.3199556871221989,157,20.6,20.0,309,19.223963997250433,16.831530104599803,1.3124918064831917e-05,7.796774442486219,0.0,2.357749469214437,3.3184713375796178,2.103559870550162,0.0,1.0,30,30,delay,A
auc_comm,10,20,1.0,0,,True,0.5,0,0.0,1.0,7.709927490223423,0.9229007250977658,172.5480300009993,7.964619676464885,0.2272072334111689,0.32080300908792736,152,19.900000000000002,20.0,301,19.61572453492759,17.9853021473882,1.2446180576972192e-05,7.80096138083475,0.0,1.944078947368421,2.4210526315789473,2.338870431893688,0.0,1.0,30,30,delay,A
auc_comm,11,20,1.0,0,,True,0.5,0,0.0,1.0,9.044965941111771,0.9095503405888823,171.18711391844644,8.947602865002391,0.18429340427172747,0.2744164252704715,155,21.400000000000002,20.0,311,19.372387637417056,17.395799752535577,1.2034085209382597e-05,7.826072461526874,0.0,3.0951612903225807,4.012903225806451,2.112540192926045,0.0,1.0,30,30,delay,A
auc_comm,12,20,1.0,0,,True,0.5,0,0.0,1.0,11.221058599993029,0.8877894140000697,167.4550674212678,8.2657390885073,0.1903283092213809,0.2573064639399551,151,21.1,20.0,304,19.870229869809997,18.47672072784763,1.1242103363129948e-05,7.8406846081814265,0.0,4.321192052980132,4.490066225165563,1.9967105263157894,0.0,1.0,30,30,delay,A
auc_comm,13,20,1.0,0,,True,0.5,0,0.0,1.0,7.33603383880671,0.9266396616119329,170.79708477982234,8.111400016175148,0.19266711586664795,0.32648650124193707,158,22.1,20.0,322,19.048237080419227,17.1418462750934,1.0933229187792688e-05,7.720153640281912,0.0,2.6951476793248945,3.607594936708861,1.9223602484472049,0.0,1.0,30,30,delay,A
auc_comm,14,20,1.0,0,,True,0.5,0,0.0,1.0,11.17221973653617,0.8882778026346383,163.10257691573253,7.8862850919269185,0.1752053877060245,0.23618855761379132,145,19.700000000000003,20.0,295,19.88219147628682,18.769515100739284,1.0586101403933461e-05,7.814164319893776,0.0,2.947701149425287,3.8551724137931034,1.993220338983051,0.0,1.0,30,30,delay,A
auc_comm,15,20,1.0,0,,True,0.5,0,0.0,1.0,10.445273124986032,0.8955472687501397,168.25837915316075,9.22945181654962,0.19343378995488575,0.28420823820487867,142,20.0,20.0,300,20.05066723472193,18.53058931038907,1.2671333194399874e-05,7.896129201333548,0.0,4.204225352112676,5.26056338028169,2.08,0.0,1.0,30,30,delay,A
auc_comm,16,20,1.0,0,,True,0.5,0,0.0,1.0,8.676620069184937,0.9132337993081506,180.03943898252797,8.777615557003715,0.2538531684309168,0.3106872219752027,146,19.200000000000003,20.0,292,19.92464543991254,18.542637578754288,1.3487331596305212e-05,7.836489536799627,0.0,2.8801369863013697,3.4863013698630136,2.2945205479452055,0.0,1.0,30,30,delay,A
auc_comm,17,20,1.0,0,,True,0.5,0,0.0,1.0,8.863704958783348,0.9113629504121665,176.8688291718449,8.259280909501483,0.21363179804534796,0.27573964945761137,145,19.3,20.0,295,20.04414285233264,19.0068982921785,1.1212879326194524e-05,7.820033742972065,0.0,3.6551724137931036,4.63448275862069,2.1898305084745764,0.0,1.0,30,30,delay,A
auc_comm,18,20,1.0,0,,True,0.5,0,0.0,1.0,9.875568973257353,0.9012443102674265,178.58030070844342,8.50582662804326,0.20768279042449658,0.2878603679416992,149,19.400000000000002,20.0,294,19.705254964688297,18.0281874355016,1.0487753787033615e-05,7.851522414787117,0.0,5.225391498881432,6.429530201342282,2.142857142857143,0.0,1.0,30,30,delay,A
auc_comm,19,20,1.0,0,,True,0.5,0,0.0,1.0,6.268449665343201,0.937315503346568,182.1775514528693,10.0,0.24628068762728986,0.32882843021345454,163,20.900000000000002,20.0,311,19.678243618324053,17.595997503779085,1.2727329467042946e-05,7.787657539735048,0.0,2.602249488752556,3.2883435582822087,2.09967845659164,0.0,1.0,30,30,delay,A
auc_comm,20,20,1.0,0,,True,0.5,0,0.0,1.0,9.34878234970884,0.9065121765029116,166.92218127113443,7.994599014019486,0.16526408375088183,0.24188758668691926,134,18.5,20.0,284,19.976025844578324,18.6108393607787,1.3821830064661696e-05,7.8240854688877794,0.0,2.958333333333334,3.925373134328358,2.390845070422535,0.0,1.0,30,30,delay,A
auc_comm,21,20,1.0,0,,True,0.5,0,0.0,1.0,8.53937741216132,0.9146062258783868,167.62102907870704,8.76301932390351,0.1805107136342868,0.29151090603320123,152,20.0,20.0,300,19.75125437578717,18.031977469270387,1.2109667295590043e-05,7.823233043209248,0.0,2.5032894736842106,3.151315789473684,2.1866666666666665,0.0,1.0,30,30,delay,A
auc_comm,22,20,1.0,0,,True,0.5,0,0.0,1.0,7.789374369804547,0.9221062563019545,172.18312421223234,6.170644224317078,0.21551718052048172,0.3269792017303749,147,19.900000000000002,20.0,300,19.67319965812671,17.62119553581973,1.1824000587997337e-05,7.775964383245361,0.0,2.510204081632653,3.5238095238095237,2.45,0.0,1.0,30,30,delay,A
auc_comm,23,20,1.0,0,,True,0.5,0,0.0,1.0,10.612618763445225,0.8938738123655477,160.71251337638657,7.462860809017316,0.16281188523102327,0.23710255592203414,135,19.1,20.0,289,19.935989409331338,18.594012988585728,1.3131141150209112e-05,7.85608640865392,0.0,3.2364197530864196,4.037037037037037,2.152249134948097,0.0,1.0,30,30,delay,A
auc_comm,24,20,1.0,0,,True,0.5,0,0.0,1.0,11.807320633583752,0.8819267936641625,168.50528709974327,9.519637725904401,0.21293439825518662,0.32118841065995735,157,20.900000000000002,20.0,310,19.364553580987067,17.671891353454924,1.1761289750856737e-05,7.898278405053789,0.0,6.085987261146497,6.643312101910828,2.632258064516129,0.0,1.0,30,30,delay,A
auc_comm,25,20,1.0,0,,True,0.5,0,0.0,1.0,6.976155249017413,0.9302384475098259,172.08270618310272,8.414469614511946,0.18766706651178208,0.3118310257815427,172,22.8,20.0,329,19.229957560544847,17.27485265655393,1.27987838123775e-05,7.768177981466347,0.0,2.2761627906976742,2.86046511627907,2.0972644376899696,0.0,1.0,30,30,delay,A
auc_comm,26,20,1.0,0,,True,0.5,0,0.0,1.0,9.479629500716058,0.9052037049928394,171.59593553345937,7.343726877258726,0.24611998357702225,0.3452629974144419,155,20.1,20.0,303,19.116136864443522,16.479997571705493,1.3179868258376031e-05,7.837822358662884,0.0,3.076344086021505,3.6580645161290324,2.3597359735973598,0.0,1.0,30,30,delay,A
auc_comm,27,20,1.0,0,,True,0.5,0,0.0,1.0,9.676416582346059,0.9032358341765394,165.69344697327017,9.125358974590084,0.142010879335438,0.22785576519064044,156,20.700000000000003,20.0,307,19.791114172973234,18.807504677895146,1.1524106095262867e-05,7.875583408293105,0.0,3.0202991452991452,3.5,2.188925081433225,0.0,1.0,30,30,delay,A
auc_comm,28,20,1.0,0,,True,0.5,0,0.0,1.0,8.781872999163909,0.9121812700083609,175.66657243873877,9.403833884654052,0.23108228102647188,0.29613849022282757,136,19.8,20.0,294,19.827302712032655,18.39993546279495,1.0831292035995799e-05,7.8267736155486345,0.0,2.633578431372549,3.3308823529411766,2.251700680272109,0.0,1.0,30,30,delay,A
auc_comm,29,20,1.0,0,,True,0.5,0,0.0,1.0,9.538848459353622,0.9046115154064638,170.47575006002074,8.876066606895801,0.19832089050377918,0.2775630055458289,161,21.5,20.0,317,19.53356556676377,17.88971301412252,1.1106624528001818e-05,7.858743639762797,0.0,5.298136645962733,6.3229813664596275,2.305993690851735,0.0,1.0,30,30,delay,A
auc_comm,30,20,1.0,0,,True,0.5,0,0.0,1.0,7.765458827880223,0.9223454117211978,182.70197081906318,10.0,0.2165624690331604,0.2906543856805542,163,21.1,20.0,313,19.787003890613555,18.287545194856495,1.0297443835249249e-05,7.780525984949885,0.0,2.723926380368098,3.3006134969325154,2.182108626198083,0.0,1.0,30,30,delay,A
auc_comm,1,20,1.0,0,,True,0.5,1,0.0,1.0,9.586835124858107,0.9041316487514189,178.8126513026955,8.187135740056435,0.19114511122864908,0.2509927449404233,136,19.700000000000003,20.0,289,20.05115646805317,18.757285842072417,9.397925949207537e-06,7.814008466099244,0.0,3.4742647058823533,4.5588235294117645,2.28719723183391,0.0,1.0,30,30,delay,A
auc_comm,2,20,1.0,0,,True,0.5,1,0.0,1.0,9.806921686406389,0.9019307831359361,170.65268291208366,6.929193358741448,0.2359988706060216,0.35931054441856564,158,20.6,20.0,307,19.432592071237753,17.652135327831505,1.1802933304737464e-05,7.7946111393553155,0.0,4.233122362869198,4.60126582278481,3.456026058631922,0.0,1.0,30,30,delay,A
auc_comm,3,20,1.0,0,,True,0.5,1,0.0,1.0,9.496822679256434,0.9050317732074357,169.30154488989996,10.0,0.13910575717979795,0.21726879507630345,165,21.700000000000003,20.0,318,19.625831812434882,18.635617891493656,1.0659430745649357e-05,7.866286592740914,0.0,2.902020202020202,3.6606060606060606,2.0220125786163523,0.0,1.0,30,30,delay,A
auc_comm,4,20,1.0,0,,True,0.5,1,0.0,1.0,8.962895759431333,0.9103710424056867,172.009138690258,6.995565928060085,0.3005810436907588,0.4446267794322749,181,22.3,20.0,336,18.420467869928377,15.248662097428328,1.2538093869807199e-05,7.737924218803046,0.0,3.1721915285451194,3.5801104972375692,2.9791666666666665,0.0,1.0,30,30,delay,A
auc_comm,5,20,1.0,0,,True,0.5,1,0.0,1.0,9.409350000891692,0.9059064999910831,164.0300766100102,9.927322461848517,0.14417404334055228,0.2437925070529019,153,20.3,20.0,304,19.461639060266222,18.287310054993227,1.1627959649654498e-05,7.841818266885154,0.0,2.5599128540305007,3.084967320261438,1.9671052631578947,0.0,1.0,30,30,delay,A
auc_comm,6,20,1.0,0,,True,0.5,1,0.0,1.0,8.89786032231228,0.9110213967768772,170.53703979065966,7.764655872606423,0.20054132690645388,0.32157787220166467,150,20.200000000000003,20.0,303,19.633515723931744,17.685194044772203,1.216402451012886e-05,7.788389277223786,0.0,2.451111111111111,3.2266666666666666,2.6666666666666665,0.0,1.0,30,30,delay,A
auc_comm,7,20,1.0,0,,True,0.5,1,0.0,1.0,9.774455757741606,0.9022554424225839,181.96067031714844,8.958026754820025,0.23296357649665045,0.2837511048247989,145,20.6,20.0,307,20.05287748368762,18.866283021218724,1.202443203546034e-05,7.7784049136967575,0.0,3.1011494252873564,3.7448275862068967,2.452768729641694,0.0,1.0,30,30,delay,A
auc_comm,8,20,1.0,0,,True,0.5,1,0.0,1.0,10.418728007037792,0.8958127199296221,180.14116798893815,8.26384030722736,0.20312550423391268,0.2628521208392882,141,20.6,20.0,298,20.146145776637187,18.943014507196462,1.1278523425977902e-05,7.811990881660625,0.0,3.882978723404255,5.120567375886525,3.0704697986577183,0.0,1.0,30,30,delay,A
auc_comm,9,20,1.0,0,,True,0.5,1,0.0,1.0,7.649054868259652,0.9235094513174035,171.66468258466148,6.993607560899634,0.2100828787330719,0.3199556871221989,157,20.6,20.0,309,19.223963997250433,16.831530104599803,1.3017799580186413e-05,7.796774442486219,0.0,2.357749469214437,3.3184713375796178,2.255663430420712,0.0,1.0,30,30,delay,A
auc_comm,10,20,1.0,0,,True,0.5,1,0.0,1.0,7.709927490223423,0.9229007250977658,172.5480300009993,7.964619676464885,0.2272072334111689,0.32080300908792736,152,19.900000000000002,20.0,301,19.61572453492759,17.9853021473882,1.1721926824842576e-05,7.80096138083475,0.0,1.944078947368421,2.4210526315789473,2.8073089700996676,0.0,1.0,30,30,delay,A
auc_comm,11,20,1.0,0,,True,0.5,1,0.0,1.0,9.044965941111771,0.9095503405888823,171.18711391844644,8.947602865002391,0.18429340427172747,0.2744164252704715,155,21.400000000000002,20.0,311,19.372387637417056,17.395799752535577,1.1524436523736578e-05,7.826072461526874,0.0,3.0951612903225807,4.012903225806451,2.2540192926045015,0.0,1.0,30,30,delay,A
auc_comm,12,20,1.0,0,,True,0.5,1,0.0,1.0,11.221058599993029,0.8877894140000697,167.4550674212678,8.2657390885073,0.1903283092213809,0.2573064639399551,151,21.1,20.0,304,19.870229869809997,18.47672072784763,1.157796080071038e-05,7.8406846081814265,0.0,4.321192052980132,4.490066225165563,2.0197368421052633,0.0,1.0,30,30,delay,A
auc_comm,13,20,1.0,0,,True,0.5,1,0.0,1.0,7.33603383880671,0.9266396616119329,170.79708477982234,8.111400016175148,0.19266711586664795,0.32648650124193707,158,22.1,20.0,322,19.048237080419227,17.1418462750934,1.2589129944684805e-05,7.720153640281912,0.0,2.6951476793248945,3.607594936708861,2.027950310559006,0.0,1.0,30,30,delay,A
auc_comm,14,20,1.0,0,,True,0.5,1,0.0,1.0,11.17221973653617,0.8882778026346383,163.10257691573253,7.8862850919269185,0.1752053877060245,0.23618855761379132,145,19.700000000000003,20.0,295,19.88219147628682,18.769515100739284,1.4035931741029529e-05,7.814164319893776,0.0,2.947701149425287,3.8551724137931034,2.010169491525424,0.0,1.0,30,30,delay,A
auc_comm,15,20,1.0,0,,True,0.5,1,0.0,1.0,10.445273124986032,0.8955472687501397,168.25837915316075,9.22945181654962,0.19343378995488575,0.28420823820487867,142,20.0,20.0,300,20.05066723472193,18.53058931038907,1.2040334016395112e-05,7.896129201333548,0.0,4.204225352112676,5.26056338028169,2.16,0.0,1.0,30,30,delay,A
auc_comm,16,20,1.0,0,,True,0.5,1,0.0,1.0,8.676620069184937,0.9132337993081506,180.03943898252797,8.777615557003715,0.2538531684309168,0.3106872219752027,146,19.200000000000003,20.0,292,19.92464543991254,18.542637578754288,1.3714724408513675e-05,7.836489536799627,0.0,2.8801369863013697,3.4863013698630136,2.537671232876712,0.0,1.0,30,30,delay,A
auc_comm,17,20,1.0,0,,True,0.5,1,0.0,1.0,8.863704958783348,0.9113629504121665,176.8688291718449,8.259280909501483,0.21363179804534796,0.27573964945761137,145,19.3,20.0,295,20.04414285233264,19.0068982921785,1.545626930576765e-05,7.820033742972065,0.0,3.6551724137931036,4.63448275862069,2.4745762711864407,0.0,1.0,30,30,delay,A
auc_comm,18,20,1.0,0,,True,0.5,1,0.0,1.0,9.875568973257353,0.9012443102674265,178.58030070844342,8.50582662804326,0.20768279042449658,0.2878603679416992,149,19.400000000000002,20.0,294,19.705254964688297,18.0281874355016,1.489931894117827e-05,7.851522414787117,0.0,5.225391498881432,6.429530201342282,2.261904761904762,0.0,1.0,30,30,delay,A
auc_comm,19,20,1.0,0,,True,0.5,1,0.0,1.0,6.268449665343201,0.937315503346568,182.1775514528693,10.0,0.24628068762728986,0.32882843021345454,163,20.900000000000002,20.0,311,19.678243618324053,17.595997503779085,1.1770739527029911e-05,7.787657539735048,0.0,2.602249488752556,3.2883435582822087,2.360128617363344,0.0,1.0,30,30,delay,A
auc_comm,20,20,1.0,0,,True,0.5,1,0.0,1.0,9.34878234970884,0.9065121765029116,166.92218127113443,7.994599014019486,0.16526408375088183,0.24188758668691926,134,18.5,20.0,284,19.976025844578324,18.6108393607787,1.2108801559112231e-05,7.8240854688877794,0.0,2.958333333333334,3.925373134328358,2.7992957746478875,0.0,1.0,30,30,delay,A
auc_comm,21,20,1.0,0,,True,0.5,1,0.0,1.0,8.53937741216132,0.9146062258783868,167.62102907870704,8.76301932390351,0.1805107136342868,0.29151090603320123,152,20.0,20.0,300,19.75125437578717,18.031977469270387,1.3940665715684493e-05,7.823233043209248,0.0,2.5032894736842106,3.151315789473684,2.3333333333333335,0.0,1.0,30,30,delay,A
auc_comm,22,20,1.0,0,,True,0.5,1,0.0,1.0,7.789374369804547,0.9221062563019545,172.18312421223234,6.170644224317078,0.21551718052048172,0.3269792017303749,147,19.900000000000002,20.0,300,19.67319965812671,17.62119553581973,1.4837332613145311e-05,7.775964383245361,0.0,2.510204081632653,3.5238095238095237,2.9633333333333334,0.0,1.0,30,30,delay,A
auc_comm,23,20,1.0,0,,True,0.5,1,0.0,1.0,10.612618763445225,0.8938738123655477,160.71251337638657,7.462860809017316,0.16281188523102327,0.23710255592203414,135,19.1,20.0,289,19.935989409331338,18.594012988585728,1.4646021306037799e-05,7.85608640865392,0.0,3.2364197530864196,4.037037037037037,2.3079584775086506,0.0,1.0,30,30,delay,A
auc_comm,24,20,1.0,0,,True,0.5,1,0.0,1.0,11.807320633583752,0.8819267936641625,168.50528709974327,9.519637725904401,0.21293439825518662,0.32118841065995735,157,20.900000000000002,20.0,310,19.364553580987067,17.671891353454924,1.3611933419240578e-05,7.898278405053789,0.0,6.085987261146497,6.643312101910828,3.0064516129032257,0.0,1.0,30,30,delay,A
auc_comm,25,20,1.0,0,,True,0.5,1,0.0,1.0,6.976155249017413,0.9302384475098259,172.08270618310272,8.414469614511946,0.18766706651178208,0.3118310257815427,172,22.8,20.0,329,19.229957560544847,17.27485265655393,1.2661398163399345e-05,7.768177981466347,0.0,2.2761627906976742,2.86046511627907,2.3191489361702127,0.0,1.0,30,30,delay,A
auc_comm,26,20,1.0,0,,True,0.5,1,0.0,1.0,9.479629500716058,0.9052037049928394,171.59593553345937,7.343726877258726,0.24611998357702225,0.3452629974144419,155,20.1,20.0,303,19.116136864443522,16.479997571705493,1.2709899796265186e-05,7.837822358662884,0.0,3.076344086021505,3.6580645161290324,2.6666666666666665,0.0,1.0,30,30,delay,A
auc_comm,27,20,1.0,0,,True,0.5,1,0.0,1.0,9.676416582346059,0.9032358341765394,165.69344697327017,9.125358974590084,0.142010879335438,0.22785576519064044,156,20.700000000000003,20.0,307,19.791114172973234,18.807504677895146,1.1633225361716476e-05,7.875583408293105,0.0,3.0202991452991452,3.5,2.416938110749186,0.0,1.0,30,30,delay,A
auc_comm,28,20,1.0,0,,True,0.5,1,0.0,1.0,8.781872999163909,0.9121812700083609,175.66657243873877,9.403833884654052,0.23108228102647188,0.29613849022282757,136,19.8,20.0,294,19.827302712032655,18.39993546279495,1.406394634997713e-05,7.8267736155486345,0.0,2.633578431372549,3.3308823529411766,2.5918367346938775,0.0,1.0,30,30,delay,A
auc_comm,29,20,1.0,0,,True,0.5,1,0.0,1.0,9.538848459353622,0.9046115154064638,170.47575006002074,8.876066606895801,0.19832089050377918,0.2775630055458289,161,21.5,20.0,317,19.53356556676377,17.88971301412252,1.1793692149691965e-05,7.858743639762797,0.0,5.298136645962733,6.3229813664596275,2.637223974763407,0.0,1.0,30,30,delay,A
auc_comm,30,20,1.0,0,,True,0.5,1,0.0,1.0,7.765458827880223,0.9223454117211978,182.70197081906318,10.0,0.2165624690331604,0.2906543856805542,163,21.1,20.0,313,19.787003890613555,18.287545194856495,1.2601916745197944e-05,7.780525984949885,0.0,2.723926380368098,3.3006134969325154,2.5750798722044728,0.0,1.0,30,30,delay,A
auc_comm,1,20,1.0,0,,True,0.5,2,0.0,1.0,9.586835124858107,0.9041316487514189,178.8126513026955,8.187135740056435,0.19114511122864908,0.2509927449404233,136,19.700000000000003,20.0,289,20.05115646805317,18.757285842072417,1.2566090584007514e-05,7.814008466099244,0.0,3.4742647058823533,4.5588235294117645,2.453287197231834,0.0,1.0,30,30,delay,A
auc_comm,2,20,1.0,0,,True,0.5,2,0.0,1.0,9.806921686406389,0.9019307831359361,170.65268291208366,6.929193358741448,0.2359988706060216,0.35931054441856564,158,20.6,20.0,307,19.432592071237753,17.652135327831505,1.6551792427460613e-05,7.7946111393553155,0.0,4.233122362869198,4.60126582278481,4.280130293159609,0.0,1.0,30,30,delay,A
auc_comm,3,20,1.0,0,,True,0.5,2,0.0,1.0,9.496822679256434,0.9050317732074357,169.30154488989996,10.0,0.13910575717979795,0.21726879507630345,165,21.700000000000003,20.0,318,19.625831812434882,18.635617891493656,1.2854403199674854e-05,7.866286592740914,0.0,2.902020202020202,3.6606060606060606,2.0440251572327046,0.0,1.0,30,30,delay,A
auc_comm,4,20,1.0,0,,True,0.5,2,0.0,1.0,8.962895759431333,0.9103710424056867,172.009138690258,6.995565928060085,0.3005810436907588,0.4446267794322749,181,22.3,20.0,336,18.420467869928377,15.248662097428328,1.2210417480673641e-05,7.737924218803046,0.0,3.1721915285451194,3.5801104972375692,3.5535714285714284,0.0,1.0,30,30,delay,A
auc_comm,5,20,1.0,0,,True,0.5,2,0.0,1.0,9.409350000891692,0.9059064999910831,164.0300766100102,9.927322461848517,0.14417404334055228,0.2437925070529019,153,20.3,20.0,304,19.461639060266222,18.287310054993227,1.1385528954346419e-05,7.841818266885154,0.0,2.5599128540305007,3.084967320261438,1.9671052631578947,0.0,1.0,30,30,delay,A
auc_comm,6,20,1.0,0,,True,0.5,2,0.0,1.0,8.89786032231228,0.9110213967768772,170.53703979065966,7.764655872606423,0.20054132690645388,0.32157787220166467,150,20.200000000000003,20.0,303,19.633515723931744,17.685194044772203,1.1060394772417573e-05,7.788389277223786,0.0,2.451111111111111,3.2266666666666666,2.963696369636964,0.0,1.0,30,30,delay,A
auc_comm,7,20,1.0,0,,True,0.5,2,0.0,1.0,9.774455757741606,0.9022554424225839,181.96067031714844,8.958026754820025,0.23296357649665045,0.2837511048247989,145,20.6,20.0,307,20.05287748368762,18.866283021218724,1.0408469436368647e-05,7.7784049136967575,0.0,3.1011494252873564,3.7448275862068967,2.7003257328990227,0.0,1.0,30,30,delay,A
auc_comm,8,20,1.0,0,,True,0.5,2,0.0,1.0,10.418728007037792,0.8958127199296221,180.14116798893815,8.26384030722736,0.20312550423391268,0.2628521208392882,141,20.6,20.0,298,20.146145776637187,18.943014507196462,1.2001007070277361e-05,7.811990881660625,0.0,3.882978723404255,5.120567375886525,3.6476510067114094,0.0,1.0,30,30,delay,A
auc_comm,9,20,1.0,0,,True,0.5,2,0.0,1.0,7.649054868259652,0.9235094513174035,171.66468258466148,6.993607560899634,0.2100828787330719,0.3199556871221989,157,20.6,20.0,309,19.223963997250433,16.831530104599803,9.60809257014091e-06,7.796774442486219,0.0,2.357749469214437,3.3184713375796178,2.407766990291262,0.0,1.0,30,30,delay,A
auc_comm,10,20,1.0,0,,True,0.5,2,0.0,1.0,7.709927490223423,0.9229007250977658,172.5480300009993,7.964619676464885,0.2272072334111689,0.32080300908792736,152,19.900000000000002,20.0,301,19.61572453492759,17.9853021473882,1.1622922555342366e-05,7.80096138083475,0.0,1.944078947368421,2.4210526315789473,3.2757475083056478,0.0,1.0,30,30,delay,A
auc_comm,11,20,1.0,0,,True,0.5,2,0.0,1.0,9.044965941111771,0.9095503405888823,171.18711391844644,8.947602865002391,0.18429340427172747,0.2744164252704715,155,21.400000000000002,20.0,311,19.372387637417056,17.395799752535577,1.5011899116362215e-05,7.826072461526874,0.0,3.0951612903225807,4.012903225806451,2.395498392282958,0.0,1.0,30,30,delay,A
auc_comm,12,20,1.0,0,,True,0.5,2,0.0,1.0,11.221058599993029,0.8877894140000697,167.4550674212678,8.2657390885073,0.1903283092213809,0.2573064639399551,151,21.1,20.0,304,19.870229869809997,18.47672072784763,1.2909868306259772e-05,7.8406846081814265,0.0,4.321192052980132,4.490066225165563,2.0427631578947367,0.0,1.0,30,30,delay,A
auc_comm,13,20,1.0,0,,True,0.5,2,0.0,1.0,7.33603383880671,0.9266396616119329,170.79708477982234,8.111400016175148,0.19266711586664795,0.32648650124193707,158,22.1,20.0,322,19.048237080419227,17.1418462750934,1.2901862895243471e-05,7.720153640281912,0.0,2.6951476793248945,3.607594936708861,2.1335403726708075,0.0,1.0,30,30,delay,A
auc_comm,14,20,1.0,0,,True,0.5,2,0.0,1.0,11.17221973653617,0.8882778026346383,163.10257691573253,7.8862850919269185,0.1752053877060245,0.23618855761379132,145,19.700000000000003,20.0,295,19.88219147628682,18.769515100739284,1.294305331026346e-05,7.814164319893776,0.0,2.947701149425287,3.8551724137931034,2.0271186440677966,0.0,1.0,30,30,delay,A
auc_comm,15,20,1.0,0,,True,0.5,2,0.0,1.0,10.445273124986032,0.8955472687501397,168.25837915316075,9.22945181654962,0.19343378995488575,0.28420823820487867,142,20.0,20.0,300,20.05066723472193,18.53058931038907,1.3943333954860766e-05,7.896129201333548,0.0,4.204225352112676,5.26056338028169,2.24,0.0,1.0,30,30,delay,A
auc_comm,16,20,1.0,0,,True,0.5,2,0.0,1.0,8.676620069184937,0.9132337993081506,180.03943898252797,8.777615557003715,0.2538531684309168,0.3106872219752027,146,19.200000000000003,20.0,292,19.92464543991254,18.542637578754288,1.2999999517102867e-05,7.836489536799627,0.0,2.8801369863013697,3.4863013698630136,2.780821917808219,0.0,1.0,30,30,delay,A
auc_comm,17,20,1.0,0,,True,0.5,2,0.0,1.0,8.863704958783348,0.9113629504121665,176.8688291718449,8.259280909501483,0.21363179804534796,0.27573964945761137,145,19.3,20.0,295,20.04414285233264,19.0068982921785,1.3212542546818317e-05,7.820033742972065,0.0,3.6551724137931036,4.63448275862069,2.7491525423728813,0.0,1.0,30,30,delay,A
auc_comm,18,20,1.0,0,,True,0.5,2,0.0,1.0,9.875568973257353,0.9012443102674265,178.58030070844342,8.50582662804326,0.20768279042449658,0.2878603679416992,149,19.400000000000002,20.0,294,19.705254964688297,18.0281874355016,1.4023131296532799e-05,7.851522414787117,0.0,5.225391498881432,6.429530201342282,2.380952380952381,0.0,1.0,30,30,delay,A
auc_comm,19,20,1.0,0,,True,0.5,2,0.0,1.0,6.268449665343201,0.937315503346568,182.1775514528693,10.0,0.24628068762728986,0.32882843021345454,163,20.900000000000002,20.0,311,19.678243618324053,17.595997503779085,1.4114791042264252e-05,7.787657539735048,0.0,2.602249488752556,3.2883435582822087,2.620578778135048,0.0,1.0,30,30,delay,A
auc_comm,20,20,1.0,0,,True,0.5,2,0.0,1.0,9.34878234970884,0.9065121765029116,166.92218127113443,7.994599014019486,0.16526408375088183,0.24188758668691926,134,18.5,20.0,284,19.976025844578324,18.6108393607787,1.5063732116430683e-05,7.8240854688877794,0.0,2.958333333333334,3.925373134328358,3.2077464788732395,0.0,1.0,30,30,delay,A
auc_comm,21,20,1.0,0,,True,0.5,2,0.0,1.0,8.53937741216132,0.9146062258783868,167.62102907870704,8.76301932390351,0.1805107136342868,0.29151090603320123,152,20.0,20.0,300,19.75125437578717,18.031977469270387,1.2217668311980863e-05,7.823233043209248,0.0,2.5032894736842106,3.151315789473684,2.48,0.0,1.0,30,30,delay,A
auc_comm,22,20,1.0,0,,True,0.5,2,0.0,1.0,7.789374369804547,0.9221062563019545,172.18312421223234,6.170644224317078,0.21551718052048172,0.3269792017303749,147,19.900000000000002,20.0,300,19.67319965812671,17.62119553581973,1.583733227259169e-05,7.775964383245361,0.0,2.510204081632653,3.5238095238095237,3.4766666666666666,0.0,1.0,30,30,delay,A
auc_comm,23,20,1.0,0,,True,0.5,2,0.0,1.0,10.612618763445225,0.8938738123655477,160.71251337638657,7.462860809017316,0.16281188523102327,0.23710255592203414,135,19.1,20.0,289,19.935989409331338,18.594012988585728,1.5178892099230863e-05,7.85608640865392,0.0,3.2364197530864196,4.037037037037037,2.463667820069204,0.0,1.0,30,30,delay,A
auc_comm,24,20,1.0,0,,True,0.5,2,0.0,1.0,11.807320633583752,0.8819267936641625,168.50528709974327,9.519637725904401,0.21293439825518662,0.32118841065995735,157,20.900000000000002,20.0,310,19.364553580987067,17.671891353454924,1.3828712830980939e-05,7.898278405053789,0.0,6.085987261146497,6.643312101910828,3.3806451612903228,0.0,1.0,30,30,delay,A
auc_comm,25,20,1.0,0,,True,0.5,2,0.0,1.0,6.976155249017413,0.9302384475098259,172.08270618310272,8.414469614511946,0.18766706651178208,0.3118310257815427,172,22.8,20.0,329,19.229957560544847,17.27485265655393,1.3109726660055502e-05,7.768177981466347,0.0,2.2761627906976742,2.86046511627907,2.5410334346504557,0.0,1.0,30,30,delay,A
auc_comm,26,20,1.0,0,,True,0.5,2,0.0,1.0,9.479629500716058,0.9052037049928394,171.59593553345937,7.343726877258726,0.24611998357702225,0.3452629974144419,155,20.1,20.0,303,19.116136864443522,16.479997571705493,1.3376567889275429e-05,7.837822358662884,0.0,3.076344086021505,3.6580645161290324,2.9735973597359737,0.0,1.0,30,30,delay,A
auc_comm,27,20,1.0,0,,True,0.5,2,0.0,1.0,9.676416582346059,0.9032358341765394,165.69344697327017,9.125358974590084,0.142010879335438,0.22785576519064044,156,20.700000000000003,20.0,307,19.791114172973234,18.807504677895146,1.2360259902690832e-05,7.875583408293105,0.0,3.0202991452991452,3.5,2.6449511400651464,0.0,1.0,30,30,delay,A
auc_comm,28,20,1.0,0,,True,0.5,2,0.0,1.0,8.781872999163909,0.9121812700083609,175.66657243873877,9.403833884654052,0.23108228102647188,0.29613849022282757,136,19.8,20.0,294,19.827302712032655,18.39993546279495,1.4172786954460907e-05,7.8267736155486345,0.0,2.633578431372549,3.3308823529411766,2.931972789115646,0.0,1.0,30,30,delay,A
auc_comm,29,20,1.0,0,,True,0.5,2,0.0,1.0,9.538848459353622,0.9046115154064638,170.47575006002074,8.876066606895801,0.19832089050377918,0.2775630055458289,161,21.5,20.0,317,19.53356556676377,17.88971301412252,1.3320191362314513e-05,7.858743639762797,0.0,5.298136645962733,6.3229813664596275,2.9779179810725553,0.0,1.0,30,30,delay,A
auc_comm,30,20,1.0,0,,True,0.5,2,0.0,1.0,7.765458827880223,0.9223454117211978,182.70197081906318,10.0,0.2165624690331604,0.2906543856805542,163,21.1,20.0,313,19.787003890613555,18.287545194856495,1.3287223432177362e-05,7.780525984949885,0.0,2.723926380368098,3.3006134969325154,2.9680511182108624,0.0,1.0,30,30,delay,A
auc_comm,1,20,1.0,0,,True,0.5,4,0.0,1.0,9.586835124858107,0.9041316487514189,178.8126513026955,8.187135740056435,0.19114511122864908,0.2509927449404233,136,19.700000000000003,20.0,289,20.05115646805317,18.757285842072417,1.3709687635908387e-05,7.814008466099244,0.0,3.4742647058823533,4.5588235294117645,2.7854671280276815,0.0,1.0,30,30,delay,A
auc_comm,2,20,1.0,0,,True,0.5,4,0.0,1.0,9.806921686406389,0.9019307831359361,170.65268291208366,6.929193358741448,0.2359988706060216,0.35931054441856564,158,20.6,20.0,307,19.432592071237753,17.652135327831505,1.4717589968251191e-05,7.7946111393553155,0.0,4.233122362869198,4.60126582278481,5.928338762214984,0.0,1.0,30,30,delay,A
auc_comm,3,20,1.0,0,,True,0.5,4,0.0,1.0,9.496822679256434,0.9050317732074357,169.30154488989996,10.0,0.13910575717979795,0.21726879507630345,165,21.700000000000003,20.0,318,19.625831812434882,18.635617891493656,1.3550628509677057e-05,7.866286592740914,0.0,2.902020202020202,3.6606060606060606,2.088050314465409,0.0,1.0,30,30,delay,A
auc_comm,4,20,1.0,0,,True,0.5,4,0.0,1.0,8.95668472010941,0.9104331527989059,171.9959350889595,6.995565928060085,0.3007067718339417,0.4447777273989579,181,22.3,20.0,336,18.420300731194175,15.247678868655633,1.4991668043270087e-05,7.737214240527097,0.0,3.1721915285451194,3.5801104972375692,4.505952380952381,0.03273809523809524,1.0,30,30,delay,A
auc_comm,5,20,1.0,0,,True,0.5,4,0.0,1.0,9.409350000891692,0.9059064999910831,164.0300766100102,9.927322461848517,0.14417404334055228,0.2437925070529019,153,20.3,20.0,304,19.461639060266222,18.287310054993227,1.1644409632457322e-05,7.841818266885154,0.0,2.5599128540305007,3.084967320261438,1.9671052631578947,0.0,1.0,30,30,delay,A
auc_comm,6,20,1.0,0,,True,0.5,4,0.0,1.0,8.89786032231228,0.9110213967768772,170.53703979065966,7.764655872606423,0.20054132690645388,0.32157787220166467,150,20.200000000000003,20.0,303,19.633515723931744,17.685194044772203,1.105742541329302e-05,7.788389277223786,0.0,2.451111111111111,3.2266666666666666,3.557755775577558,0.0,1.0,30,30,delay,A
auc_comm,7,20,1.0,0,,True,0.5,4,0.0,1.0,9.774455757741606,0.9022554424225839,181.96067031714844,8.958026754820025,0.23296357649665045,0.2837511048247989,145,20.6,20.0,307,20.05287748368762,18.866283021218724,1.1748533221174044e-05,7.7784049136967575,0.0,3.1011494252873564,3.7448275862068967,3.195439739413681,0.0,1.0,30,30,delay,A
auc_comm,8,20,1.0,0,,True,0.5,4,0.0,1.0,10.418728007037792,0.8958127199296221,180.14116798893815,8.26384030722736,0.20312550423391268,0.2628521208392882,141,20.6,20.0,298,20.146145776637187,18.943014507196462,1.1936240109158742e-05,7.811990881660625,0.0,3.882978723404255,5.120567375886525,4.802013422818792,0.0,1.0,30,30,delay,A
auc_comm,9,20,1.0,0,,True,0.5,4,0.0,1.0,7.649054868259652,0.9235094513174035,171.66468258466148,6.993607560899634,0.2100828787330719,0.3199556871221989,157,20.6,20.0,309,19.223963997250433,16.831530104599803,1.3234303822638437e-05,7.796774442486219,0.0,2.357749469214437,3.3184713375796178,2.7119741100323624,0.0,1.0,30,30,delay,A
auc_comm,10,20,1.0,0,,True,0.5,4,0.0,1.0,7.709927490223423,0.9229007250977658,172.5480300009993,7.964619676464885,0.2272072334111689,0.32080300908792736,152,19.900000000000002,20.0,301,19.61572453492759,17.9853021473882,1.1756806943776006e-05,7.80096138083475,0.0,1.944078947368421,2.4210526315789473,4.212624584717608,0.0,1.0,30,30,delay,A
auc_comm,11,20,1.0,0,,True,0.5,4,0.0,1.0,9.044965941111771,0.9095503405888823,171.18711391844644,8.947602865002391,0.18429340427172747,0.2744164252704715,155,21.400000000000002,20.0,311,19.372387637417056,17.395799752535577,1.0966880500041117e-05,7.826072461526874,0.0,3.0951612903225807,4.012903225806451,2.6784565916398715,0.0,1.0,30,30,delay,A
auc_comm,12,20,1.0,0,,True,0.5,4,0.0,1.0,11.221058599993029,0.8877894140000697,167.4550674212678,8.2657390885073,0.1903283092213809,0.2573064639399551,151,21.1,20.0,304,19.870229869809997,18.47672072784763,1.0905921762490547e-05,7.8406846081814265,0.0,4.321192052980132,4.490066225165563,2.088815789473684,0.0,1.0,30,30,delay,A
auc_comm,13,20,1.0,0,,True,0.5,4,0.0,1.0,7.33603383880671,0.9266396616119329,170.79708477982234,8.111400016175148,0.19266711586664795,0.32648650124193707,158,22.1,20.0,322,19.048237080419227,17.1418462750934,1.0170496606863803e-05,7.720153640281912,0.0,2.6951476793248945,3.607594936708861,2.3447204968944098,0.0,1.0,30,30,delay,A
auc_comm,14,20,1.0,0,,True,0.5,4,0.0,1.0,11.17221973653617,0.8882778026346383,163.10257691573253,7.8862850919269185,0.1752053877060245,0.23618855761379132,145,19.700000000000003,20.0,295,19.88219147628682,18.769515100739284,9.807119327518394e-06,7.814164319893776,0.0,2.947701149425287,3.8551724137931034,2.0610169491525423,0.0,1.0,30,30,delay,A
auc_comm,15,20,1.0,0,,True,0.5,4,0.0,1.0,10.445273124986032,0.8955472687501397,168.25837915316075,9.22945181654962,0.19343378995488575,0.28420823820487867,142,20.0,20.0,300,20.05066723472193,18.53058931038907,1.0504000044117372e-05,7.896129201333548,0.0,4.204225352112676,5.26056338028169,2.4,0.0,1.0,30,30,delay,A
auc_comm,16,20,1.0,0,,True,0.5,4,0.0,1.0,8.676620069184937,0.9132337993081506,180.03943898252797,8.777615557003715,0.2538531684309168,0.3106872219752027,146,19.200000000000003,20.0,292,19.92464543991254,18.542637578754288,1.1584589342357055e-05,7.836489536799627,0.0,2.8801369863013697,3.4863013698630136,3.267123287671233,0.0,1.0,30,30,delay,A
auc_comm,17,20,1.0,0,,True,0.5,4,0.0,1.0,8.863704958783348,0.9113629504121665,176.8688291718449,8.259280909501483,0.21363179804534796,0.27573964945761137,145,19.3,20.0,295,20.04414285233264,19.0068982921785,1.3087796820801193e-05,7.820033742972065,0.0,3.6551724137931036,4.63448275862069,3.298305084745763,0.0,1.0,30,30,delay,A
auc_comm,18,20,1.0,0,,True,0.5,4,0.0,1.0,9.875568973257353,0.9012443102674265,178.58030070844342,8.50582662804326,0.20768279042449658,0.2878603679416992,149,19.400000000000002,20.0,294,19.705254964688297,18.0281874355016,1.170510207587967e-05,7.851522414787117,0.0,5.225391498881432,6.429530201342282,2.619047619047619,0.0,1.0,30,30,delay,A
auc_comm,19,20,1.0,0,,True,0.5,4,0.0,1.0,6.268449665343201,0.937315503346568,182.1775514528693,10.0,0.24628068762728986,0.32882843021345454,163,20.900000000000002,20.0,311,19.678243618324053,17.595997503779085,1.2207716603095604e-05,7.787657539735048,0.0,2.602249488752556,3.2883435582822087,3.1414790996784565,0.0,1.0,30,30,delay,A
auc_comm,20,20,1.0,0,,True,0.5,4,0.0,1.0,9.34878234970884,0.9065121765029116,166.92218127113443,7.994599014019486,0.16526408375088183,0.24188758668691926,134,18.5,20.0,284,19.976025844578324,18.6108393607787,1.152605453709429e-05,7.8240854688877794,0.0,2.958333333333334,3.925373134328358,4.024647887323944,0.0,1.0,30,30,delay,A
auc_comm,21,20,1.0,0,,True,0.5,4,0.0,1.0,8.53937741216132,0.9146062258783868,167.62102907870704,8.76301932390351,0.1805107136342868,0.29151090603320123,152,20.0,20.0,300,19.75125437578717,18.031977469270387,9.434335127783319e-06,7.823233043209248,0.0,2.5032894736842106,3.151315789473684,2.7733333333333334,0.0,1.0,30,30,delay,A
auc_comm,22,20,1.0,0,,True,0.5,4,0.0,1.0,7.789374369804547,0.9221062563019545,172.18312421223234,6.170644224317078,0.21551718052048172,0.3269792017303749,147,19.900000000000002,20.0,300,19.67319965812671,17.62119553581973,1.3402666857776542e-05,7.775964383245361,0.0,2.510204081632653,3.5238095238095237,4.503333333333333,0.0,1.0,30,30,delay,A
auc_comm,23,20,1.0,0,,True,0.5,4,0.0,1.0,10.612618763445225,0.8938738123655477,160.71251337638657,7.462860809017316,0.16281188523102327,0.23710255592203414,135,19.1,20.0,289,19.935989409331338,18.594012988585728,1.2416955507376512e-05,7.85608640865392,0.0,3.2364197530864196,4.037037037037037,2.7750865051903113,0.0,1.0,30,30,delay,A
auc_comm,24,20,1.0,0,,True,0.5,4,0.0,1.0,11.807320633583752,0.8819267936641625,168.50528709974327,9.519637725904401,0.21293439825518662,0.32118841065995735,157,20.900000000000002,20.0,310,19.364553580987067,17.671891353454924,1.439774266233848e-05,7.898278405053789,0.0,6.085987261146497,6.643312101910828,4.129032258064516,0.0,1.0,30,30,delay,A
auc_comm,25,20,1.0,0,,True,0.5,4,0.0,1.0,6.976155249017413,0.9302384475098259,172.08270618310272,8.414469614511946,0.18766706651178208,0.3118310257815427,172,22.8,20.0,329,19.229957560544847,17.27485265655393,1.3779029660606275e-05,7.768177981466347,0.0,2.2761627906976742,2.86046511627907,2.9848024316109423,0.0,1.0,30,30,delay,A
auc_comm,26,20,1.0,0,,True,0.5,4,0.0,1.0,9.479629500716058,0.9052037049928394,171.59593553345937,7.343726877258726,0.24611998357702225,0.3452629974144419,155,20.1,20.0,303,19.116136864443522,16.479997571705493,1.2545545567011478e-05,7.837822358662884,0.0,3.076344086021505,3.6580645161290324,3.5874587458745872,0.0,1.0,30,30,delay,A
auc_comm,27,20,1.0,0,,True,0.5,4,0.0,1.0,9.676416582346059,0.9032358341765394,165.69344697327017,9.125358974590084,0.142010879335438,0.22785576519064044,156,20.700000000000003,20.0,307,19.791114172973234,18.807504677895146,1.0898046677853268e-05,7.875583408293105,0.0,3.0202991452991452,3.5,3.1009771986970684,0.0,1.0,30,30,delay,A
auc_comm,28,20,1.0,0,,True,0.5,4,0.0,1.0,8.781872999163909,0.9121812700083609,175.66657243873877,9.403833884654052,0.23108228102647188,0.29613849022282757,136,19.8,20.0,294,19.827302712032655,18.39993546279495,1.2140139006078243e-05,7.8267736155486345,0.0,2.633578431372549,3.3308823529411766,3.6122448979591835,0.0,1.0,30,30,delay,A
auc_comm,29,20,1.0,0,,True,0.5,4,0.0,1.0,9.538848459353622,0.9046115154064638,170.47575006002074,8.876066606895801,0.19832089050377918,0.2775630055458289,161,21.5,20.0,317,19.53356556676377,17.88971301412252,1.1529337742574489e-05,7.858743639762797,0.0,5.298136645962733,6.3229813664596275,3.6593059936908516,0.0,1.0,30,30,delay,A
auc_comm,30,20,1.0,0,,True,0.5,4,0.0,1.0,7.765458827880223,0.9223454117211978,182.70197081906318,10.0,0.2165624690331604,0.2906543856805542,163,21.1,20.0,313,19.787003890613555,18.287545194856495,1.2508303019256828e-05,7.780525984949885,0.0,2.723926380368098,3.3006134969325154,3.753993610223642,0.0,1.0,30,30,delay,A
auc_comm,1,20,1.0,0,,True,0.5,8,0.0,1.0,9.586835124858107,0.9041316487514189,178.8126513026955,8.187135740056435,0.19114511122864908,0.2509927449404233,136,19.700000000000003,20.0,289,20.05115646805317,18.757285842072417,1.3754670073159013e-05,7.814008466099244,0.0,3.4742647058823533,4.5588235294117645,3.449826989619377,0.0,1.0,30,30,delay,A
auc_comm,2,20,1.0,0,,True,0.5,8,0.0,1.0,9.806921686406389,0.9019307831359361,170.65268291208366,6.929193358741448,0.2359988706060216,0.35931054441856564,158,20.6,20.0,307,19.432592071237753,17.652135327831505,1.6990229593595968e-05,7.7946111393553155,0.0,4.233122362869198,4.60126582278481,9.224755700325733,0.0,1.0,30,30,delay,A
auc_comm,3,20,1.0,0,,True,0.5,8,0.0,1.0,9.496822679256434,0.9050317732074357,169.30154488989996,10.0,0.13910575717979795,0.21726879507630345,165,21.700000000000003,20.0,318,19.625831812434882,18.635617891493656,1.4491196584143916e-05,7.866286592740914,0.0,2.902020202020202,3.6606060606060606,2.1761006289308176,0.0,1.0,30,30,delay,A
auc_comm,4,20,1.0,0,,True,0.5,8,0.0,1.0,8.887971175968069,0.9111202882403193,171.83002929544242,6.995565928060085,0.3005134129072093,0.4445678812390522,182,22.400000000000002,20.0,337,18.400267067887178,15.22510979727069,1.771483678807358e-05,7.738574722680761,0.0,3.16025641025641,3.5604395604395602,5.299703264094956,0.04154302670623145,1.0,30,30,delay,A
auc_comm,5,20,1.0,0,,True,0.5,8,0.0,1.0,9.409350000891692,0.9059064999910831,164.0300766100102,9.927322461848517,0.14417404334055228,0.2437925070529019,153,20.3,20.0,304,19.461639060266222,18.287310054993227,1.256874824512603e-05,7.841818266885154,0.0,2.5599128540305007,3.084967320261438,1.9671052631578947,0.0,1.0,30,30,delay,A
auc_comm,6,20,1.0,0,,True,0.5,8,0.0,1.0,8.897325212112339,0.9110267478788766,170.53205209933915,7.764655872606423,0.200120312447207,0.321352581923325,150,20.200000000000003,20.0,303,19.63338692582647,17.68731924908158,1.2586138590789176e-05,7.788432230757478,0.0,2.461111111111111,3.2533333333333334,4.752475247524752,0.006600660066006601,1.0,30,30,delay,A
auc_comm,7,20,1.0,0,,True,0.5,8,0.0,1.0,9.712702624662073,0.9028729737533793,182.47735231060136,8.805791927067794,0.23216176514419198,0.28221001172665916,145,20.6,20.0,307,20.05287748368762,18.866283021218724,1.1397720768089111e-05,7.778013169397216,0.0,3.085057471264368,3.606896551724138,3.8599348534201954,0.016286644951140065,1.0,30,30,delay,A
auc_comm,8,20,1.0,0,,True,0.5,8,0.0,1.0,10.330805974128365,0.8966919402587163,182.59553597582791,8.449912932731321,0.21181049573827182,0.2711792772015866,140,20.6,20.0,298,20.145114254391725,18.938704688713813,1.2090604677296325e-05,7.808325165403095,0.0,3.875,5.121428571428571,6.493288590604027,0.0436241610738255,1.0,30,30,delay,A
auc_comm,9,20,1.0,0,,True,0.5,8,0.0,1.0,7.6454794337494025,0.923545205662506,171.67104488078135,6.993607560899634,0.21008287873307183,0.32016328972461366,157,20.6,20.0,309,19.224317870600416,16.8312873861532,1.269288027273268e-05,7.7968532287318615,0.0,2.357749469214437,3.3184713375796178,2.8802588996763756,0.006472491909385114,1.0,30,30,delay,A
auc_comm,10,20,1.0,0,,True,0.5,8,0.0,1.0,7.707031703170397,0.922929682968296,172.5018483507813,7.944884691978458,0.228286127544682,0.32179988196337517,152,19.900000000000002,20.0,301,19.6234904878222,17.990980539347998,1.6378073649870793e-05,7.799954301041046,0.0,1.944078947368421,2.4210526315789473,5.614617940199335,0.016611295681063124,1.0,30,30,delay,A
auc_comm,11,20,1.0,0,,True,0.5,8,0.0,1.0,9.044965941111771,0.9095503405888823,171.18711391844644,8.947602865002391,0.18429340427172747,0.2744164252704715,155,21.400000000000002,20.0,311,19.372387637417056,17.395799752535577,1.4177491548516071e-05,7.826072461526874,0.0,3.0951612903225807,4.012903225806451,3.2443729903536975,0.0,1.0,30,30,delay,A
auc_comm,12,20,1.0,0,,True,0.5,8,0.0,1.0,11.221058599993029,0.8877894140000697,167.4550674212678,8.2657390885073,0.1903283092213809,0.2573064639399551,151,21.1,20.0,304,19.870229869809997,18.47672072784763,1.275131657358112e-05,7.8406846081814265,0.0,4.321192052980132,4.490066225165563,2.1809210526315788,0.0,1.0,30,30,delay,A
auc_comm,13,20,1.0,0,,True,0.5,8,0.0,1.0,7.33603383880671,0.9266396616119329,170.79708477982234,8.111400016175148,0.19266711586664795,0.32648650124193707,158,22.1,20.0,322,19.048237080419227,17.1418462750934,1.338726670267234e-05,7.720153640281912,0.0,2.6951476793248945,3.607594936708861,2.767080745341615,0.0,1.0,30,30,delay,A
auc_comm,14,20,1.0,0,,True,0.5,8,0.0,1.0,11.17221973653617,0.8882778026346383,163.10257691573253,7.8862850919269185,0.1752053877060245,0.23618855761379132,145,19.700000000000003,20.0,295,19.88219147628682,18.769515100739284,1.1452202590466556e-05,7.814164319893776,0.0,2.947701149425287,3.8551724137931034,2.128813559322034,0.0,1.0,30,30,delay,A
auc_comm,15,20,1.0,0,,True,0.5,8,0.0,1.0,10.445273124986032,0.8955472687501397,168.25837915316075,9.22945181654962,0.19343378995488575,0.28420823820487867,142,20.0,20.0,300,20.05066723472193,18.53058931038907,1.2332666471290092e-05,7.896129201333548,0.0,4.204225352112676,5.26056338028169,2.72,0.0,1.0,30,30,delay,A
auc_comm,16,20,1.0,0,,True,0.5,8,0.0,1.0,8.676620069184937,0.9132337993081506,180.03943898252797,8.777615557003715,0.2538531684309168,0.3106872219752027,146,19.200000000000003,20.0,292,19.92464543991254,18.542637578754288,1.3028424191735175e-05,7.836489536799627,0.0,2.8801369863013697,3.4863013698630136,4.239726027397261,0.0,1.0,30,30,delay,A
auc_comm,17,20,1.0,0,,True,0.5,8,0.0,1.0,8.863704958783348,0.9113629504121665,176.8688291718449,8.259280909501483,0.21363179804534796,0.27573964945761137,145,19.3,20.0,295,20.04414285233264,19.0068982921785,1.2963729855304553e-05,7.820033742972065,0.0,3.6551724137931036,4.63448275862069,4.396610169491526,0.0,1.0,30,30,delay,A
auc_comm,18,20,1.0,0,,True,0.5,8,0.0,1.0,9.866033536263286,0.9013396646373671,178.70247171215635,8.50466946299219,0.208203355721937,0.28823944791367284,149,19.400000000000002,20.0,294,19.710944090854227,18.031337374521218,1.4517345025400523e-05,7.851367595969632,0.0,5.214765100671141,6.429530201342282,3.380952380952381,0.013605442176870748,1.0,30,30,delay,A
auc_comm,19,20,1.0,0,,True,0.5,8,0.0,1.0,6.268449665343201,0.937315503346568,182.1775514528693,10.0,0.24628068762728986,0.32882843021345454,163,20.900000000000002,20.0,311,19.678243618324053,17.595997503779085,1.2902570461668673e-05,7.787657539735048,0.0,2.602249488752556,3.2883435582822087,4.183279742765273,0.0,1.0,30,30,delay,A
auc_comm,20,20,1.0,0,,True,0.5,8,0.0,1.0,9.350876406964703,0.906491235930353,166.89473297628697,8.050695219787311,0.16649024178902894,0.24277306256373127,134,18.5,20.0,284,19.976737445254628,18.6108393607787,1.491479100954627e-05,7.822782527099931,0.0,2.8986318407960203,3.8208955223880596,5.429577464788732,0.014084507042253521,1.0,30,30,delay,A
auc_comm,21,20,1.0,0,,True,0.5,8,0.0,1.0,8.53937741216132,0.9146062258783868,167.62102907870704,8.76301932390351,0.1805107136342868,0.29151090603320123,152,20.0,20.0,300,19.75125437578717,18.031977469270387,1.4613000287984807e-05,7.823233043209248,0.0,2.5032894736842106,3.151315789473684,3.36,0.0,1.0,30,30,delay,A
auc_comm,22,20,1.0,0,,True,0.5,8,0.0,1.0,7.789150903003628,0.9221084909699637,172.18483530911428,6.170644224317078,0.21551718052048172,0.3269792017303749,147,19.900000000000002,20.0,300,19.67319965812671,17.62119553581973,1.6354665664645533e-05,7.7759864634415345,0.0,2.5,3.503401360544218,5.526666666666666,0.03333333333333333,1.0,30,30,delay,A
auc_comm,23,20,1.0,0,,True,0.5,8,0.0,1.0,10.612618763445225,0.8938738123655477,160.71251337638657,7.462860809017316,0.16281188523102327,0.23710255592203414,135,19.1,20.0,289,19.935989409331338,18.594012988585728,1.5871628722543328e-05,7.85608640865392,0.0,3.2364197530864196,4.037037037037037,3.3633217993079585,0.006920415224913495,1.0,30,30,delay,A
auc_comm,24,20,1.0,0,,True,0.5,8,0.0,1.0,11.807320633583752,0.8819267936641625,168.50528709974327,9.519637725904401,0.21293439825518662,0.32118841065995735,157,20.900000000000002,20.0,310,19.364553580987067,17.671891353454924,1.4525484631679231e-05,7.898278405053789,0.0,6.085987261146497,6.643312101910828,5.580645161290323,0.0032258064516129032,1.0,30,30,delay,A
auc_comm,25,20,1.0,0,,True,0.5,8,0.0,1.0,6.97799430856122,0.9302200569143878,172.0708010330714,8.479461278381184,0.18766706651178208,0.3117360712424107,172,22.8,20.0,329,19.230844655175364,17.271475463571473,1.3552886528730121e-05,7.768538458860868,0.0,2.2761627906976742,2.86046511627907,3.6109422492401215,0.015197568389057751,1.0,30,30,delay,A
auc_comm,26,20,1.0,0,,True,0.5,8,0.0,1.0,9.518945599963457,0.9048105440003654,171.51473158920965,7.619781566523986,0.24879943689393227,0.3479881376153335,155,20.1,20.0,303,19.132110715009592,16.479997571705493,1.184191099881339e-05,7.837117331811317,0.0,3.0838709677419356,3.6580645161290324,4.217821782178218,0.019801980198019802,1.0,30,30,delay,A
auc_comm,27,20,1.0,0,,True,0.5,8,0.0,1.0,9.561989947238313,0.9043801005276169,165.75132642846418,8.662305944450416,0.14694368208428715,0.22983379011403837,156,20.700000000000003,20.0,307,19.83608580163555,18.81033968140553,1.1031598752176432e-05,7.871205635140155,0.0,3.0128205128205123,3.5064102564102564,3.9055374592833876,0.016286644951140065,1.0,30,30,delay,A
auc_comm,28,20,1.0,0,,True,0.5,8,0.0,1.0,8.781872999163909,0.9121812700083609,175.66657243873877,9.403833884654052,0.23108228102647188,0.29613849022282757,136,19.8,20.0,294,19.827302712032655,18.39993546279495,1.1810882818460667e-05,7.8267736155486345,0.0,2.633578431372549,3.3308823529411766,4.9727891156462585,0.0,1.0,30,30,delay,A
auc_comm,29,20,1.0,0,,True,0.5,8,0.0,1.0,9.538848459353622,0.9046115154064638,170.47575006002074,8.876066606895801,0.19832089050377918,0.2775630055458289,161,21.5,20.0,317,19.53356556676377,17.88971301412252,1.1174134397438553e-05,7.858743639762797,0.0,5.298136645962733,6.3229813664596275,5.022082018927445,0.0,1.0,30,30,delay,A
auc_comm,30,20,1.0,0,,True,0.5,8,0.0,1.0,7.765458827880223,0.9223454117211978,182.70197081906318,10.0,0.2165624690331604,0.2906543856805542,163,21.1,20.0,313,19.787003890613555,18.287545194856495,1.1646006547938139e-05,7.780525984949885,0.0,2.723926380368098,3.3006134969325154,4.616613418530352,0.051118210862619806,1.0,30,30,delay,A
auc_comm,1,20,1.0,0,,True,0.5,0,0.0,1.0,9.586835124858107,0.9041316487514189,178.8126513026955,8.187135740056435,0.19114511122864908,0.2509927449404233,136,19.700000000000003,20.0,289,20.05115646805317,18.757285842072417,1.2294118208842913e-05,7.814008466099244,0.0,3.4742647058823533,4.5588235294117645,2.121107266435986,0.0,1.0,30,30,loss,A
auc_comm,2,20,1.0,0,,True,0.5,0,0.0,1.0,9.806921686406389,0.9019307831359361,170.65268291208366,6.929193358741448,0.2359988706060216,0.35931054441856564,158,20.6,20.0,307,19.432592071237753,17.652135327831505,1.2337785867931691e-05,7.7946111393553155,0.0,4.233122362869198,4.60126582278481,2.6319218241042344,0.0,1.0,30,30,loss,A
auc_comm,3,20,1.0,0,,True,0.5,0,0.0,1.0,9.496822679256434,0.9050317732074357,169.30154488989996,10.0,0.13910575717979795,0.21726879507630345,165,21.700000000000003,20.0,318,19.625831812434882,18.635617891493656,1.1329874820983821e-05,7.866286592740914,0.0,2.902020202020202,3.6606060606060606,2.0,0.0,1.0,30,30,loss,A
auc_comm,4,20,1.0,0,,True,0.5,0,0.0,1.0,8.962895759431333,0.9103710424056867,172.009138690258,6.995565928060085,0.3005810436907588,0.4446267794322749,181,22.3,20.0,336,18.420467869928377,15.248662097428328,1.3193749986211991e-05,7.737924218803046,0.0,3.1721915285451194,3.5801104972375692,2.4047619047619047,0.0,1.0,30,30,loss,A
auc_comm,5,20,1.0,0,,True,0.5,0,0.0,1.0,9.409350000891692,0.9059064999910831,164.0300766100102,9.927322461848517,0.14417404334055228,0.2437925070529019,153,20.3,20.0,304,19.461639060266222,18.287310054993227,1.1601971460837185e-05,7.841818266885154,0.0,2.5599128540305007,3.084967320261438,1.9671052631578947,0.0,1.0,30,30,loss,A
auc_comm,6,20,1.0,0,,True,0.5,0,0.0,1.0,8.89786032231228,0.9110213967768772,170.53703979065966,7.764655872606423,0.20054132690645388,0.32157787220166467,150,20.200000000000003,20.0,303,19.633515723931744,17.685194044772203,1.3493399309430874e-05,7.788389277223786,0.0,2.451111111111111,3.2266666666666666,2.3696369636963697,0.0,1.0,30,30,loss,A
auc_comm,7,20,1.0,0,,True,0.5,0,0.0,1.0,9.774455757741606,0.9022554424225839,181.96067031714844,8.958026754820025,0.23296357649665045,0.2837511048247989,145,20.6,20.0,307,20.05287748368762,18.866283021218724,1.0049185209000537e-05,7.7784049136967575,0.0,3.1011494252873564,3.7448275862068967,2.205211726384365,0.0,1.0,30,30,loss,A
auc_comm,8,20,1.0,0,,True,0.5,0,0.0,1.0,10.418728007037792,0.8958127199296221,180.14116798893815,8.26384030722736,0.20312550423391268,0.2628521208392882,141,20.6,20.0,298,20.146145776637187,18.943014507196462,1.1587919020437755e-05,7.811990881660625,0.0,3.882978723404255,5.120567375886525,2.4932885906040267,0.0,1.0,30,30,loss,A
auc_comm,9,20,1.0,0,,True,0.5,0,0.0,1.0,7.649054868259652,0.9235094513174035,171.66468258466148,6.993607560899634,0.2100828787330719,0.3199556871221989,157,20.6,20.0,309,19.223963997250433,16.831530104599803,1.0168286112761035e-05,7.796774442486219,0.0,2.357749469214437,3.3184713375796178,2.103559870550162,0.0,1.0,30,30,loss,A
auc_comm,10,20,1.0,0,,True,0.5,0,0.0,1.0,7.709927490223423,0.9229007250977658,172.5480300009993,7.964619676464885,0.2272072334111689,0.32080300908792736,152,19.900000000000002,20.0,301,19.61572453492759,17.9853021473882,1.0817607576986682e-05,7.80096138083475,0.0,1.944078947368421,2.4210526315789473,2.338870431893688,0.0,1.0,30,30,loss,A
auc_comm,11,20,1.0,0,,True,0.5,0,0.0,1.0,9.044965941111771,0.9095503405888823,171.18711391844644,8.947602865002391,0.18429340427172747,0.2744164252704715,155,21.400000000000002,20.0,311,19.372387637417056,17.395799752535577,1.1689068189555618e-05,7.826072461526874,0.0,3.0951612903225807,4.012903225806451,2.112540192926045,0.0,1.0,30,30,loss,A
auc_comm,12,20,1.0,0,,True,0.5,0,0.0,1.0,11.221058599993029,0.8877894140000697,167.4550674212678,8.2657390885073,0.1903283092213809,0.2573064639399551,151,21.1,20.0,304,19.870229869809997,18.47672072784763,1.1041123415404735e-05,7.8406846081814265,0.0,4.321192052980132,4.490066225165563,1.9967105263157894,0.0,1.0,30,30,loss,A
auc_comm,13,20,1.0,0,,True,0.5,0,0.0,1.0,7.33603383880671,0.9266396616119329,170.79708477982234,8.111400016175148,0.19266711586664795,0.32648650124193707,158,22.1,20.0,322,19.048237080419227,17.1418462750934,1.049347519035804e-05,7.720153640281912,0.0,2.6951476793248945,3.607594936708861,1.9223602484472049,0.0,1.0,30,30,loss,A
auc_comm,14,20,1.0,0,,True,0.5,0,0.0,1.0,11.17221973653617,0.8882778026346383,163.10257691573253,7.8862850919269185,0.1752053877060245,0.23618855761379132,145,19.700000000000003,20.0,295,19.88219147628682,18.769515100739284,1.2448475443584434e-05,7.814164319893776,0.0,2.947701149425287,3.8551724137931034,1.993220338983051,0.0,1.0,30,30,loss,A
auc_comm,15,20,1.0,0,,True,0.5,0,0.0,1.0,10.445273124986032,0.8955472687501397,168.25837915316075,9.22945181654962,0.19343378995488575,0.28420823820487867,142,20.0,20.0,300,20.05066723472193,18.53058931038907,9.587668852570156e-06,7.896129201333548,0.0,4.204225352112676,5.26056338028169,2.08,0.0,1.0,30,30,loss,A
auc_comm,16,20,1.0,0,,True,0.5,0,0.0,1.0,8.676620069184937,0.9132337993081506,180.03943898252797,8.777615557003715,0.2538531684309168,0.3106872219752027,146,19.200000000000003,20.0,292,19.92464543991254,18.542637578754288,1.0227396396907327e-05,7.836489536799627,0.0,2.8801369863013697,3.4863013698630136,2.2945205479452055,0.0,1.0,30,30,loss,A
auc_comm,17,20,1.0,0,,True,0.5,0,0.0,1.0,8.863704958783348,0.9113629504121665,176.8688291718449,8.259280909501483,0.21363179804534796,0.27573964945761137,145,19.3,20.0,295,20.04414285233264,19.0068982921785,1.083152680421027e-05,7.820033742972065,0.0,3.6551724137931036,4.63448275862069,2.1898305084745764,0.0,1.0,30,30,loss,A
auc_comm,18,20,1.0,0,,True,0.5,0,0.0,1.0,9.875568973257353,0.9012443102674265,178.58030070844342,8.50582662804326,0.20768279042449658,0.2878603679416992,149,19.400000000000002,20.0,294,19.705254964688297,18.0281874355016,1.1213603714595035e-05,7.851522414787117,0.0,5.225391498881432,6.429530201342282,2.142857142857143,0.0,1.0,30,30,loss,A
auc_comm,19,20,1.0,0,,True,0.5,0,0.0,1.0,6.268449665343201,0.937315503346568,182.1775514528693,10.0,0.24628068762728986,0.32882843021345454,163,20.900000000000002,20.0,311,19.678243618324053,17.595997503779085,1.1370417181330574e-05,7.787657539735048,0.0,2.602249488752556,3.2883435582822087,2.09967845659164,0.0,1.0,30,30,loss,A
auc_comm,20,20,1.0,0,,True,0.5,0,0.0,1.0,9.34878234970884,0.9065121765029116,166.92218127113443,7.994599014019486,0.16526408375088183,0.24188758668691926,134,18.5,20.0,284,19.976025844578324,18.6108393607787,1.2154930310559944e-05,7.8240854688877794,0.0,2.958333333333334,3.925373134328358,2.390845070422535,0.0,1.0,30,30,loss,A
auc_comm,21,20,1.0,0,,True,0.5,0,0.0,1.0,8.53937741216132,0.9146062258783868,167.62102907870704,8.76301932390351,0.1805107136342868,0.29151090603320123,152,20.0,20.0,300,19.75125437578717,18.031977469270387,1.1692001717165112e-05,7.823233043209248,0.0,2.5032894736842106,3.151315789473684,2.1866666666666665,0.0,1.0,30,30,loss,A
auc_comm,22,20,1.0,0,,True,0.5,0,0.0,1.0,7.789374369804547,0.9221062563019545,172.18312421223234,6.170644224317078,0.21551718052048172,0.3269792017303749,147,19.900000000000002,20.0,300,19.67319965812671,17.62119553581973,1.1011666695897779e-05,7.775964383245361,0.0,2.510204081632653,3.5238095238095237,2.45,0.0,1.0,30,30,loss,A
auc_comm,23,20,1.0,0,,True,0.5,0,0.0,1.0,10.612618763445225,0.8938738123655477,160.71251337638657,7.462860809017316,0.16281188523102327,0.23710255592203414,135,19.1,20.0,289,19.935989409331338,18.594012988585728,1.2673704665811623e-05,7.85608640865392,0.0,3.2364197530864196,4.037037037037037,2.152249134948097,0.0,1.0,30,30,loss,A
auc_comm,24,20,1.0,0,,True,0.5,0,0.0,1.0,11.807320633583752,0.8819267936641625,168.50528709974327,9.519637725904401,0.21293439825518662,0.32118841065995735,157,20.900000000000002,20.0,310,19.364553580987067,17.671891353454924,1.2139996491192329e-05,7.898278405053789,0.0,6.085987261146497,6.643312101910828,2.632258064516129,0.0,1.0,30,30,loss,A
auc_comm,25,20,1.0,0,,True,0.5,0,0.0,1.0,6.976155249017413,0.9302384475098259,172.08270618310272,8.414469614511946,0.18766706651178208,0.3118310257815427,172,22.8,20.0,329,19.229957560544847,17.27485265655393,1.2137689684322359e-05,7.768177981466347,0.0,2.2761627906976742,2.86046511627907,2.0972644376899696,0.0,1.0,30,30,loss,A
auc_comm,26,20,1.0,0,,True,0.5,0,0.0,1.0,9.479629500716058,0.9052037049928394,171.59593553345937,7.343726877258726,0.24611998357702225,0.3452629974144419,155,20.1,20.0,303,19.116136864443522,16.479997571705493,1.2630693577598817e-05,7.837822358662884,0.0,3.076344086021505,3.6580645161290324,2.3597359735973598,0.0,1.0,30,30,loss,A
auc_comm,27,20,1.0,0,,True,0.5,0,0.0,1.0,9.676416582346059,0.9032358341765394,165.69344697327017,9.125358974590084,0.142010879335438,0.22785576519064044,156,20.700000000000003,20.0,307,19.791114172973234,18.807504677895146,1.2343646829541323e-05,7.875583408293105,0.0,3.0202991452991452,3.5,2.188925081433225,0.0,1.0,30,30,loss,A
auc_comm,28,20,1.0,0,,True,0.5,0,0.0,1.0,8.781872999163909,0.9121812700083609,175.66657243873877,9.403833884654052,0.23108228102647188,0.29613849022282757,136,19.8,20.0,294,19.827302712032655,18.39993546279495,1.2952039061038166e-05,7.8267736155486345,0.0,2.633578431372549,3.3308823529411766,2.251700680272109,0.0,1.0,30,30,loss,A
auc_comm,29,20,1.0,0,,True,0.5,0,0.0,1.0,9.538848459353622,0.9046115154064638,170.47575006002074,8.876066606895801,0.19832089050377918,0.2775630055458289,161,21.5,20.0,317,19.53356556676377,17.88971301412252,1.1728391049823457e-05,7.858743639762797,0.0,5.298136645962733,6.3229813664596275,2.305993690851735,0.0,1.0,30,30,loss,A
auc_comm,30,20,1.0,0,,True,0.5,0,0.0,1.0,7.765458827880223,0.9223454117211978,182.70197081906318,10.0,0.2165624690331604,0.2906543856805542,163,21.1,20.0,313,19.787003890613555,18.287545194856495,1.0807668015110892e-05,7.780525984949885,0.0,2.723926380368098,3.3006134969325154,2.182108626198083,0.0,1.0,30,30,loss,A
auc_comm,1,20,1.0,0,,True,0.5,0,0.1,1.0,9.586835124858107,0.9041316487514189,178.8126513026955,8.187135740056435,0.19114511122864908,0.2509927449404233,136,19.700000000000003,20.0,289,20.05115646805317,18.757285842072417,1.2944981973025316e-05,7.814008466099244,0.0,3.4742647058823533,4.5588235294117645,2.9965397923875434,0.0,1.0,30,30,loss,A
auc_comm,2,20,1.0,0,,True,0.5,0,0.1,1.0,9.807786205616987,0.9019221379438301,170.73570084715072,6.929193358741448,0.23693220393935494,0.3599500900546714,158,20.6,20.0,307,19.430086374859126,17.652135327831505,1.729120453364589e-05,7.794878547290806,0.0,4.223628691983122,4.60126582278481,3.6807817589576546,0.0,1.0,30,30,loss,A
auc_comm,3,20,1.0,0,,True,0.5,0,0.1,1.0,9.496822679256434,0.9050317732074357,169.30154488989996,10.0,0.13910575717979795,0.21726879507630345,165,21.700000000000003,20.0,318,19.625831812434882,18.635617891493656,1.359842706664975e-05,7.866286592740914,0.0,2.902020202020202,3.6606060606060606,2.852201257861635,0.0,1.0,30,30,loss,A
auc_comm,4,20,1.0,0,,True,0.5,0,0.1,1.0,8.962895759431333,0.9103710424056867,172.009138690258,6.995565928060085,0.3005810436907588,0.4446267794322749,181,22.3,20.0,336,18.420467869928377,15.248662097428328,1.3035418392281004e-05,7.737924218803046,0.0,3.1721915285451194,3.5801104972375692,3.3214285714285716,0.0,1.0,30,30,loss,A
auc_comm,5,20,1.0,0,,True,0.5,0,0.1,1.0,9.409350000891692,0.9059064999910831,164.0300766100102,9.927322461848517,0.14417404334055228,0.2437925070529019,153,20.3,20.0,304,19.461639060266222,18.287310054993227,1.3389801384427732e-05,7.841818266885154,0.0,2.5599128540305007,3.084967320261438,2.8947368421052633,0.0,1.0,30,30,loss,A
auc_comm,6,20,1.0,0,,True,0.5,0,0.1,1.0,8.89786032231228,0.9110213967768772,170.53703979065966,7.764655872606423,0.20054132690645388,0.32157787220166467,150,20.200000000000003,20.0,303,19.633515723931744,17.685194044772203,1.3228383479277195e-05,7.788389277223786,0.0,2.451111111111111,3.2266666666666666,3.257425742574257,0.0,1.0,30,30,loss,A
auc_comm,7,20,1.0,0,,True,0.5,0,0.1,1.0,9.852245988129527,0.9014775401187047,181.96311255481274,8.906194867213443,0.23231132795562753,0.28390229246299586,145,20.6,20.0,307,20.05287748368762,18.866283021218724,1.112735945525115e-05,7.7781540521850525,0.0,3.0045977011494256,3.56551724137931,3.0977198697068404,0.0,1.0,30,30,loss,A
auc_comm,8,20,1.0,0,,True,0.5,0,0.1,1.0,10.418728007037792,0.8958127199296221,180.14116798893815,8.26384030722736,0.20312550423391268,0.2628521208392882,141,20.6,20.0,298,20.146145776637187,18.943014507196462,1.1746309292908983e-05,7.811990881660625,0.0,3.882978723404255,5.120567375886525,3.4832214765100673,0.0,1.0,30,30,loss,A
auc_comm,9,20,1.0,0,,True,0.5,0,0.1,1.0,7.650751438623848,0.9234924856137615,171.6952808136071,7.04901289526279,0.2107141079689523,0.32050035714666647,157,20.6,20.0,309,19.22273130006938,16.831530104599803,1.3698380128525704e-05,7.796840392600702,0.0,2.357749469214437,3.3184713375796178,2.9741100323624594,0.0,1.0,30,30,loss,A
auc_comm,10,20,1.0,0,,True,0.5,0,0.1,1.0,7.709927490223423,0.9229007250977658,172.5480300009993,7.964619676464885,0.2272072334111689,0.32080300908792736,152,19.900000000000002,20.0,301,19.61572453492759,17.9853021473882,1.4476744965510907e-05,7.80096138083475,0.0,1.944078947368421,2.4210526315789473,3.222591362126246,0.0,1.0,30,30,loss,A
auc_comm,11,20,1.0,0,,True,0.5,0,0.1,1.0,9.044965941111771,0.9095503405888823,171.18711391844644,8.947602865002391,0.18429340427172747,0.2744164252704715,155,21.400000000000002,20.0,311,19.372387637417056,17.395799752535577,1.2673312383389454e-05,7.826072461526874,0.0,3.0951612903225807,4.012903225806451,2.90032154340836,0.0,1.0,30,30,loss,A
auc_comm,12,20,1.0,0,,True,0.5,0,0.1,1.0,11.221058599993029,0.8877894140000697,167.4550674212678,8.2657390885073,0.1903283092213809,0.2573064639399551,151,21.1,20.0,304,19.870229869809997,18.47672072784763,1.5691779385394367e-05,7.8406846081814265,0.0,4.321192052980132,4.490066225165563,3.023026315789474,0.0,1.0,30,30,loss,A
auc_comm,13,20,1.0,0,,True,0.5,0,0.1,1.0,7.33603383880671,0.9266396616119329,170.79708477982234,8.111400016175148,0.19266711586664795,0.32648650124193707,158,22.1,20.0,322,19.048237080419227,17.1418462750934,1.3708074429645117e-05,7.720153640281912,0.0,2.6951476793248945,3.607594936708861,2.68944099378882,0.0,1.0,30,30,loss,A
auc_comm,14,20,1.0,0,,True,0.5,0,0.1,1.0,11.17221973653617,0.8882778026346383,163.10257691573253,7.8862850919269185,0.1752053877060245,0.23618855761379132,145,19.700000000000003,20.0,295,19.88219147628682,18.769515100739284,1.6111861401379614e-05,7.814164319893776,0.0,2.947701149425287,3.8551724137931034,2.952542372881356,0.0,1.0,30,30,loss,A
auc_comm,15,20,1.0,0,,True,0.5,0,0.1,1.0,10.445273124986032,0.8955472687501397,168.25837915316075,9.22945181654962,0.19343378995488575,0.28420823820487867,142,20.0,20.0,300,20.05066723472193,18.53058931038907,1.4075333213744064e-05,7.896129201333548,0.0,4.204225352112676,5.26056338028169,3.0833333333333335,0.0,1.0,30,30,loss,A
auc_comm,16,20,1.0,0,,True,0.5,0,0.1,1.0,8.676620069184937,0.9132337993081506,180.03943898252797,8.777615557003715,0.2538531684309168,0.3106872219752027,146,19.200000000000003,20.0,292,19.92464543991254,18.542637578754288,1.3316096219693452e-05,7.836489536799627,0.0,2.8801369863013697,3.4863013698630136,3.1506849315068495,0.0,1.0,30,30,loss,A
auc_comm,17,20,1.0,0,,True,0.5,0,0.1,1.0,8.863704958783348,0.9113629504121665,176.8688291718449,8.259280909501483,0.21363179804534796,0.27573964945761137,145,19.3,20.0,295,20.04414285233264,19.0068982921785,1.2114237978170484e-05,7.820033742972065,0.0,3.6551724137931036,4.63448275862069,3.0677966101694913,0.0,1.0,30,30,loss,A
auc_comm,18,20,1.0,0,,True,0.5,0,0.1,1.0,9.875568973257353,0.9012443102674265,178.58030070844342,8.50582662804326,0.20768279042449658,0.2878603679416992,149,19.400000000000002,20.0,294,19.705254964688297,18.0281874355016,1.137380980804157e-05,7.851522414787117,0.0,5.225391498881432,6.429530201342282,3.098639455782313,0.0,1.0,30,30,loss,A
auc_comm,19,20,1.0,0,,True,0.5,0,0.1,1.0,6.268449665343201,0.937315503346568,182.1775514528693,10.0,0.24628068762728986,0.32882843021345454,163,20.900000000000002,20.0,311,19.678243618324053,17.595997503779085,1.0293893257030241e-05,7.787657539735048,0.0,2.602249488752556,3.2883435582822087,2.942122186495177,0.0,1.0,30,30,loss,A
auc_comm,20,20,1.0,0,,True,0.5,0,0.1,1.0,9.34878234970884,0.9065121765029116,166.92218127113443,7.994599014019486,0.16526408375088183,0.24188758668691926,134,18.5,20.0,284,19.976025844578324,18.6108393607787,1.1745422404639843e-05,7.8240854688877794,0.0,2.958333333333334,3.925373134328358,3.3274647887323945,0.0,1.0,30,30,loss,A
auc_comm,21,20,1.0,0,,True,0.5,0,0.1,1.0,8.53937741216132,0.9146062258783868,167.62102907870704,8.76301932390351,0.1805107136342868,0.29151090603320123,152,20.0,20.0,300,19.75125437578717,18.031977469270387,1.124066417105496e-05,7.823233043209248,0.0,2.5032894736842106,3.151315789473684,3.006666666666667,0.0,1.0,30,30,loss,A
auc_comm,22,20,1.0,0,,True,0.5,0,0.1,1.0,7.789374369804547,0.9221062563019545,172.18312421223234,6.170644224317078,0.21551718052048172,0.3269792017303749,147,19.900000000000002,20.0,300,19.67319965812671,17.62119553581973,1.4174667303450405e-05,7.775964383245361,0.0,2.510204081632653,3.5238095238095237,3.24,0.0,1.0,30,30,loss,A
auc_comm,23,20,1.0,0,,True,0.5,0,0.1,1.0,10.612618763445225,0.8938738123655477,160.71251337638657,7.462860809017316,0.16281188523102327,0.23710255592203414,135,19.1,20.0,289,19.935989409331338,18.594012988585728,1.717958487344706e-05,7.85608640865392,0.0,3.2364197530864196,4.037037037037037,3.041522491349481,0.0,1.0,30,30,loss,A
auc_comm,24,20,1.0,0,,True,0.5,0,0.1,1.0,11.807320633583752,0.8819267936641625,168.50528709974327,9.519637725904401,0.21293439825518662,0.32118841065995735,157,20.900000000000002,20.0,310,19.364553580987067,17.671891353454924,1.6890644216008724e-05,7.898278405053789,0.0,6.085987261146497,6.643312101910828,3.4870967741935486,0.0,1.0,30,30,loss,A
auc_comm,25,20,1.0,0,,True,0.5,0,0.1,1.0,6.976155249017413,0.9302384475098259,172.08270618310272,8.414469614511946,0.18766706651178208,0.3118310257815427,172,22.8,20.0,329,19.229957560544847,17.27485265655393,1.4330395978612196e-05,7.768177981466347,0.0,2.2761627906976742,2.86046511627907,2.756838905775076,0.0,1.0,30,30,loss,A
auc_comm,26,20,1.0,0,,True,0.5,0,0.1,1.0,9.479629500716058,0.9052037049928394,171.59593553345937,7.343726877258726,0.24611998357702225,0.3452629974144419,155,20.1,20.0,303,19.116136864443522,16.479997571705493,1.8305280445629222e-05,7.837822358662884,0.0,3.076344086021505,3.6580645161290324,3.237623762376238,0.0,1.0,30,30,loss,A
auc_comm,27,20,1.0,0,,True,0.5,0,0.1,1.0,9.676416582346059,0.9032358341765394,165.69344697327017,9.125358974590084,0.142010879335438,0.22785576519064044,156,20.700000000000003,20.0,307,19.791114172973234,18.807504677895146,1.567947858010179e-05,7.875583408293105,0.0,3.0202991452991452,3.5,3.0944625407166124,0.0,1.0,30,30,loss,A
auc_comm,28,20,1.0,0,,True,0.5,0,0.1,1.0,8.781872999163909,0.9121812700083609,175.66657243873877,9.403833884654052,0.23108228102647188,0.29613849022282757,136,19.8,20.0,294,19.827302712032655,18.39993546279495,1.4295238054351133e-05,7.8267736155486345,0.0,2.633578431372549,3.3308823529411766,3.1904761904761907,0.0,1.0,30,30,loss,A
auc_comm,29,20,1.0,0,,True,0.5,0,0.1,1.0,9.538848459353622,0.9046115154064638,170.47575006002074,8.876066606895801,0.19832089050377918,0.2775630055458289,161,21.5,20.0,317,19.53356556676377,17.88971301412252,1.3691480403724905e-05,7.858743639762797,0.0,5.298136645962733,6.3229813664596275,3.141955835962145,0.0,1.0,30,30,loss,A
auc_comm,30,20,1.0,0,,True,0.5,0,0.1,1.0,7.765458827880223,0.9223454117211978,182.70197081906318,10.0,0.2165624690331604,0.2906543856805542,163,21.1,20.0,313,19.787003890613555,18.287545194856495,1.5459423059056075e-05,7.780525984949885,0.0,2.723926380368098,3.3006134969325154,3.0287539936102235,0.0,1.0,30,30,loss,A
auc_comm,1,20,1.0,0,,True,0.5,0,0.2,1.0,9.586835124858107,0.9041316487514189,178.8126513026955,8.187135740056435,0.19114511122864908,0.2509927449404233,136,19.700000000000003,20.0,289,20.05115646805317,18.757285842072417,1.3701039065113838e-05,7.814008466099244,0.0,3.4742647058823533,4.5588235294117645,3.837370242214533,0.0,1.0,30,30,loss,A
auc_comm,2,20,1.0,0,,True,0.5,0,0.2,1.0,9.807786205616987,0.9019221379438301,170.73570084715072,6.929193358741448,0.23693220393935494,0.3599500900546714,158,20.6,20.0,307,19.430086374859126,17.652135327831505,1.4595765315590833e-05,7.794878547290806,0.0,4.223628691983122,4.60126582278481,4.586319218241043,0.0,1.0,30,30,loss,A
auc_comm,3,20,1.0,0,,True,0.5,0,0.2,1.0,9.496822679256434,0.9050317732074357,169.30154488989996,10.0,0.13910575717979795,0.21726879507630345,165,21.700000000000003,20.0,318,19.625831812434882,18.635617891493656,1.3156605477345252e-05,7.866286592740914,0.0,2.902020202020202,3.6606060606060606,3.5345911949685536,0.0,1.0,30,30,loss,A
auc_comm,4,20,1.0,0,,True,0.5,0,0.2,1.0,8.732626047623448,0.9126737395237655,169.89371431049787,6.746808202846107,0.29355294501655455,0.44273933932580256,181,22.3,20.0,336,18.421738963305675,15.247361648997835,1.6126489104603286e-05,7.735198991636867,0.0,2.679558011049724,3.0331491712707184,4.059523809523809,0.0,1.0,30,30,loss,A
auc_comm,5,20,1.0,0,,True,0.5,0,0.2,1.0,9.409350000891692,0.9059064999910831,164.0300766100102,9.927322461848517,0.14417404334055228,0.2437925070529019,153,20.3,20.0,304,19.461639060266222,18.287310054993227,1.5226974363414277e-05,7.841818266885154,0.0,2.5599128540305007,3.084967320261438,3.6282894736842106,0.0,1.0,30,30,loss,A
auc_comm,6,20,1.0,0,,True,0.5,0,0.2,1.0,8.89786032231228,0.9110213967768772,170.53703979065966,7.764655872606423,0.20054132690645388,0.32157787220166467,150,20.200000000000003,20.0,303,19.633515723931744,17.685194044772203,1.6573928150566595e-05,7.788389277223786,0.0,2.451111111111111,3.2266666666666666,3.957095709570957,0.0,1.0,30,30,loss,A
auc_comm,7,20,1.0,0,,True,0.5,0,0.2,1.0,9.852245988129527,0.9014775401187047,181.96311255481274,8.906194867213443,0.23231132795562753,0.28390229246299586,145,20.6,20.0,307,20.05287748368762,18.866283021218724,1.489381148124945e-05,7.7781540521850525,0.0,3.0045977011494256,3.56551724137931,3.752442996742671,0.0,1.0,30,30,loss,A
auc_comm,8,20,1.0,0,,True,0.5,0,0.2,1.0,10.418728007037792,0.8958127199296221,180.14116798893815,8.26384030722736,0.20312550423391268,0.2628521208392882,141,20.6,20.0,298,20.146145776637187,18.943014507196462,1.728154610273672e-05,7.811990881660625,0.0,3.882978723404255,5.120567375886525,4.342281879194631,0.0,1.0,30,30,loss,A
auc_comm,9,20,1.0,0,,True,0.5,0,0.2,1.0,7.649054868259652,0.9235094513174035,171.66468258466148,6.993607560899634,0.2100828787330719,0.3199556871221989,157,20.6,20.0,309,19.223963997250433,16.831530104599803,1.591359247064706e-05,7.796774442486219,0.0,2.357749469214437,3.3184713375796178,3.5436893203883497,0.0,1.0,30,30,loss,A
auc_comm,10,20,1.0,0,,True,0.5,0,0.2,1.0,7.709927490223423,0.9229007250977658,172.5480300009993,7.964619676464885,0.2272072334111689,0.32080300908792736,152,19.900000000000002,20.0,301,19.61572453492759,17.9853021473882,1.645083206572703e-05,7.80096138083475,0.0,1.944078947368421,2.4210526315789473,3.7607973421926912,0.0,1.0,30,30,loss,A
auc_comm,11,20,1.0,0,,True,0.5,0,0.2,1.0,9.044965941111771,0.9095503405888823,171.18711391844644,8.947602865002391,0.18429340427172747,0.2744164252704715,155,21.400000000000002,20.0,311,19.372387637417056,17.395799752535577,1.4458842488706495e-05,7.826072461526874,0.0,3.0951612903225807,4.012903225806451,3.572347266881029,0.0,1.0,30,30,loss,A
auc_comm,12,20,1.0,0,,True,0.5,0,0.2,1.0,11.221058599993029,0.8877894140000697,167.4550674212678,8.2657390885073,0.1903283092213809,0.2573064639399551,151,21.1,20.0,304,19.870229869809997,18.47672072784763,1.5842106413880463e-05,7.8406846081814265,0.0,4.321192052980132,4.490066225165563,3.6217105263157894,0.0,1.0,30,30,loss,A
auc_comm,13,20,1.0,0,,True,0.5,0,0.2,1.0,7.33603383880671,0.9266396616119329,170.79708477982234,8.111400016175148,0.19266711586664795,0.32648650124193707,158,22.1,20.0,322,19.048237080419227,17.1418462750934,1.472981284395647e-05,7.720153640281912,0.0,2.6951476793248945,3.607594936708861,3.260869565217391,0.0,1.0,30,30,loss,A
auc_comm,14,20,1.0,0,,True,0.5,0,0.2,1.0,11.17221973653617,0.8882778026346383,163.10257691573253,7.8862850919269185,0.1752053877060245,0.23618855761379132,145,19.700000000000003,20.0,295,19.88219147628682,18.769515100739284,1.4190507018780809e-05,7.814164319893776,0.0,2.947701149425287,3.8551724137931034,3.5762711864406778,0.0,1.0,30,30,loss,A
auc_comm,15,20,1.0,0,,True,0.5,0,0.2,1.0,10.445273124986032,0.8955472687501397,168.25837915316075,9.22945181654962,0.19343378995488575,0.28420823820487867,142,20.0,20.0,300,20.05066723472193,18.53058931038907,1.560800049143533e-05,7.896129201333548,0.0,4.204225352112676,5.26056338028169,3.8833333333333333,0.0,1.0,30,30,loss,A
auc_comm,16,20,1.0,0,,True,0.5,0,0.2,1.0,8.676620069184937,0.9132337993081506,180.03943898252797,8.777615557003715,0.2538531684309168,0.3106872219752027,146,19.200000000000003,20.0,292,19.92464543991254,18.542637578754288,1.2457876287604847e-05,7.836489536799627,0.0,2.8801369863013697,3.4863013698630136,3.835616438356164,0.0,1.0,30,30,loss,A
auc_comm,17,20,1.0,0,,True,0.5,0,0.2,1.0,8.863704958783348,0.9113629504121665,176.8688291718449,8.259280909501483,0.21363179804534796,0.27573964945761137,145,19.3,20.0,295,20.04414285233264,19.0068982921785,1.6086100861114465e-05,7.820033742972065,0.0,3.6551724137931036,4.63448275862069,3.671186440677966,0.0,1.0,30,30,loss,A
auc_comm,18,20,1.0,0,,True,0.5,0,0.2,1.0,9.875568973257353,0.9012443102674265,178.58030070844342,8.50582662804326,0.20768279042449658,0.2878603679416992,149,19.400000000000002,20.0,294,19.705254964688297,18.0281874355016,1.4976528631586607e-05,7.851522414787117,0.0,5.225391498881432,6.429530201342282,3.8401360544217686,0.0,1.0,30,30,loss,A
auc_comm,19,20,1.0,0,,True,0.5,0,0.2,1.0,6.268449665343201,0.937315503346568,182.1775514528693,10.0,0.24628068762728986,0.32882843021345454,163,20.900000000000002,20.0,311,19.678243618324053,17.595997503779085,1.487266882457486e-05,7.787657539735048,0.0,2.602249488752556,3.2883435582822087,3.630225080385852,0.0,1.0,30,30,loss,A
auc_comm,20,20,1.0,0,,True,0.5,0,0.2,1.0,9.34878234970884,0.9065121765029116,166.92218127113443,7.994599014019486,0.16526408375088183,0.24188758668691926,134,18.5,20.0,284,19.976025844578324,18.6108393607787,1.583908336945403e-05,7.8240854688877794,0.0,2.958333333333334,3.925373134328358,4.042253521126761,0.0,1.0,30,30,loss,A
auc_comm,21,20,1.0,0,,True,0.5,0,0.2,1.0,8.53937741216132,0.9146062258783868,167.62102907870704,8.76301932390351,0.1805107136342868,0.29151090603320123,152,20.0,20.0,300,19.75125437578717,18.031977469270387,1.681599901833882e-05,7.823233043209248,0.0,2.5032894736842106,3.151315789473684,3.7066666666666666,0.0,1.0,30,30,loss,A
auc_comm,22,20,1.0,0,,True,0.5,0,0.2,1.0,7.789374369804547,0.9221062563019545,172.18312421223234,6.170644224317078,0.21551718052048172,0.3269792017303749,147,19.900000000000002,20.0,300,19.67319965812671,17.62119553581973,1.689566590357572e-05,7.775964383245361,0.0,2.510204081632653,3.5238095238095237,3.9766666666666666,0.0,1.0,30,30,loss,A
auc_comm,23,20,1.0,0,,True,0.5,0,0.2,1.0,10.612618763445225,0.8938738123655477,160.71251337638657,7.462860809017316,0.16281188523102327,0.23710255592203414,135,19.1,20.0,289,19.935989409331338,18.594012988585728,1.5234255842593818e-05,7.85608640865392,0.0,3.2364197530864196,4.037037037037037,3.667820069204152,0.0,1.0,30,30,loss,A
auc_comm,24,20,1.0,0,,True,0.5,0,0.2,1.0,11.807320633583752,0.8819267936641625,168.50528709974327,9.519637725904401,0.21293439825518662,0.32118841065995735,157,20.900000000000002,20.0,310,19.364553580987067,17.671891353454924,1.5026773889398863e-05,7.898278405053789,0.0,6.085987261146497,6.643312101910828,4.232258064516129,0.0,1.0,30,30,loss,A
auc_comm,25,20,1.0,0,,True,0.5,0,0.2,1.0,6.976155249017413,0.9302384475098259,172.08270618310272,8.414469614511946,0.18766706651178208,0.3118310257815427,172,22.8,20.0,329,19.229957560544847,17.27485265655393,1.3650455837644705e-05,7.768177981466347,0.0,2.2761627906976742,2.86046511627907,3.337386018237082,0.0,1.0,30,30,loss,A
auc_comm,26,20,1.0,0,,True,0.5,0,0.2,1.0,9.479629500716058,0.9052037049928394,171.59593553345937,7.343726877258726,0.24611998357702225,0.3452629974144419,155,20.1,20.0,303,19.116136864443522,16.479997571705493,1.4454457161966527e-05,7.837822358662884,0.0,3.076344086021505,3.6580645161290324,3.9735973597359737,0.0,1.0,30,30,loss,A
auc_comm,27,20,1.0,0,,True,0.5,0,0.2,1.0,9.676416582346059,0.9032358341765394,165.69344697327017,9.125358974590084,0.142010879335438,0.22785576519064044,156,20.700000000000003,20.0,307,19.791114172973234,18.807504677895146,1.5608794192392196e-05,7.875583408293105,0.0,3.0202991452991452,3.5,3.778501628664495,0.0,1.0,30,30,loss,A
auc_comm,28,20,1.0,0,,True,0.5,0,0.2,1.0,8.781872999163909,0.9121812700083609,175.66657243873877,9.403833884654052,0.23108228102647188,0.29613849022282757,136,19.8,20.0,294,19.827302712032655,18.39993546279495,1.6493197541595216e-05,7.8267736155486345,0.0,2.633578431372549,3.3308823529411766,3.931972789115646,0.0,1.0,30,30,loss,A
auc_comm,29,20,1.0,0,,True,0.5,0,0.2,1.0,9.538848459353622,0.9046115154064638,170.47575006002074,8.876066606895801,0.19832089050377918,0.2775630055458289,161,21.5,20.0,317,19.53356556676377,17.88971301412252,1.6198108304726776e-05,7.858743639762797,0.0,5.298136645962733,6.3229813664596275,3.8864353312302837,0.0,1.0,30,30,loss,A
auc_comm,30,20,1.0,0,,True,0.5,0,0.2,1.0,7.765458827880223,0.9223454117211978,182.70197081906318,10.0,0.2165624690331604,0.2906543856805542,163,21.1,20.0,313,19.787003890613555,18.287545194856495,1.447955324960212e-05,7.780525984949885,0.0,2.723926380368098,3.3006134969325154,3.6773162939297124,0.0,1.0,30,30,loss,A
auc_comm,1,20,1.0,0,,True,0.5,0,0.3,1.0,9.586835124858107,0.9041316487514189,178.8126513026955,8.187135740056435,0.19114511122864908,0.2509927449404233,136,19.700000000000003,20.0,289,20.05115646805317,18.757285842072417,1.6110036224062365e-05,7.814008466099244,0.0,3.4742647058823533,4.5588235294117645,4.653979238754325,0.0,1.0,30,30,loss,A
auc_comm,2,20,1.0,0,,True,0.5,0,0.3,1.0,9.807786205616987,0.9019221379438301,170.73570084715072,6.929193358741448,0.23693220393935494,0.3599500900546714,158,20.6,20.0,307,19.430086374859126,17.652135327831505,1.871465828196913e-05,7.794878547290806,0.0,4.223628691983122,4.60126582278481,5.511400651465798,0.0,1.0,30,30,loss,A
auc_comm,3,20,1.0,0,,True,0.5,0,0.3,1.0,9.496822679256434,0.9050317732074357,169.30154488989996,10.0,0.13910575717979795,0.21726879507630345,165,21.700000000000003,20.0,318,19.625831812434882,18.635617891493656,1.595283121913203e-05,7.866286592740914,0.0,2.902020202020202,3.6606060606060606,4.345911949685535,0.0,1.0,30,30,loss,A
auc_comm,4,20,1.0,0,,True,0.5,0,0.3,1.0,8.962895759431333,0.9103710424056867,172.009138690258,6.995565928060085,0.3005810436907588,0.4446267794322749,181,22.3,20.0,336,18.420467869928377,15.248662097428328,1.6697620248167022e-05,7.737924218803046,0.0,3.1721915285451194,3.5801104972375692,4.973214285714286,0.0,1.0,30,30,loss,A
auc_comm,5,20,1.0,0,,True,0.5,0,0.3,1.0,9.409350000891692,0.9059064999910831,164.0300766100102,9.927322461848517,0.14417404334055228,0.2437925070529019,153,20.3,20.0,304,19.461639060266222,18.287310054993227,1.693059158768799e-05,7.841818266885154,0.0,2.5599128540305007,3.084967320261438,4.292763157894737,0.0,1.0,30,30,loss,A
auc_comm,6,20,1.0,0,,True,0.5,0,0.3,1.0,8.89786032231228,0.9110213967768772,170.53703979065966,7.764655872606423,0.20054132690645388,0.32157787220166467,150,20.200000000000003,20.0,303,19.633515723931744,17.685194044772203,1.7002307335007013e-05,7.788389277223786,0.0,2.451111111111111,3.2266666666666666,4.854785478547854,0.0,1.0,30,30,loss,A
auc_comm,7,20,1.0,0,,True,0.5,0,0.3,1.0,9.852245988129527,0.9014775401187047,181.96311255481274,8.906194867213443,0.23231132795562753,0.28390229246299586,145,20.6,20.0,307,20.05287748368762,18.866283021218724,1.5762867216409126e-05,7.7781540521850525,0.0,3.0045977011494256,3.56551724137931,4.596091205211726,0.0,1.0,30,30,loss,A
auc_comm,8,20,1.0,0,,True,0.5,0,0.3,1.0,10.418728007037792,0.8958127199296221,180.14116798893815,8.26384030722736,0.20312550423391268,0.2628521208392882,141,20.6,20.0,298,20.146145776637187,18.943014507196462,1.7969126636537428e-05,7.811990881660625,0.0,3.882978723404255,5.120567375886525,5.278523489932886,0.0,1.0,30,30,loss,A
auc_comm,9,20,1.0,0,,True,0.5,0,0.3,1.0,7.660242785520699,0.923397572144793,171.59155727723032,6.874926264224831,0.20675585313591788,0.31509726227228463,156,20.5,20.0,308,19.26067906930573,16.86671561369127,1.5243183361826005e-05,7.799808907676301,0.0,2.363247863247863,3.326923076923077,4.415584415584416,0.0,1.0,30,30,loss,A
auc_comm,10,20,1.0,0,,True,0.5,0,0.3,1.0,7.709927490223423,0.9229007250977658,172.5480300009993,7.964619676464885,0.2272072334111689,0.32080300908792736,152,19.900000000000002,20.0,301,19.61572453492759,17.9853021473882,1.8657807437115136e-05,7.80096138083475,0.0,1.944078947368421,2.4210526315789473,4.717607973421927,0.0,1.0,30,30,loss,A
auc_comm,11,20,1.0,0,,True,0.5,0,0.3,1.0,9.044983966053833,0.9095501603394617,171.18707753597428,8.947602865002391,0.18429340427172747,0.2744164252704715,155,21.400000000000002,20.0,311,19.372387637417056,17.395799752535577,1.5628296347376905e-05,7.8259126492235715,0.0,3.1016129032258064,4.019354838709678,4.32475884244373,0.0,1.0,30,30,loss,A
auc_comm,12,20,1.0,0,,True,0.5,0,0.3,1.0,11.221058599993029,0.8877894140000697,167.4550674212678,8.2657390885073,0.1903283092213809,0.2573064639399551,151,21.1,20.0,304,19.870229869809997,18.47672072784763,1.735197292873636e-05,7.8406846081814265,0.0,4.321192052980132,4.490066225165563,4.618421052631579,0.0,1.0,30,30,loss,A
auc_comm,13,20,1.0,0,,True,0.5,0,0.3,1.0,7.33603383880671,0.9266396616119329,170.79708477982234,8.111400016175148,0.19266711586664795,0.32648650124193707,158,22.1,20.0,322,19.048237080419227,17.1418462750934,1.5585713836173556e-05,7.720153640281912,0.0,2.6951476793248945,3.607594936708861,3.891304347826087,0.0,1.0,30,30,loss,A
auc_comm,14,20,1.0,0,,True,0.5,0,0.3,1.0,11.17221973653617,0.8882778026346383,163.10257691573253,7.8862850919269185,0.1752053877060245,0.23618855761379132,145,19.700000000000003,20.0,295,19.88219147628682,18.769515100739284,1.4347117986151223e-05,7.814164319893776,0.0,2.947701149425287,3.8551724137931034,4.386440677966101,0.0,1.0,30,30,loss,A
auc_comm,15,20,1.0,0,,True,0.5,0,0.3,1.0,10.445273124986032,0.8955472687501397,168.25837915316075,9.22945181654962,0.19343378995488575,0.28420823820487867,142,20.0,20.0,300,20.05066723472193,18.53058931038907,1.6875999863259493e-05,7.896129201333548,0.0,4.204225352112676,5.26056338028169,4.733333333333333,0.0,1.0,30,30,loss,A
auc_comm,16,20,1.0,0,,True,0.5,0,0.3,1.0,8.676620069184937,0.9132337993081506,180.03943898252797,8.777615557003715,0.2538531684309168,0.3106872219752027,146,19.200000000000003,20.0,292,19.92464543991254,18.542637578754288,1.5857534392175507e-05,7.836489536799627,0.0,2.8801369863013697,3.4863013698630136,4.712328767123288,0.0,1.0,30,30,loss,A
auc_comm,17,20,1.0,0,,True,0.5,0,0.3,1.0,8.863704958783348,0.9113629504121665,176.8688291718449,8.259280909501483,0.21363179804534796,0.27573964945761137,145,19.3,20.0,295,20.04414285233264,19.0068982921785,1.6224746181929514e-05,7.820033742972065,0.0,3.6551724137931036,4.63448275862069,4.661016949152542,0.0,1.0,30,30,loss,A
auc_comm,18,20,1.0,0,,True,0.5,0,0.3,1.0,9.875568973257353,0.9012443102674265,178.58030070844342,8.50582662804326,0.20768279042449658,0.2878603679416992,149,19.400000000000002,20.0,294,19.705254964688297,18.0281874355016,1.6939792850175177e-05,7.851522414787117,0.0,5.225391498881432,6.429530201342282,4.843537414965986,0.0,1.0,30,30,loss,A
auc_comm,19,20,1.0,0,,True,0.5,0,0.3,1.0,6.268449665343201,0.937315503346568,182.1775514528693,10.0,0.24628068762728986,0.32882843021345454,163,20.900000000000002,20.0,311,19.678243618324053,17.595997503779085,1.5020259870126412e-05,7.787657539735048,0.0,2.602249488752556,3.2883435582822087,4.440514469453376,0.0,1.0,30,30,loss,A
auc_comm,20,20,1.0,0,,True,0.5,0,0.3,1.0,9.34878234970884,0.9065121765029116,166.92218127113443,7.994599014019486,0.16526408375088183,0.24188758668691926,134,18.5,20.0,284,19.976025844578324,18.6108393607787,1.6558096370279368e-05,7.8240854688877794,0.0,2.958333333333334,3.925373134328358,4.996478873239437,0.0,1.0,30,30,loss,A
auc_comm,21,20,1.0,0,,True,0.5,0,0.3,1.0,8.53937741216132,0.9146062258783868,167.62102907870704,8.76301932390351,0.1805107136342868,0.29151090603320123,152,20.0,20.0,300,19.75125437578717,18.031977469270387,1.7665999863917628e-05,7.823233043209248,0.0,2.5032894736842106,3.151315789473684,4.62,0.0,1.0,30,30,loss,A
auc_comm,22,20,1.0,0,,True,0.5,0,0.3,1.0,7.789374369804547,0.9221062563019545,172.18312421223234,6.170644224317078,0.21551718052048172,0.3269792017303749,147,19.900000000000002,20.0,300,19.67319965812671,17.62119553581973,1.7225334886461496e-05,7.775964383245361,0.0,2.510204081632653,3.5238095238095237,4.77,0.0,1.0,30,30,loss,A
auc_comm,23,20,1.0,0,,True,0.5,0,0.3,1.0,10.612618763445225,0.8938738123655477,160.71251337638657,7.462860809017316,0.16281188523102327,0.23710255592203414,135,19.1,20.0,289,19.935989409331338,18.594012988585728,1.8004498607237342e-05,7.85608640865392,0.0,3.2364197530864196,4.037037037037037,4.41522491349481,0.0,1.0,30,30,loss,A
auc_comm,24,20,1.0,0,,True,0.5,0,0.3,1.0,11.807320633583752,0.8819267936641625,168.50528709974327,9.519637725904401,0.21293439825518662,0.32118841065995735,157,20.900000000000002,20.0,310,19.364553580987067,17.671891353454924,1.649387019325889e-05,7.898278405053789,0.0,6.085987261146497,6.643312101910828,5.2290322580645165,0.0,1.0,30,30,loss,A
auc_comm,25,20,1.0,0,,True,0.5,0,0.3,1.0,6.976155249017413,0.9302384475098259,172.08270618310272,8.414469614511946,0.18766706651178208,0.3118310257815427,172,22.8,20.0,329,19.229957560544847,17.27485265655393,1.7901825383135703e-05,7.768177981466347,0.0,2.2761627906976742,2.86046511627907,4.127659574468085,0.0,1.0,30,30,loss,A
auc_comm,26,20,1.0,0,,True,0.5,0,0.3,1.0,9.479629500716058,0.9052037049928394,171.59593553345937,7.343726877258726,0.24611998357702225,0.3452629974144419,155,20.1,20.0,303,19.116136864443522,16.479997571705493,1.6909572349633813e-05,7.837822358662884,0.0,3.076344086021505,3.6580645161290324,4.854785478547854,0.0,1.0,30,30,loss,A
auc_comm,27,20,1.0,0,,True,0.5,0,0.3,1.0,9.676416582346059,0.9032358341765394,165.69344697327017,9.125358974590084,0.142010879335438,0.22785576519064044,156,20.700000000000003,20.0,307,19.791114172973234,18.807504677895146,1.6695765189899296e-05,7.875583408293105,0.0,3.0202991452991452,3.5,4.680781758957655,0.0,1.0,30,30,loss,A
auc_comm,28,20,1.0,0,,True,0.5,0,0.3,1.0,8.781872999163909,0.9121812700083609,175.66657243873877,9.403833884654052,0.23108228102647188,0.29613849022282757,136,19.8,20.0,294,19.827302712032655,18.39993546279495,1.722516917281461e-05,7.8267736155486345,0.0,2.633578431372549,3.3308823529411766,4.7517006802721085,0.0,1.0,30,30,loss,A
auc_comm,29,20,1.0,0,,True,0.5,0,0.3,1.0,9.538848459353622,0.9046115154064638,170.47575006002074,8.876066606895801,0.19832089050377918,0.2775630055458289,161,21.5,20.0,317,19.53356556676377,17.88971301412252,1.6941323183030362e-05,7.858743639762797,0.0,5.298136645962733,6.3229813664596275,4.735015772870662,0.0,1.0,30,30,loss,A
auc_comm,30,20,1.0,0,,True,0.5,0,0.3,1.0,7.765458827880223,0.9223454117211978,182.70197081906318,10.0,0.2165624690331604,0.2906543856805542,163,21.1,20.0,313,19.787003890613555,18.287545194856495,1.6246004753148023e-05,7.780525984949885,0.0,2.723926380368098,3.3006134969325154,4.415335463258786,0.0,1.0,30,30,loss,A
auc_comm,1,20,1.0,0,,True,0.5,0,0.4,1.0,9.586835124858107,0.9041316487514189,178.8126513026955,8.187135740056435,0.19114511122864908,0.2509927449404233,136,19.700000000000003,20.0,289,20.05115646805317,18.757285842072417,1.6674742579563266e-05,7.814008466099244,0.0,3.4742647058823533,4.5588235294117645,5.6366782006920415,0.0,1.0,30,30,loss,A
auc_comm,2,20,1.0,0,,True,0.5,0,0.4,1.0,9.807786205616987,0.9019221379438301,170.73570084715072,6.929193358741448,0.23693220393935494,0.3599500900546714,158,20.6,20.0,307,19.430086374859126,17.652135327831505,2.1472311630262614e-05,7.794878547290806,0.0,4.223628691983122,4.60126582278481,6.749185667752443,0.0,1.0,30,30,loss,A
auc_comm,3,20,1.0,0,,True,0.5,0,0.4,1.0,9.496822679256434,0.9050317732074357,169.30154488989996,10.0,0.13910575717979795,0.21726879507630345,165,21.700000000000003,20.0,318,19.625831812434882,18.635617891493656,1.6890567802068478e-05,7.866286592740914,0.0,2.902020202020202,3.6606060606060606,5.320754716981132,0.0,1.0,30,30,loss,A
auc_comm,4,20,1.0,0,,True,0.5,0,0.4,1.0,8.962895759431333,0.9103710424056867,172.009138690258,6.995565928060085,0.3005810436907588,0.4446267794322749,181,22.3,20.0,336,18.420467869928377,15.248662097428328,2.02985128063509e-05,7.737924218803046,0.0,3.1721915285451194,3.5801104972375692,5.973214285714286,0.0,1.0,30,30,loss,A
auc_comm,5,20,1.0,0,,True,0.5,0,0.4,1.0,9.409350000891692,0.9059064999910831,164.0300766100102,9.927322461848517,0.14417404334055228,0.2437925070529019,153,20.3,20.0,304,19.461639060266222,18.287310054993227,1.7761185230675008e-05,7.841818266885154,0.0,2.5599128540305007,3.084967320261438,5.2105263157894735,0.0,1.0,30,30,loss,A
auc_comm,6,20,1.0,0,,True,0.5,0,0.4,1.0,8.89786032231228,0.9110213967768772,170.53703979065966,7.764655872606423,0.20054132690645388,0.32157787220166467,150,20.200000000000003,20.0,303,19.633515723931744,17.685194044772203,2.0734982898538755e-05,7.788389277223786,0.0,2.451111111111111,3.2266666666666666,5.9438943894389435,0.0,1.0,30,30,loss,A
auc_comm,7,20,1.0,0,,True,0.5,0,0.4,1.0,9.852245988129527,0.9014775401187047,181.96311255481274,8.906194867213443,0.23231132795562753,0.28390229246299586,145,20.6,20.0,307,20.05287748368762,18.866283021218724,1.6419871115650534e-05,7.7781540521850525,0.0,3.0045977011494256,3.56551724137931,5.605863192182411,0.0,1.0,30,30,loss,A
auc_comm,8,20,1.0,0,,True,0.5,0,0.4,1.0,10.418728007037792,0.8958127199296221,180.14116798893815,8.26384030722736,0.20312550423391268,0.2628521208392882,141,20.6,20.0,298,20.146145776637187,18.943014507196462,1.8825839490835998e-05,7.811990881660625,0.0,3.882978723404255,5.120567375886525,6.322147651006712,0.0,1.0,30,30,loss,A
auc_comm,9,20,1.0,0,,True,0.5,0,0.4,1.0,7.658984351835951,0.9234101564816405,171.60451147417538,6.991822065630319,0.20748972605016328,0.31574003123915634,156,20.5,20.0,308,19.26124169436201,16.86671561369127,1.876201297688697e-05,7.799523826438811,0.0,2.363247863247863,3.326923076923077,5.51948051948052,0.0,1.0,30,30,loss,A
auc_comm,10,20,1.0,0,,True,0.5,0,0.4,1.0,7.709927490223423,0.9229007250977658,172.5480300009993,7.964619676464885,0.2272072334111689,0.32080300908792736,152,19.900000000000002,20.0,301,19.61572453492759,17.9853021473882,2.014484821951815e-05,7.80096138083475,0.0,1.944078947368421,2.4210526315789473,5.940199335548173,0.0,1.0,30,30,loss,A
auc_comm,11,20,1.0,0,,True,0.5,0,0.4,1.0,9.044965941111771,0.9095503405888823,171.18711391844644,8.947602865002391,0.18429340427172747,0.2744164252704715,155,21.400000000000002,20.0,311,19.372387637417056,17.395799752535577,1.811833005590167e-05,7.826072461526874,0.0,3.0951612903225807,4.012903225806451,5.344051446945338,0.0,1.0,30,30,loss,A
auc_comm,12,20,1.0,0,,True,0.5,0,0.4,1.0,11.221058599993029,0.8877894140000697,167.4550674212678,8.2657390885073,0.1903283092213809,0.2573064639399551,151,21.1,20.0,304,19.870229869809997,18.47672072784763,1.6550327831952783e-05,7.8406846081814265,0.0,4.321192052980132,4.490066225165563,5.684210526315789,0.0,1.0,30,30,loss,A
auc_comm,13,20,1.0,0,,True,0.5,0,0.4,1.0,7.33603383880671,0.9266396616119329,170.79708477982234,8.111400016175148,0.19266711586664795,0.32648650124193707,158,22.1,20.0,322,19.048237080419227,17.1418462750934,1.472422400466311e-05,7.720153640281912,0.0,2.6951476793248945,3.607594936708861,4.739130434782608,0.0,1.0,30,30,loss,A
auc_comm,14,20,1.0,0,,True,0.5,0,0.4,1.0,11.17221973653617,0.8882778026346383,163.10257691573253,7.8862850919269185,0.1752053877060245,0.23618855761379132,145,19.700000000000003,20.0,295,19.88219147628682,18.769515100739284,1.545999992354694e-05,7.814164319893776,0.0,2.947701149425287,3.8551724137931034,5.454237288135594,0.0,1.0,30,30,loss,A
auc_comm,15,20,1.0,0,,True,0.5,0,0.4,1.0,10.445273124986032,0.8955472687501397,168.25837915316075,9.22945181654962,0.19343378995488575,0.28420823820487867,142,20.0,20.0,300,20.05066723472193,18.53058931038907,1.5864333836361765e-05,7.896129201333548,0.0,4.204225352112676,5.26056338028169,5.826666666666667,0.0,1.0,30,30,loss,A
auc_comm,16,20,1.0,0,,True,0.5,0,0.4,1.0,8.676620069184937,0.9132337993081506,180.03943898252797,8.777615557003715,0.2538531684309168,0.3106872219752027,146,19.200000000000003,20.0,292,19.92464543991254,18.542637578754288,1.796712295139489e-05,7.836489536799627,0.0,2.8801369863013697,3.4863013698630136,5.955479452054795,0.0,1.0,30,30,loss,A
auc_comm,17,20,1.0,0,,True,0.5,0,0.4,1.0,8.863704958783348,0.9113629504121665,176.8688291718449,8.259280909501483,0.21363179804534796,0.27573964945761137,145,19.3,20.0,295,20.04414285233264,19.0068982921785,1.7018645007352707e-05,7.820033742972065,0.0,3.6551724137931036,4.63448275862069,5.5423728813559325,0.0,1.0,30,30,loss,A
auc_comm,18,20,1.0,0,,True,0.5,0,0.4,1.0,9.875568973257353,0.9012443102674265,178.58030070844342,8.50582662804326,0.20768279042449658,0.2878603679416992,149,19.400000000000002,20.0,294,19.705254964688297,18.0281874355016,1.6533674634232812e-05,7.851522414787117,0.0,5.225391498881432,6.429530201342282,5.782312925170068,0.0,1.0,30,30,loss,A
auc_comm,19,20,1.0,0,,True,0.5,0,0.4,1.0,6.268449665343201,0.937315503346568,182.1775514528693,10.0,0.24628068762728986,0.32882843021345454,163,20.900000000000002,20.0,311,19.678243618324053,17.595997503779085,1.8145013870102417e-05,7.787657539735048,0.0,2.602249488752556,3.2883435582822087,5.434083601286174,0.0,1.0,30,30,loss,A
auc_comm,20,20,1.0,0,,True,0.5,0,0.4,1.0,9.34878234970884,0.9065121765029116,166.92218127113443,7.994599014019486,0.16526408375088183,0.24188758668691926,134,18.5,20.0,284,19.976025844578324,18.6108393607787,1.904260593427109e-05,7.8240854688877794,0.0,2.958333333333334,3.925373134328358,6.176056338028169,0.0,1.0,30,30,loss,A
auc_comm,21,20,1.0,0,,True,0.5,0,0.4,1.0,8.53937741216132,0.9146062258783868,167.62102907870704,8.76301932390351,0.1805107136342868,0.29151090603320123,152,20.0,20.0,300,19.75125437578717,18.031977469270387,1.9026667966196936e-05,7.823233043209248,0.0,2.5032894736842106,3.151315789473684,5.596666666666667,0.0,1.0,30,30,loss,A
auc_comm,22,20,1.0,0,,True,0.5,0,0.4,1.0,7.789374369804547,0.9221062563019545,172.18312421223234,6.170644224317078,0.21551718052048172,0.3269792017303749,147,19.900000000000002,20.0,300,19.67319965812671,17.62119553581973,1.8160667192811767e-05,7.775964383245361,0.0,2.510204081632653,3.5238095238095237,5.976666666666667,0.0,1.0,30,30,loss,A
auc_comm,23,20,1.0,0,,True,0.5,0,0.4,1.0,10.612618763445225,0.8938738123655477,160.71251337638657,7.462860809017316,0.16281188523102327,0.23710255592203414,135,19.1,20.0,289,19.935989409331338,18.594012988585728,1.9839794010852033e-05,7.85608640865392,0.0,3.2364197530864196,4.037037037037037,5.5190311418685125,0.0,1.0,30,30,loss,A
auc_comm,24,20,1.0,0,,True,0.5,0,0.4,1.0,11.807320633583752,0.8819267936641625,168.50528709974327,9.519637725904401,0.21293439825518662,0.32118841065995735,157,20.900000000000002,20.0,310,19.364553580987067,17.671891353454924,1.9263869316707695e-05,7.898278405053789,0.0,6.085987261146497,6.643312101910828,6.512903225806451,0.0,1.0,30,30,loss,A
auc_comm,25,20,1.0,0,,True,0.5,0,0.4,1.0,6.976155249017413,0.9302384475098259,172.08270618310272,8.414469614511946,0.18766706651178208,0.3118310257815427,172,22.8,20.0,329,19.229957560544847,17.27485265655393,1.4942555156137263e-05,7.768177981466347,0.0,2.2761627906976742,2.86046511627907,4.8844984802431615,0.0,1.0,30,30,loss,A
auc_comm,26,20,1.0,0,,True,0.5,0,0.4,1.0,9.500452954563453,0.9049954704543655,171.53552265012243,7.6204089067159435,0.24660170242564886,0.3458410134487613,155,20.1,20.0,303,19.121041787650903,16.479997571705493,1.9496369210960153e-05,7.8376769433581,0.0,3.076344086021505,3.6580645161290324,5.98019801980198,0.0,1.0,30,30,loss,A
auc_comm,27,20,1.0,0,,True,0.5,0,0.4,1.0,9.676416582346059,0.9032358341765394,165.69344697327017,9.125358974590084,0.142010879335438,0.22785576519064044,156,20.700000000000003,20.0,307,19.791114172973234,18.807504677895146,1.879120438969436e-05,7.875583408293105,0.0,3.0202991452991452,3.5,5.758957654723127,0.0,1.0,30,30,loss,A
auc_comm,28,20,1.0,0,,True,0.5,0,0.4,1.0,8.781872999163909,0.9121812700083609,175.66657243873877,9.403833884654052,0.23108228102647188,0.29613849022282757,136,19.8,20.0,294,19.827302712032655,18.39993546279495,1.6514966414835887e-05,7.8267736155486345,0.0,2.633578431372549,3.3308823529411766,5.860544217687075,0.0,1.0,30,30,loss,A
auc_comm,29,20,1.0,0,,True,0.5,0,0.4,1.0,9.538848459353622,0.9046115154064638,170.47575006002074,8.876066606895801,0.19832089050377918,0.2775630055458289,161,21.5,20.0,317,19.53356556676377,17.88971301412252,1.8097793724540655e-05,7.858743639762797,0.0,5.298136645962733,6.3229813664596275,5.681388012618297,0.0,1.0,30,30,loss,A
auc_comm,30,20,1.0,0,,True,0.5,0,0.4,1.0,7.765458827880223,0.9223454117211978,182.70197081906318,10.0,0.2165624690331604,0.2906543856805542,163,21.1,20.0,313,19.787003890613555,18.287545194856495,1.738178759468154e-05,7.780525984949885,0.0,2.723926380368098,3.3006134969325154,5.300319488817891,0.0,1.0,30,30,loss,A
auc_comm,1,20,1.0,0,,True,0.5,0,0.0,1.0,9.586835124858107,0.9041316487514189,178.8126513026955,8.187135740056435,0.19114511122864908,0.2509927449404233,136,19.700000000000003,20.0,289,20.05115646805317,18.757285842072417,1.2489619614898024e-05,7.814008466099244,0.0,3.4742647058823533,4.5588235294117645,2.121107266435986,0.0,1.0,30,30,async,A
auc_comm,2,20,1.0,0,,True,0.5,0,0.0,1.0,9.806921686406389,0.9019307831359361,170.65268291208366,6.929193358741448,0.2359988706060216,0.35931054441856564,158,20.6,20.0,307,19.432592071237753,17.652135327831505,1.4126385184435678e-05,7.7946111393553155,0.0,4.233122362869198,4.60126582278481,2.6319218241042344,0.0,1.0,30,30,async,A
auc_comm,3,20,1.0,0,,True,0.5,0,0.0,1.0,9.496822679256434,0.9050317732074357,169.30154488989996,10.0,0.13910575717979795,0.21726879507630345,165,21.700000000000003,20.0,318,19.625831812434882,18.635617891493656,1.2457863875787775e-05,7.866286592740914,0.0,2.902020202020202,3.6606060606060606,2.0,0.0,1.0,30,30,async,A
auc_comm,4,20,1.0,0,,True,0.5,0,0.0,1.0,8.962895759431333,0.9103710424056867,172.009138690258,6.995565928060085,0.3005810436907588,0.4446267794322749,181,22.3,20.0,336,18.420467869928377,15.248662097428328,1.2817559937026263e-05,7.737924218803046,0.0,3.1721915285451194,3.5801104972375692,2.4047619047619047,0.0,1.0,30,30,async,A
auc_comm,5,20,1.0,0,,True,0.5,0,0.0,1.0,9.409350000891692,0.9059064999910831,164.0300766100102,9.927322461848517,0.14417404334055228,0.2437925070529019,153,20.3,20.0,304,19.461639060266222,18.287310054993227,1.3140461975892417e-05,7.841818266885154,0.0,2.5599128540305007,3.084967320261438,1.9671052631578947,0.0,1.0,30,30,async,A
auc_comm,6,20,1.0,0,,True,0.5,0,0.0,1.0,8.89786032231228,0.9110213967768772,170.53703979065966,7.764655872606423,0.20054132690645388,0.32157787220166467,150,20.200000000000003,20.0,303,19.633515723931744,17.685194044772203,1.4184488493813933e-05,7.788389277223786,0.0,2.451111111111111,3.2266666666666666,2.3696369636963697,0.0,1.0,30,30,async,A
auc_comm,7,20,1.0,0,,True,0.5,0,0.0,1.0,9.774455757741606,0.9022554424225839,181.96067031714844,8.958026754820025,0.23296357649665045,0.2837511048247989,145,20.6,20.0,307,20.05287748368762,18.866283021218724,1.2579803462731818e-05,7.7784049136967575,0.0,3.1011494252873564,3.7448275862068967,2.205211726384365,0.0,1.0,30,30,async,A
auc_comm,8,20,1.0,0,,True,0.5,0,0.0,1.0,10.418728007037792,0.8958127199296221,180.14116798893815,8.26384030722736,0.20312550423391268,0.2628521208392882,141,20.6,20.0,298,20.146145776637187,18.943014507196462,1.3833222113824731e-05,7.811990881660625,0.0,3.882978723404255,5.120567375886525,2.4932885906040267,0.0,1.0,30,30,async,A
auc_comm,9,20,1.0,0,,True,0.5,0,0.0,1.0,7.649054868259652,0.9235094513174035,171.66468258466148,6.993607560899634,0.2100828787330719,0.3199556871221989,157,20.6,20.0,309,19.223963997250433,16.831530104599803,1.2776698362576538e-05,7.796774442486219,0.0,2.357749469214437,3.3184713375796178,2.103559870550162,0.0,1.0,30,30,async,A
auc_comm,10,20,1.0,0,,True,0.5,0,0.0,1.0,7.709927490223423,0.9229007250977658,172.5480300009993,7.964619676464885,0.2272072334111689,0.32080300908792736,152,19.900000000000002,20.0,301,19.61572453492759,17.9853021473882,1.3879069476775157e-05,7.80096138083475,0.0,1.944078947368421,2.4210526315789473,2.338870431893688,0.0,1.0,30,30,async,A
auc_comm,11,20,1.0,0,,True,0.5,0,0.0,1.0,9.044965941111771,0.9095503405888823,171.18711391844644,8.947602865002391,0.18429340427172747,0.2744164252704715,155,21.400000000000002,20.0,311,19.372387637417056,17.395799752535577,1.2771386115653051e-05,7.826072461526874,0.0,3.0951612903225807,4.012903225806451,2.112540192926045,0.0,1.0,30,30,async,A
auc_comm,12,20,1.0,0,,True,0.5,0,0.0,1.0,11.221058599993029,0.8877894140000697,167.4550674212678,8.2657390885073,0.1903283092213809,0.2573064639399551,151,21.1,20.0,304,19.870229869809997,18.47672072784763,1.3086841806254693e-05,7.8406846081814265,0.0,4.321192052980132,4.490066225165563,1.9967105263157894,0.0,1.0,30,30,async,A
auc_comm,13,20,1.0,0,,True,0.5,0,0.0,1.0,7.33603383880671,0.9266396616119329,170.79708477982234,8.111400016175148,0.19266711586664795,0.32648650124193707,158,22.1,20.0,322,19.048237080419227,17.1418462750934,1.299161531222024e-05,7.720153640281912,0.0,2.6951476793248945,3.607594936708861,1.9223602484472049,0.0,1.0,30,30,async,A
auc_comm,14,20,1.0,0,,True,0.5,0,0.0,1.0,11.17221973653617,0.8882778026346383,163.10257691573253,7.8862850919269185,0.1752053877060245,0.23618855761379132,145,19.700000000000003,20.0,295,19.88219147628682,18.769515100739284,1.3231861965446653e-05,7.814164319893776,0.0,2.947701149425287,3.8551724137931034,1.993220338983051,0.0,1.0,30,30,async,A
auc_comm,15,20,1.0,0,,True,0.5,0,0.0,1.0,10.445273124986032,0.8955472687501397,168.25837915316075,9.22945181654962,0.19343378995488575,0.28420823820487867,142,20.0,20.0,300,20.05066723472193,18.53058931038907,1.0772999958135188e-05,7.896129201333548,0.0,4.204225352112676,5.26056338028169,2.08,0.0,1.0,30,30,async,A
auc_comm,16,20,1.0,0,,True,0.5,0,0.0,1.0,8.676620069184937,0.9132337993081506,180.03943898252797,8.777615557003715,0.2538531684309168,0.3106872219752027,146,19.200000000000003,20.0,292,19.92464543991254,18.542637578754288,1.3806505929295943e-05,7.836489536799627,0.0,2.8801369863013697,3.4863013698630136,2.2945205479452055,0.0,1.0,30,30,async,A
auc_comm,17,20,1.0,0,,True,0.5,0,0.0,1.0,8.863704958783348,0.9113629504121665,176.8688291718449,8.259280909501483,0.21363179804534796,0.27573964945761137,145,19.3,20.0,295,20.04414285233264,19.0068982921785,1.1122375489922903e-05,7.820033742972065,0.0,3.6551724137931036,4.63448275862069,2.1898305084745764,0.0,1.0,30,30,async,A
auc_comm,18,20,1.0,0,,True,0.5,0,0.0,1.0,9.875568973257353,0.9012443102674265,178.58030070844342,8.50582662804326,0.20768279042449658,0.2878603679416992,149,19.400000000000002,20.0,294,19.705254964688297,18.0281874355016,1.2255104086013372e-05,7.851522414787117,0.0,5.225391498881432,6.429530201342282,2.142857142857143,0.0,1.0,30,30,async,A
auc_comm,19,20,1.0,0,,True,0.5,0,0.0,1.0,6.268449665343201,0.937315503346568,182.1775514528693,10.0,0.24628068762728986,0.32882843021345454,163,20.900000000000002,20.0,311,19.678243618324053,17.595997503779085,1.2364952339883594e-05,7.787657539735048,0.0,2.602249488752556,3.2883435582822087,2.09967845659164,0.0,1.0,30,30,async,A
auc_comm,20,20,1.0,0,,True,0.5,0,0.0,1.0,9.34878234970884,0.9065121765029116,166.92218127113443,7.994599014019486,0.16526408375088183,0.24188758668691926,134,18.5,20.0,284,19.976025844578324,18.6108393607787,1.3335915175791253e-05,7.8240854688877794,0.0,2.958333333333334,3.925373134328358,2.390845070422535,0.0,1.0,30,30,async,A
auc_comm,21,20,1.0,0,,True,0.5,0,0.0,1.0,8.53937741216132,0.9146062258783868,167.62102907870704,8.76301932390351,0.1805107136342868,0.29151090603320123,152,20.0,20.0,300,19.75125437578717,18.031977469270387,1.4041000007030865e-05,7.823233043209248,0.0,2.5032894736842106,3.151315789473684,2.1866666666666665,0.0,1.0,30,30,async,A
auc_comm,22,20,1.0,0,,True,0.5,0,0.0,1.0,7.789374369804547,0.9221062563019545,172.18312421223234,6.170644224317078,0.21551718052048172,0.3269792017303749,147,19.900000000000002,20.0,300,19.67319965812671,17.62119553581973,1.3037667570946118e-05,7.775964383245361,0.0,2.510204081632653,3.5238095238095237,2.45,0.0,1.0,30,30,async,A
auc_comm,23,20,1.0,0,,True,0.5,0,0.0,1.0,10.612618763445225,0.8938738123655477,160.71251337638657,7.462860809017316,0.16281188523102327,0.23710255592203414,135,19.1,20.0,289,19.935989409331338,18.594012988585728,1.2732526024797074e-05,7.85608640865392,0.0,3.2364197530864196,4.037037037037037,2.152249134948097,0.0,1.0,30,30,async,A
auc_comm,24,20,1.0,0,,True,0.5,0,0.0,1.0,11.807320633583752,0.8819267936641625,168.50528709974327,9.519637725904401,0.21293439825518662,0.32118841065995735,157,20.900000000000002,20.0,310,19.364553580987067,17.671891353454924,1.333967741248348e-05,7.898278405053789,0.0,6.085987261146497,6.643312101910828,2.632258064516129,0.0,1.0,30,30,async,A
auc_comm,25,20,1.0,0,,True,0.5,0,0.0,1.0,6.976155249017413,0.9302384475098259,172.08270618310272,8.414469614511946,0.18766706651178208,0.3118310257815427,172,22.8,20.0,329,19.229957560544847,17.27485265655393,1.3792098076634766e-05,7.768177981466347,0.0,2.2761627906976742,2.86046511627907,2.0972644376899696,0.0,1.0,30,30,async,A
auc_comm,26,20,1.0,0,,True,0.5,0,0.0,1.0,9.479629500716058,0.9052037049928394,171.59593553345937,7.343726877258726,0.24611998357702225,0.3452629974144419,155,20.1,20.0,303,19.116136864443522,16.479997571705493,1.4524093503286147e-05,7.837822358662884,0.0,3.076344086021505,3.6580645161290324,2.3597359735973598,0.0,1.0,30,30,async,A
auc_comm,27,20,1.0,0,,True,0.5,0,0.0,1.0,9.676416582346059,0.9032358341765394,165.69344697327017,9.125358974590084,0.142010879335438,0.22785576519064044,156,20.700000000000003,20.0,307,19.791114172973234,18.807504677895146,1.4078501894075047e-05,7.875583408293105,0.0,3.0202991452991452,3.5,2.188925081433225,0.0,1.0,30,30,async,A
auc_comm,28,20,1.0,0,,True,0.5,0,0.0,1.0,8.781872999163909,0.9121812700083609,175.66657243873877,9.403833884654052,0.23108228102647188,0.29613849022282757,136,19.8,20.0,294,19.827302712032655,18.39993546279495,1.1973130733699721e-05,7.8267736155486345,0.0,2.633578431372549,3.3308823529411766,2.251700680272109,0.0,1.0,30,30,async,A
auc_comm,29,20,1.0,0,,True,0.5,0,0.0,1.0,9.538848459353622,0.9046115154064638,170.47575006002074,8.876066606895801,0.19832089050377918,0.2775630055458289,161,21.5,20.0,317,19.53356556676377,17.88971301412252,1.148832631400237e-05,7.858743639762797,0.0,5.298136645962733,6.3229813664596275,2.305993690851735,0.0,1.0,30,30,async,A
auc_comm,30,20,1.0,0,,True,0.5,0,0.0,1.0,7.765458827880223,0.9223454117211978,182.70197081906318,10.0,0.2165624690331604,0.2906543856805542,163,21.1,20.0,313,19.787003890613555,18.287545194856495,1.0189776771520368e-05,7.780525984949885,0.0,2.723926380368098,3.3006134969325154,2.182108626198083,0.0,1.0,30,30,async,A
auc_comm,1,20,1.0,0,,True,0.5,0,0.0,0.9,9.586835124858107,0.9041316487514189,178.8126513026955,8.187135740056435,0.19114511122864908,0.2509927449404233,136,19.700000000000003,20.0,289,20.05115646805317,18.757285842072417,1.3989966989504528e-05,7.814008466099244,0.0,3.4742647058823533,4.5588235294117645,2.698961937716263,0.0,1.0,30,30,async,A
auc_comm,2,20,1.0,0,,True,0.5,0,0.0,0.9,9.806921686406389,0.9019307831359361,170.65268291208366,6.929193358741448,0.2359988706060216,0.35931054441856564,158,20.6,20.0,307,19.432592071237753,17.652135327831505,1.2060587904158166e-05,7.7946111393553155,0.0,4.233122362869198,4.60126582278481,3.1335504885993486,0.0,1.0,30,30,async,A
auc_comm,3,20,1.0,0,,True,0.5,0,0.0,0.9,9.496822679256434,0.9050317732074357,169.30154488989996,10.0,0.13910575717979795,0.21726879507630345,165,21.700000000000003,20.0,318,19.625831812434882,18.635617891493656,1.4223584666578743e-05,7.866286592740914,0.0,2.902020202020202,3.6606060606060606,2.5157232704402515,0.0,1.0,30,30,async,A
auc_comm,4,20,1.0,0,,True,0.5,0,0.0,0.9,8.962895759431333,0.9103710424056867,172.009138690258,6.995565928060085,0.3005810436907588,0.4446267794322749,181,22.3,20.0,336,18.420467869928377,15.248662097428328,1.0667259630281478e-05,7.737924218803046,0.0,3.1721915285451194,3.5801104972375692,2.931547619047619,0.0,1.0,30,30,async,A
auc_comm,5,20,1.0,0,,True,0.5,0,0.0,0.9,9.409350000891692,0.9059064999910831,164.0300766100102,9.927322461848517,0.14417404334055228,0.2437925070529019,153,20.3,20.0,304,19.461639060266222,18.287310054993227,1.4120393883020274e-05,7.841818266885154,0.0,2.5599128540305007,3.084967320261438,2.539473684210526,0.0,1.0,30,30,async,A
auc_comm,6,20,1.0,0,,True,0.5,0,0.0,0.9,8.89786032231228,0.9110213967768772,170.53703979065966,7.764655872606423,0.20054132690645388,0.32157787220166467,150,20.200000000000003,20.0,303,19.633515723931744,17.685194044772203,1.426633384398403e-05,7.788389277223786,0.0,2.451111111111111,3.2266666666666666,2.891089108910891,0.0,1.0,30,30,async,A
auc_comm,7,20,1.0,0,,True,0.5,0,0.0,0.9,9.852245988129527,0.9014775401187047,181.96311255481274,8.906194867213443,0.23231132795562753,0.28390229246299586,145,20.6,20.0,307,20.05287748368762,18.866283021218724,1.2910750608114641e-05,7.7781540521850525,0.0,3.0045977011494256,3.56551724137931,2.762214983713355,0.0,1.0,30,30,async,A
auc_comm,8,20,1.0,0,,True,0.5,0,0.0,0.9,10.418728007037792,0.8958127199296221,180.14116798893815,8.26384030722736,0.20312550423391268,0.2628521208392882,141,20.6,20.0,298,20.146145776637187,18.943014507196462,1.2292952476781887e-05,7.811990881660625,0.0,3.882978723404255,5.120567375886525,3.0939597315436242,0.0,1.0,30,30,async,A
auc_comm,9,20,1.0,0,,True,0.5,0,0.0,0.9,7.649054868259652,0.9235094513174035,171.66468258466148,6.993607560899634,0.2100828787330719,0.3199556871221989,157,20.6,20.0,309,19.223963997250433,16.831530104599803,1.334887175763502e-05,7.796774442486219,0.0,2.357749469214437,3.3184713375796178,2.644012944983819,0.0,1.0,30,30,async,A
auc_comm,10,20,1.0,0,,True,0.5,0,0.0,0.9,7.709927490223423,0.9229007250977658,172.5480300009993,7.964619676464885,0.2272072334111689,0.32080300908792736,152,19.900000000000002,20.0,301,19.61572453492759,17.9853021473882,1.1502990021101165e-05,7.80096138083475,0.0,1.944078947368421,2.4210526315789473,2.7940199335548175,0.0,1.0,30,30,async,A
auc_comm,11,20,1.0,0,,True,0.5,0,0.0,0.9,9.044965941111771,0.9095503405888823,171.18711391844644,8.947602865002391,0.18429340427172747,0.2744164252704715,155,21.400000000000002,20.0,311,19.372387637417056,17.395799752535577,1.1954019168074396e-05,7.826072461526874,0.0,3.0951612903225807,4.012903225806451,2.540192926045016,0.0,1.0,30,30,async,A
auc_comm,12,20,1.0,0,,True,0.5,0,0.0,0.9,11.221058599993029,0.8877894140000697,167.4550674212678,8.2657390885073,0.1903283092213809,0.2573064639399551,151,21.1,20.0,304,19.870229869809997,18.47672072784763,1.1146051148994287e-05,7.8406846081814265,0.0,4.321192052980132,4.490066225165563,2.664473684210526,0.0,1.0,30,30,async,A
auc_comm,13,20,1.0,0,,True,0.5,0,0.0,0.9,7.33603383880671,0.9266396616119329,170.79708477982234,8.111400016175148,0.19266711586664795,0.32648650124193707,158,22.1,20.0,322,19.048237080419227,17.1418462750934,1.1453416591845685e-05,7.720153640281912,0.0,2.6951476793248945,3.607594936708861,2.3633540372670807,0.0,1.0,30,30,async,A
auc_comm,14,20,1.0,0,,True,0.5,0,0.0,0.9,11.17221973653617,0.8882778026346383,163.10257691573253,7.8862850919269185,0.1752053877060245,0.23618855761379132,145,19.700000000000003,20.0,295,19.88219147628682,18.769515100739284,1.0863052665303319e-05,7.814164319893776,0.0,2.947701149425287,3.8551724137931034,2.538983050847458,0.0,1.0,30,30,async,A
auc_comm,15,20,1.0,0,,True,0.5,0,0.0,0.9,10.445273124986032,0.8955472687501397,168.25837915316075,9.22945181654962,0.19343378995488575,0.28420823820487867,142,20.0,20.0,300,20.05066723472193,18.53058931038907,1.1255333277707298e-05,7.896129201333548,0.0,4.204225352112676,5.26056338028169,2.6866666666666665,0.0,1.0,30,30,async,A
auc_comm,16,20,1.0,0,,True,0.5,0,0.0,0.9,8.676620069184937,0.9132337993081506,180.03943898252797,8.777615557003715,0.2538531684309168,0.3106872219752027,146,19.200000000000003,20.0,292,19.92464543991254,18.542637578754288,1.1304795681435155e-05,7.836489536799627,0.0,2.8801369863013697,3.4863013698630136,2.8219178082191783,0.0,1.0,30,30,async,A
auc_comm,17,20,1.0,0,,True,0.5,0,0.0,0.9,8.863704958783348,0.9113629504121665,176.8688291718449,8.259280909501483,0.21363179804534796,0.27573964945761137,145,19.3,20.0,295,20.04414285233264,19.0068982921785,1.2950508231770689e-05,7.820033742972065,0.0,3.6551724137931036,4.63448275862069,2.7186440677966104,0.0,1.0,30,30,async,A
auc_comm,18,20,1.0,0,,True,0.5,0,0.0,0.9,9.875568973257353,0.9012443102674265,178.58030070844342,8.50582662804326,0.20768279042449658,0.2878603679416992,149,19.400000000000002,20.0,294,19.705254964688297,18.0281874355016,1.527312933150552e-05,7.851522414787117,0.0,5.225391498881432,6.429530201342282,2.751700680272109,0.0,1.0,30,30,async,A
auc_comm,19,20,1.0,0,,True,0.5,0,0.0,0.9,6.268449665343201,0.937315503346568,182.1775514528693,10.0,0.24628068762728986,0.32882843021345454,163,20.900000000000002,20.0,311,19.678243618324053,17.595997503779085,1.3659485478037998e-05,7.787657539735048,0.0,2.602249488752556,3.2883435582822087,2.630225080385852,0.0,1.0,30,30,async,A
auc_comm,20,20,1.0,0,,True,0.5,0,0.0,0.9,9.34878234970884,0.9065121765029116,166.92218127113443,7.994599014019486,0.16526408375088183,0.24188758668691926,134,18.5,20.0,284,19.976025844578324,18.6108393607787,1.7573591321706772e-05,7.8240854688877794,0.0,2.958333333333334,3.925373134328358,2.915492957746479,0.0,1.0,30,30,async,A
auc_comm,21,20,1.0,0,,True,0.5,0,0.0,0.9,8.53937741216132,0.9146062258783868,167.62102907870704,8.76301932390351,0.1805107136342868,0.29151090603320123,152,20.0,20.0,300,19.75125437578717,18.031977469270387,1.5719664903978508e-05,7.823233043209248,0.0,2.5032894736842106,3.151315789473684,2.6266666666666665,0.0,1.0,30,30,async,A
auc_comm,22,20,1.0,0,,True,0.5,0,0.0,0.9,7.789374369804547,0.9221062563019545,172.18312421223234,6.170644224317078,0.21551718052048172,0.3269792017303749,147,19.900000000000002,20.0,300,19.67319965812671,17.62119553581973,1.4664999131734172e-05,7.775964383245361,0.0,2.510204081632653,3.5238095238095237,2.92,0.0,1.0,30,30,async,A
auc_comm,23,20,1.0,0,,True,0.5,0,0.0,0.9,10.612618763445225,0.8938738123655477,160.71251337638657,7.462860809017316,0.16281188523102327,0.23710255592203414,135,19.1,20.0,289,19.935989409331338,18.594012988585728,1.6011071921516353e-05,7.85608640865392,0.0,3.2364197530864196,4.037037037037037,2.671280276816609,0.0,1.0,30,30,async,A
auc_comm,24,20,1.0,0,,True,0.5,0,0.0,0.9,11.807320633583752,0.8819267936641625,168.50528709974327,9.519637725904401,0.21293439825518662,0.32118841065995735,157,20.900000000000002,20.0,310,19.364553580987067,17.671891353454924,1.534838736387751e-05,7.898278405053789,0.0,6.085987261146497,6.643312101910828,3.138709677419355,0.0,1.0,30,30,async,A
auc_comm,25,20,1.0,0,,True,0.5,0,0.0,0.9,6.976155249017413,0.9302384475098259,172.08270618310272,8.414469614511946,0.18766706651178208,0.3118310257815427,172,22.8,20.0,329,19.229957560544847,17.27485265655393,1.462644332663176e-05,7.768177981466347,0.0,2.2761627906976742,2.86046511627907,2.507598784194529,0.0,1.0,30,30,async,A
auc_comm,26,20,1.0,0,,True,0.5,0,0.0,0.9,9.500395028139108,0.9049960497186089,171.53562654635735,7.6204089067159435,0.24660170242564886,0.3458410134487613,155,20.1,20.0,303,19.121045933587883,16.479997571705493,1.458250940546836e-05,7.837679694473334,0.0,3.076344086021505,3.6580645161290324,2.844884488448845,0.0,1.0,30,30,async,A
auc_comm,27,20,1.0,0,,True,0.5,0,0.0,0.9,9.676416582346059,0.9032358341765394,165.69344697327017,9.125358974590084,0.142010879335438,0.22785576519064044,156,20.700000000000003,20.0,307,19.791114172973234,18.807504677895146,1.4469381315627587e-05,7.875583408293105,0.0,3.0202991452991452,3.5,2.762214983713355,0.0,1.0,30,30,async,A
auc_comm,28,20,1.0,0,,True,0.5,0,0.0,0.9,8.781872999163909,0.9121812700083609,175.66657243873877,9.403833884654052,0.23108228102647188,0.29613849022282757,136,19.8,20.0,294,19.827302712032655,18.39993546279495,1.4347619603571741e-05,7.8267736155486345,0.0,2.633578431372549,3.3308823529411766,2.836734693877551,0.0,1.0,30,30,async,A
auc_comm,29,20,1.0,0,,True,0.5,0,0.0,0.9,9.538848459353622,0.9046115154064638,170.47575006002074,8.876066606895801,0.19832089050377918,0.2775630055458289,161,21.5,20.0,317,19.53356556676377,17.88971301412252,1.275772834784272e-05,7.858743639762797,0.0,5.298136645962733,6.3229813664596275,2.7981072555205047,0.0,1.0,30,30,async,A
auc_comm,30,20,1.0,0,,True,0.5,0,0.0,0.9,7.765458827880223,0.9223454117211978,182.70197081906318,10.0,0.2165624690331604,0.2906543856805542,163,21.1,20.0,313,19.787003890613555,18.287545194856495,1.2121086876196698e-05,7.780525984949885,0.0,2.723926380368098,3.3006134969325154,2.693290734824281,0.0,1.0,30,30,async,A
auc_comm,1,20,1.0,0,,True,0.5,0,0.0,0.8,9.588464946707465,0.9041153505329254,178.84962710767934,8.135484888793624,0.1909053852012518,0.25069921766682035,136,19.700000000000003,20.0,289,20.05125799089581,18.757387364915054,1.2988925937266705e-05,7.813529095030881,0.0,3.476102941176471,4.5588235294117645,3.131487889273356,0.0,1.0,30,30,async,A
auc_comm,2,20,1.0,0,,True,0.5,0,0.0,0.8,9.806921686406389,0.9019307831359361,170.65268291208366,6.929193358741448,0.2359988706060216,0.35931054441856564,158,20.6,20.0,307,19.432592071237753,17.652135327831505,1.1448534349653056e-05,7.7946111393553155,0.0,4.233122362869198,4.60126582278481,3.6384364820846904,0.0,1.0,30,30,async,A
auc_comm,3,20,1.0,0,,True,0.5,0,0.0,0.8,9.496822679256434,0.9050317732074357,169.30154488989996,10.0,0.13910575717979795,0.21726879507630345,165,21.700000000000003,20.0,318,19.625831812434882,18.635617891493656,1.298050240923961e-05,7.866286592740914,0.0,2.902020202020202,3.6606060606060606,2.9245283018867925,0.0,1.0,30,30,async,A
auc_comm,4,20,1.0,0,,True,0.5,0,0.0,0.8,8.96274878004325,0.9103725121995675,172.00944585190493,6.995565928060085,0.3005810436907588,0.4446267794322749,181,22.3,20.0,336,18.420467869928377,15.248662097428328,1.1264881842570113e-05,7.737923453005093,0.0,3.1721915285451194,3.5801104972375692,3.3779761904761907,0.0,1.0,30,30,async,A
auc_comm,5,20,1.0,0,,True,0.5,0,0.0,0.8,9.409350000891692,0.9059064999910831,164.0300766100102,9.927322461848517,0.14417404334055228,0.2437925070529019,153,20.3,20.0,304,19.461639060266222,18.287310054993227,1.241216982874137e-05,7.841818266885154,0.0,2.5599128540305007,3.084967320261438,3.026315789473684,0.0,1.0,30,30,async,A
auc_comm,6,20,1.0,0,,True,0.5,0,0.0,0.8,8.897531790469237,0.9110246820953076,170.53030836072972,7.764655872606423,0.20019647133767,0.3213187779830155,150,20.200000000000003,20.0,303,19.632942647553826,17.686086231800232,1.2077886008783535e-05,7.788588819836879,0.0,2.453333333333333,3.2266666666666666,3.3069306930693068,0.0,1.0,30,30,async,A
auc_comm,7,20,1.0,0,,True,0.5,0,0.0,0.8,9.852245988129527,0.9014775401187047,181.96311255481274,8.906194867213443,0.23231132795562753,0.28390229246299586,145,20.6,20.0,307,20.05287748368762,18.866283021218724,1.3297393384119587e-05,7.7781540521850525,0.0,3.0045977011494256,3.56551724137931,3.244299674267101,0.0,1.0,30,30,async,A
auc_comm,8,20,1.0,0,,True,0.5,0,0.0,0.8,10.418728007037792,0.8958127199296221,180.14116798893815,8.26384030722736,0.20312550423391268,0.2628521208392882,141,20.6,20.0,298,20.146145776637187,18.943014507196462,1.1919462629875181e-05,7.811990881660625,0.0,3.882978723404255,5.120567375886525,3.5838926174496644,0.0,1.0,30,30,async,A
auc_comm,9,20,1.0,0,,True,0.5,0,0.0,0.8,7.649054868259652,0.9235094513174035,171.66468258466148,6.993607560899634,0.2100828787330719,0.3199556871221989,157,20.6,20.0,309,19.223963997250433,16.831530104599803,1.3805178565223337e-05,7.796774442486219,0.0,2.357749469214437,3.3184713375796178,3.1067961165048543,0.0,1.0,30,30,async,A
auc_comm,10,20,1.0,0,,True,0.5,0,0.0,0.8,7.709927490223423,0.9229007250977658,172.5480300009993,7.964619676464885,0.2272072334111689,0.32080300908792736,152,19.900000000000002,20.0,301,19.61572453492759,17.9853021473882,1.3801994411726528e-05,7.80096138083475,0.0,1.944078947368421,2.4210526315789473,3.222591362126246,0.0,1.0,30,30,async,A
auc_comm,11,20,1.0,0,,True,0.5,0,0.0,0.8,9.044965941111771,0.9095503405888823,171.18711391844644,8.947602865002391,0.18429340427172747,0.2744164252704715,155,21.400000000000002,20.0,311,19.372387637417056,17.395799752535577,1.744308731282112e-05,7.826072461526874,0.0,3.0951612903225807,4.012903225806451,2.977491961414791,0.0,1.0,30,30,async,A
auc_comm,12,20,1.0,0,,True,0.5,0,0.0,0.8,11.221058599993029,0.8877894140000697,167.4550674212678,8.2657390885073,0.1903283092213809,0.2573064639399551,151,21.1,20.0,304,19.870229869809997,18.47672072784763,1.4756908249661424e-05,7.8406846081814265,0.0,4.321192052980132,4.490066225165563,3.0921052631578947,0.0,1.0,30,30,async,A
auc_comm,13,20,1.0,0,,True,0.5,0,0.0,0.8,7.33603383880671,0.9266396616119329,170.79708477982234,8.111400016175148,0.19266711586664795,0.32648650124193707,158,22.1,20.0,322,19.048237080419227,17.1418462750934,1.4654035869442066e-05,7.720153640281912,0.0,2.6951476793248945,3.607594936708861,2.7763975155279503,0.0,1.0,30,30,async,A
auc_comm,14,20,1.0,0,,True,0.5,0,0.0,0.8,11.17221973653617,0.8882778026346383,163.10257691573253,7.8862850919269185,0.1752053877060245,0.23618855761379132,145,19.700000000000003,20.0,295,19.88219147628682,18.769515100739284,1.5343051261694754e-05,7.814164319893776,0.0,2.947701149425287,3.8551724137931034,3.0305084745762714,0.0,1.0,30,30,async,A
auc_comm,15,20,1.0,0,,True,0.5,0,0.0,0.8,10.445273124986032,0.8955472687501397,168.25837915316075,9.22945181654962,0.19343378995488575,0.28420823820487867,142,20.0,20.0,300,20.05066723472193,18.53058931038907,1.603700142974655e-05,7.896129201333548,0.0,4.204225352112676,5.26056338028169,3.1766666666666667,0.0,1.0,30,30,async,A
auc_comm,16,20,1.0,0,,True,0.5,0,0.0,0.8,8.676620069184937,0.9132337993081506,180.03943898252797,8.777615557003715,0.2538531684309168,0.3106872219752027,146,19.200000000000003,20.0,292,19.92464543991254,18.542637578754288,1.5064381455288153e-05,7.836489536799627,0.0,2.8801369863013697,3.4863013698630136,3.315068493150685,0.0,1.0,30,30,async,A
auc_comm,17,20,1.0,0,,True,0.5,0,0.0,0.8,8.863704958783348,0.9113629504121665,176.8688291718449,8.259280909501483,0.21363179804534796,0.27573964945761137,145,19.3,20.0,295,20.04414285233264,19.0068982921785,1.4848135395954222e-05,7.820033742972065,0.0,3.6551724137931036,4.63448275862069,3.077966101694915,0.0,1.0,30,30,async,A
auc_comm,18,20,1.0,0,,True,0.5,0,0.0,0.8,9.875568973257353,0.9012443102674265,178.58030070844342,8.50582662804326,0.20768279042449658,0.2878603679416992,149,19.400000000000002,20.0,294,19.705254964688297,18.0281874355016,1.6601019314027766e-05,7.851522414787117,0.0,5.225391498881432,6.429530201342282,3.183673469387755,0.0,1.0,30,30,async,A
auc_comm,19,20,1.0,0,,True,0.5,0,0.0,0.8,6.046990931388219,0.9395300906861178,183.01841837513848,10.0,0.2442970304951833,0.3278276152874234,163,20.900000000000002,20.0,311,19.68546231956252,17.610686213115873,1.3642445980747892e-05,7.7797455505115884,0.0,2.621676891615542,3.2883435582822087,2.9067524115755625,0.0,1.0,30,30,async,A
auc_comm,20,20,1.0,0,,True,0.5,0,0.0,0.8,9.34878234970884,0.9065121765029116,166.92218127113443,7.994599014019486,0.16526408375088183,0.24188758668691926,134,18.5,20.0,284,19.976025844578324,18.6108393607787,1.68112710013356e-05,7.8240854688877794,0.0,2.958333333333334,3.925373134328358,3.387323943661972,0.0,1.0,30,30,async,A
auc_comm,21,20,1.0,0,,True,0.5,0,0.0,0.8,8.53937741216132,0.9146062258783868,167.62102907870704,8.76301932390351,0.1805107136342868,0.29151090603320123,152,20.0,20.0,300,19.75125437578717,18.031977469270387,1.5061668042714397e-05,7.823233043209248,0.0,2.5032894736842106,3.151315789473684,3.06,0.0,1.0,30,30,async,A
auc_comm,22,20,1.0,0,,True,0.5,0,0.0,0.8,7.789374369804547,0.9221062563019545,172.18312421223234,6.170644224317078,0.21551718052048172,0.3269792017303749,147,19.900000000000002,20.0,300,19.67319965812671,17.62119553581973,1.4462333056144416e-05,7.775964383245361,0.0,2.510204081632653,3.5238095238095237,3.43,0.0,1.0,30,30,async,A
auc_comm,23,20,1.0,0,,True,0.5,0,0.0,0.8,10.612618763445225,0.8938738123655477,160.71251337638657,7.462860809017316,0.16281188523102327,0.23710255592203414,135,19.1,20.0,289,19.935989409331338,18.594012988585728,1.629204050215625e-05,7.85608640865392,0.0,3.2364197530864196,4.037037037037037,3.14878892733564,0.0,1.0,30,30,async,A
auc_comm,24,20,1.0,0,,True,0.5,0,0.0,0.8,11.807320633583752,0.8819267936641625,168.50528709974327,9.519637725904401,0.21293439825518662,0.32118841065995735,157,20.900000000000002,20.0,310,19.364553580987067,17.671891353454924,1.485419437108982e-05,7.898278405053789,0.0,6.085987261146497,6.643312101910828,3.567741935483871,0.0,1.0,30,30,async,A
auc_comm,25,20,1.0,0,,True,0.5,0,0.0,0.8,6.977261647137778,0.9302273835286222,172.06129763038453,8.414469614511946,0.18756838230125578,0.31159358517816066,172,22.8,20.0,329,19.23060040369098,17.271475463571473,1.5344680039251738e-05,7.768418527658918,0.0,2.2761627906976742,2.86046511627907,2.844984802431611,0.0,1.0,30,30,async,A
auc_comm,26,20,1.0,0,,True,0.5,0,0.0,0.8,9.507268084697484,0.9049273191530252,171.5172055263348,7.619781566523986,0.24753277022726589,0.34675026160190336,155,20.1,20.0,303,19.126681638260575,16.479997571705493,1.4122111012808758e-05,7.837428214542132,0.0,3.07741935483871,3.6580645161290324,3.34983498349835,0.0,1.0,30,30,async,A
auc_comm,27,20,1.0,0,,True,0.5,0,0.0,0.8,9.676416582346059,0.9032358341765394,165.69344697327017,9.125358974590084,0.142010879335438,0.22785576519064044,156,20.700000000000003,20.0,307,19.791114172973234,18.807504677895146,1.4691528673086571e-05,7.875583408293105,0.0,3.0202991452991452,3.5,3.214983713355049,0.0,1.0,30,30,async,A
auc_comm,28,20,1.0,0,,True,0.5,0,0.0,0.8,8.781872999163909,0.9121812700083609,175.66657243873877,9.403833884654052,0.23108228102647188,0.29613849022282757,136,19.8,20.0,294,19.827302712032655,18.39993546279495,1.401938858353311e-05,7.8267736155486345,0.0,2.633578431372549,3.3308823529411766,3.3299319727891157,0.0,1.0,30,30,async,A
auc_comm,29,20,1.0,0,,True,0.5,0,0.0,0.8,9.538848459353622,0.9046115154064638,170.47575006002074,8.876066606895801,0.19832089050377918,0.2775630055458289,161,21.5,20.0,317,19.53356556676377,17.88971301412252,1.1799686253423383e-05,7.858743639762797,0.0,5.298136645962733,6.3229813664596275,3.1798107255520507,0.0,1.0,30,30,async,A
auc_comm,30,20,1.0,0,,True,0.5,0,0.0,0.8,7.765458827880223,0.9223454117211978,182.70197081906318,10.0,0.2165624690331604,0.2906543856805542,163,21.1,20.0,313,19.787003890613555,18.287545194856495,1.1854631545099493e-05,7.780525984949885,0.0,2.723926380368098,3.3006134969325154,3.0638977635782747,0.0,1.0,30,30,async,A
auc_comm,1,20,1.0,0,,True,0.5,0,0.0,0.7,9.588464946707465,0.9041153505329254,178.84962710767934,8.135484888793624,0.1909053852012518,0.25069921766682035,136,19.700000000000003,20.0,289,20.05125799089581,18.757387364915054,1.3392735643241439e-05,7.813529095030881,0.0,3.476102941176471,4.5588235294117645,3.6366782006920415,0.0,1.0,30,30,async,A
auc_comm,2,20,1.0,0,,True,0.5,0,0.0,0.7,9.645644340235037,0.9035435565976496,173.93579976414765,7.039622122296653,0.24624511572174304,0.3641565743940009,158,20.6,20.0,307,19.429494167422128,17.652135327831505,1.2036808273460753e-05,7.7953547288829075,0.0,4.217299578059071,4.639240506329114,4.671009771986971,0.0,1.0,30,30,async,A
auc_comm,3,20,1.0,0,,True,0.5,0,0.0,0.7,9.496822679256434,0.9050317732074357,169.30154488989996,10.0,0.13910575717979795,0.21726879507630345,165,21.700000000000003,20.0,318,19.625831812434882,18.635617891493656,1.264716818512845e-05,7.866286592740914,0.0,2.902020202020202,3.6606060606060606,3.3773584905660377,0.0,1.0,30,30,async,A
auc_comm,4,20,1.0,0,,True,0.5,0,0.0,0.7,8.96274878004325,0.9103725121995675,172.00944585190493,6.995565928060085,0.3005810436907588,0.4446267794322749,181,22.3,20.0,336,18.420467869928377,15.248662097428328,1.1715774148580663e-05,7.737923453005093,0.0,3.1721915285451194,3.5801104972375692,3.9285714285714284,0.0,1.0,30,30,async,A
auc_comm,5,20,1.0,0,,True,0.5,0,0.0,0.7,9.409350000891692,0.9059064999910831,164.0300766100102,9.927322461848517,0.14417404334055228,0.2437925070529019,153,20.3,20.0,304,19.461639060266222,18.287310054993227,1.1587831211631725e-05,7.841818266885154,0.0,2.5599128540305007,3.084967320261438,3.473684210526316,0.0,1.0,30,30,async,A
auc_comm,6,20,1.0,0,,True,0.5,0,0.0,0.7,8.897531790469237,0.9110246820953076,170.53030836072972,7.764655872606423,0.20019647133767,0.3213187779830155,150,20.200000000000003,20.0,303,19.632942647553826,17.686086231800232,1.3873597726889766e-05,7.788588819836879,0.0,2.453333333333333,3.2266666666666666,3.7854785478547854,0.0,1.0,30,30,async,A
auc_comm,7,20,1.0,0,,True,0.5,0,0.0,0.7,9.852245988129527,0.9014775401187047,181.96311255481274,8.906194867213443,0.23231132795562753,0.28390229246299586,145,20.6,20.0,307,20.05287748368762,18.866283021218724,1.4627035343200454e-05,7.7781540521850525,0.0,3.0045977011494256,3.56551724137931,3.6710097719869705,0.0,1.0,30,30,async,A
auc_comm,8,20,1.0,0,,True,0.5,0,0.0,0.7,10.418728007037792,0.8958127199296221,180.14116798893815,8.26384030722736,0.20312550423391268,0.2628521208392882,141,20.6,20.0,298,20.146145776637187,18.943014507196462,1.5799661093522738e-05,7.811990881660625,0.0,3.882978723404255,5.120567375886525,4.214765100671141,0.0,1.0,30,30,async,A
auc_comm,9,20,1.0,0,,True,0.5,0,0.0,0.7,7.649054868259652,0.9235094513174035,171.66468258466148,6.993607560899634,0.2100828787330719,0.3199556871221989,157,20.6,20.0,309,19.223963997250433,16.831530104599803,1.5971847413511626e-05,7.796774442486219,0.0,2.357749469214437,3.3184713375796178,3.5663430420711975,0.0,1.0,30,30,async,A
auc_comm,10,20,1.0,0,,True,0.5,0,0.0,0.7,7.709927490223423,0.9229007250977658,172.5480300009993,7.964619676464885,0.2272072334111689,0.32080300908792736,152,19.900000000000002,20.0,301,19.61572453492759,17.9853021473882,1.616810624057619e-05,7.80096138083475,0.0,1.944078947368421,2.4210526315789473,3.7176079734219267,0.0,1.0,30,30,async,A
auc_comm,11,20,1.0,0,,True,0.5,0,0.0,0.7,9.044965941111771,0.9095503405888823,171.18711391844644,8.947602865002391,0.18429340427172747,0.2744164252704715,155,21.400000000000002,20.0,311,19.372387637417056,17.395799752535577,1.4839548665515097e-05,7.826072461526874,0.0,3.0951612903225807,4.012903225806451,3.4115755627009645,0.0,1.0,30,30,async,A
auc_comm,12,20,1.0,0,,True,0.5,0,0.0,0.7,11.221058599993029,0.8877894140000697,167.4550674212678,8.2657390885073,0.1903283092213809,0.2573064639399551,151,21.1,20.0,304,19.870229869809997,18.47672072784763,1.7014146004313308e-05,7.8406846081814265,0.0,4.321192052980132,4.490066225165563,3.588815789473684,0.0,1.0,30,30,async,A
auc_comm,13,20,1.0,0,,True,0.5,0,0.0,0.7,7.33603383880671,0.9266396616119329,170.79708477982234,8.111400016175148,0.19266711586664795,0.32648650124193707,158,22.1,20.0,322,19.048237080419227,17.1418462750934,1.6218632125579145e-05,7.720153640281912,0.0,2.6951476793248945,3.607594936708861,3.217391304347826,0.0,1.0,30,30,async,A
auc_comm,14,20,1.0,0,,True,0.5,0,0.0,0.7,11.17221973653617,0.8882778026346383,163.10257691573253,7.8862850919269185,0.1752053877060245,0.23618855761379132,145,19.700000000000003,20.0,295,19.88219147628682,18.769515100739284,1.6263390938609332e-05,7.814164319893776,0.0,2.947701149425287,3.8551724137931034,3.488135593220339,0.0,1.0,30,30,async,A
auc_comm,15,20,1.0,0,,True,0.5,0,0.0,0.7,10.445273124986032,0.8955472687501397,168.25837915316075,9.22945181654962,0.19343378995488575,0.28420823820487867,142,20.0,20.0,300,20.05066723472193,18.53058931038907,1.5989665989764034e-05,7.896129201333548,0.0,4.204225352112676,5.26056338028169,3.8266666666666667,0.0,1.0,30,30,async,A
auc_comm,16,20,1.0,0,,True,0.5,0,0.0,0.7,8.676620069184937,0.9132337993081506,180.03943898252797,8.777615557003715,0.2538531684309168,0.3106872219752027,146,19.200000000000003,20.0,292,19.92464543991254,18.542637578754288,1.569794413588992e-05,7.836489536799627,0.0,2.8801369863013697,3.4863013698630136,3.828767123287671,0.0,1.0,30,30,async,A
auc_comm,17,20,1.0,0,,True,0.5,0,0.0,0.7,8.863704958783348,0.9113629504121665,176.8688291718449,8.259280909501483,0.21363179804534796,0.27573964945761137,145,19.3,20.0,295,20.04414285233264,19.0068982921785,1.60905086609014e-05,7.820033742972065,0.0,3.6551724137931036,4.63448275862069,3.606779661016949,0.0,1.0,30,30,async,A
auc_comm,18,20,1.0,0,,True,0.5,0,0.0,0.7,9.875568973257353,0.9012443102674265,178.58030070844342,8.50582662804326,0.20768279042449658,0.2878603679416992,149,19.400000000000002,20.0,294,19.705254964688297,18.0281874355016,1.5382654766938618e-05,7.851522414787117,0.0,5.225391498881432,6.429530201342282,3.748299319727891,0.0,1.0,30,30,async,A
auc_comm,19,20,1.0,0,,True,0.5,0,0.0,0.7,6.046990931388219,0.9395300906861178,183.01841837513848,10.0,0.2442970304951833,0.3278276152874234,163,20.900000000000002,20.0,311,19.68546231956252,17.610686213115873,1.1732154585708567e-05,7.7797455505115884,0.0,2.621676891615542,3.2883435582822087,3.4565916398713825,0.0,1.0,30,30,async,A
auc_comm,20,20,1.0,0,,True,0.5,0,0.0,0.7,9.34878234970884,0.9065121765029116,166.92218127113443,7.994599014019486,0.16526408375088183,0.24188758668691926,134,18.5,20.0,284,19.976025844578324,18.6108393607787,1.6487677602923776e-05,7.8240854688877794,0.0,2.958333333333334,3.925373134328358,3.9119718309859155,0.0,1.0,30,30,async,A
auc_comm,21,20,1.0,0,,True,0.5,0,0.0,0.7,8.53937741216132,0.9146062258783868,167.62102907870704,8.76301932390351,0.1805107136342868,0.29151090603320123,152,20.0,20.0,300,19.75125437578717,18.031977469270387,1.534433162305504e-05,7.823233043209248,0.0,2.5032894736842106,3.151315789473684,3.5366666666666666,0.0,1.0,30,30,async,A
auc_comm,22,20,1.0,0,,True,0.5,0,0.0,0.7,7.789374369804547,0.9221062563019545,172.18312421223234,6.170644224317078,0.21551718052048172,0.3269792017303749,147,19.900000000000002,20.0,300,19.67319965812671,17.62119553581973,1.578900128758202e-05,7.775964383245361,0.0,2.510204081632653,3.5238095238095237,3.87,0.0,1.0,30,30,async,A
auc_comm,23,20,1.0,0,,True,0.5,0,0.0,0.7,10.612618763445225,0.8938738123655477,160.71251337638657,7.462860809017316,0.16281188523102327,0.23710255592203414,135,19.1,20.0,289,19.935989409331338,18.594012988585728,1.7073011681579285e-05,7.85608640865392,0.0,3.2364197530864196,4.037037037037037,3.698961937716263,0.0,1.0,30,30,async,A
auc_comm,24,20,1.0,0,,True,0.5,0,0.0,0.7,11.807320633583752,0.8819267936641625,168.50528709974327,9.519637725904401,0.21293439825518662,0.32118841065995735,157,20.900000000000002,20.0,310,19.364553580987067,17.671891353454924,1.6992577659567037e-05,7.898278405053789,0.0,6.085987261146497,6.643312101910828,4.096774193548387,0.0,1.0,30,30,async,A
auc_comm,25,20,1.0,0,,True,0.5,0,0.0,0.7,6.977261647137778,0.9302273835286222,172.06129763038453,8.414469614511946,0.18756838230125578,0.31159358517816066,172,22.8,20.0,329,19.23060040369098,17.271475463571473,1.5751975142654588e-05,7.768418527658918,0.0,2.2761627906976742,2.86046511627907,3.2066869300911853,0.0,1.0,30,30,async,A
auc_comm,26,20,1.0,0,,True,0.5,0,0.0,0.7,9.507268084697484,0.9049273191530252,171.5172055263348,7.619781566523986,0.24753277022726589,0.34675026160190336,155,20.1,20.0,303,19.126681638260575,16.479997571705493,1.4100329629253142e-05,7.837428214542132,0.0,3.07741935483871,3.6580645161290324,3.8283828382838285,0.0,1.0,30,30,async,A
auc_comm,27,20,1.0,0,,True,0.5,0,0.0,0.7,9.676416582346059,0.9032358341765394,165.69344697327017,9.125358974590084,0.142010879335438,0.22785576519064044,156,20.700000000000003,20.0,307,19.791114172973234,18.807504677895146,1.5935505071430428e-05,7.875583408293105,0.0,3.0202991452991452,3.5,3.798045602605863,0.0,1.0,30,30,async,A
auc_comm,28,20,1.0,0,,True,0.5,0,0.0,0.7,8.781872999163909,0.9121812700083609,175.66657243873877,9.403833884654052,0.23108228102647188,0.29613849022282757,136,19.8,20.0,294,19.827302712032655,18.39993546279495,1.4668027038819023e-05,7.8267736155486345,0.0,2.633578431372549,3.3308823529411766,3.931972789115646,0.0,1.0,30,30,async,A
auc_comm,29,20,1.0,0,,True,0.5,0,0.0,0.7,9.538848459353622,0.9046115154064638,170.47575006002074,8.876066606895801,0.19832089050377918,0.2775630055458289,161,21.5,20.0,317,19.53356556676377,17.88971301412252,1.2651102379410989e-05,7.858743639762797,0.0,5.298136645962733,6.3229813664596275,3.7097791798107256,0.0,1.0,30,30,async,A
auc_comm,30,20,1.0,0,,True,0.5,0,0.0,0.7,7.765458827880223,0.9223454117211978,182.70197081906318,10.0,0.2165624690331604,0.2906543856805542,163,21.1,20.0,313,19.787003890613555,18.287545194856495,1.2960702444191653e-05,7.780525984949885,0.0,2.723926380368098,3.3006134969325154,3.5143769968051117,0.0,1.0,30,30,async,A
auc_comm,1,20,1.0,0,,True,0.5,0,0.0,0.6,9.588464946707465,0.9041153505329254,178.84962710767934,8.135484888793624,0.1909053852012518,0.25069921766682035,136,19.700000000000003,20.0,289,20.05125799089581,18.757387364915054,1.678927491377124e-05,7.813529095030881,0.0,3.476102941176471,4.5588235294117645,4.235294117647059,0.0,1.0,30,30,async,A
auc_comm,2,20,1.0,0,,True,0.5,0,0.0,0.6,9.645644340235037,0.9035435565976496,173.93579976414765,7.039622122296653,0.24624511572174304,0.3641565743940009,158,20.6,20.0,307,19.429494167422128,17.652135327831505,1.6705534786459193e-05,7.7953547288829075,0.0,4.217299578059071,4.639240506329114,5.322475570032573,0.0,1.0,30,30,async,A
auc_comm,3,20,1.0,0,,True,0.5,0,0.0,0.6,9.496822679256434,0.9050317732074357,169.30154488989996,10.0,0.13910575717979795,0.21726879507630345,165,21.700000000000003,20.0,318,19.625831812434882,18.635617891493656,1.5105660997460004e-05,7.866286592740914,0.0,2.902020202020202,3.6606060606060606,4.10062893081761,0.0,1.0,30,30,async,A
auc_comm,4,20,1.0,0,,True,0.5,0,0.0,0.6,8.96274878004325,0.9103725121995675,172.00944585190493,6.995565928060085,0.3005810436907588,0.4446267794322749,181,22.3,20.0,336,18.420467869928377,15.248662097428328,1.7382738795796676e-05,7.737923453005093,0.0,3.1721915285451194,3.5801104972375692,4.607142857142857,0.0,1.0,30,30,async,A
auc_comm,5,20,1.0,0,,True,0.5,0,0.0,0.6,9.409350000891692,0.9059064999910831,164.0300766100102,9.927322461848517,0.14417404334055228,0.2437925070529019,153,20.3,20.0,304,19.461639060266222,18.287310054993227,1.7784539331363415e-05,7.841818266885154,0.0,2.5599128540305007,3.084967320261438,4.118421052631579,0.0,1.0,30,30,async,A
auc_comm,6,20,1.0,0,,True,0.5,0,0.0,0.6,8.89786032231228,0.9110213967768772,170.53703979065966,7.764655872606423,0.20054132690645388,0.32157787220166467,150,20.200000000000003,20.0,303,19.633515723931744,17.685194044772203,1.6976236642366e-05,7.788389277223786,0.0,2.451111111111111,3.2266666666666666,4.570957095709571,0.0,1.0,30,30,async,A
auc_comm,7,20,1.0,0,,True,0.5,0,0.0,0.6,9.852245988129527,0.9014775401187047,181.96311255481274,8.906194867213443,0.23231132795562753,0.28390229246299586,145,20.6,20.0,307,20.05287748368762,18.866283021218724,1.3370032942511069e-05,7.7781540521850525,0.0,3.0045977011494256,3.56551724137931,4.241042345276873,0.0,1.0,30,30,async,A
auc_comm,8,20,1.0,0,,True,0.5,0,0.0,0.6,10.418728007037792,0.8958127199296221,180.14116798893815,8.26384030722736,0.20312550423391268,0.2628521208392882,141,20.6,20.0,298,20.146145776637187,18.943014507196462,1.3486912119321075e-05,7.811990881660625,0.0,3.882978723404255,5.120567375886525,4.97986577181208,0.0,1.0,30,30,async,A
auc_comm,9,20,1.0,0,,True,0.5,0,0.0,0.6,7.825585513900146,0.9217441448609985,170.7334367858997,6.937826520262094,0.2096842076367269,0.3198829943806511,157,20.6,20.0,309,19.209151402440348,16.831530104599803,1.55543679413672e-05,7.801440691301918,0.0,2.3004246284501058,3.0063694267515926,4.427184466019417,0.0,1.0,30,30,async,A
auc_comm,10,20,1.0,0,,True,0.5,0,0.0,0.6,7.709927490223423,0.9229007250977658,172.5480300009993,7.964619676464885,0.2272072334111689,0.32080300908792736,152,19.900000000000002,20.0,301,19.61572453492759,17.9853021473882,1.7297673278930675e-05,7.80096138083475,0.0,1.944078947368421,2.4210526315789473,4.401993355481728,0.0,1.0,30,30,async,A
auc_comm,11,20,1.0,0,,True,0.5,0,0.0,0.6,9.044965941111771,0.9095503405888823,171.18711391844644,8.947602865002391,0.18429340427172747,0.2744164252704715,155,21.400000000000002,20.0,311,19.372387637417056,17.395799752535577,1.7647588793248226e-05,7.826072461526874,0.0,3.0951612903225807,4.012903225806451,3.919614147909968,0.0,1.0,30,30,async,A
auc_comm,12,20,1.0,0,,True,0.5,0,0.0,0.6,11.221058599993029,0.8877894140000697,167.4550674212678,8.2657390885073,0.1903283092213809,0.2573064639399551,151,21.1,20.0,304,19.870229869809997,18.47672072784763,1.3690789178087326e-05,7.8406846081814265,0.0,4.321192052980132,4.490066225165563,4.322368421052632,0.0,1.0,30,30,async,A
auc_comm,13,20,1.0,0,,True,0.5,0,0.0,0.6,7.33603383880671,0.9266396616119329,170.79708477982234,8.111400016175148,0.19266711586664795,0.32648650124193707,158,22.1,20.0,322,19.048237080419227,17.1418462750934,1.6020186301841405e-05,7.720153640281912,0.0,2.6951476793248945,3.607594936708861,3.6801242236024843,0.0,1.0,30,30,async,A
auc_comm,14,20,1.0,0,,True,0.5,0,0.0,0.6,11.17221973653617,0.8882778026346383,163.10257691573253,7.8862850919269185,0.1752053877060245,0.23618855761379132,145,19.700000000000003,20.0,295,19.88219147628682,18.769515100739284,1.528915037574657e-05,7.814164319893776,0.0,2.947701149425287,3.8551724137931034,4.1525423728813555,0.0,1.0,30,30,async,A
auc_comm,15,20,1.0,0,,True,0.5,0,0.0,0.6,10.445273124986032,0.8955472687501397,168.25837915316075,9.22945181654962,0.19343378995488575,0.28420823820487867,142,20.0,20.0,300,20.05066723472193,18.53058931038907,1.617299897285799e-05,7.896129201333548,0.0,4.204225352112676,5.26056338028169,4.44,0.0,1.0,30,30,async,A
auc_comm,16,20,1.0,0,,True,0.5,0,0.0,0.6,8.676620069184937,0.9132337993081506,180.03943898252797,8.777615557003715,0.2538531684309168,0.3106872219752027,146,19.200000000000003,20.0,292,19.92464543991254,18.542637578754288,1.675102856546028e-05,7.836489536799627,0.0,2.8801369863013697,3.4863013698630136,4.640410958904109,0.0,1.0,30,30,async,A
auc_comm,17,20,1.0,0,,True,0.5,0,0.0,0.6,8.863704958783348,0.9113629504121665,176.8688291718449,8.259280909501483,0.21363179804534796,0.27573964945761137,145,19.3,20.0,295,20.04414285233264,19.0068982921785,1.3010168321809526e-05,7.820033742972065,0.0,3.6551724137931036,4.63448275862069,4.220338983050848,0.0,1.0,30,30,async,A
auc_comm,18,20,1.0,0,,True,0.5,0,0.0,0.6,9.875568973257353,0.9012443102674265,178.58030070844342,8.50582662804326,0.20768279042449658,0.2878603679416992,149,19.400000000000002,20.0,294,19.705254964688297,18.0281874355016,1.2703400483785742e-05,7.851522414787117,0.0,5.225391498881432,6.429530201342282,4.45578231292517,0.0,1.0,30,30,async,A
auc_comm,19,20,1.0,0,,True,0.5,0,0.0,0.6,6.697002383357997,0.93302997616642,180.78072407017052,10.0,0.24185757941837258,0.3250326978461516,163,20.900000000000002,20.0,311,19.679644282852326,17.59908983045379,1.3112537473008947e-05,7.7870248862108316,0.0,2.741308793456033,3.3435582822085887,4.045016077170418,0.0,1.0,30,30,async,A
auc_comm,20,20,1.0,0,,True,0.5,0,0.0,0.6,9.34878234970884,0.9065121765029116,166.92218127113443,7.994599014019486,0.16526408375088183,0.24188758668691926,134,18.5,20.0,284,19.976025844578324,18.6108393607787,1.264859009763672e-05,7.8240854688877794,0.0,2.958333333333334,3.925373134328358,4.647887323943662,0.0,1.0,30,30,async,A
auc_comm,21,20,1.0,0,,True,0.5,0,0.0,0.6,8.53937741216132,0.9146062258783868,167.62102907870704,8.76301932390351,0.1805107136342868,0.29151090603320123,152,20.0,20.0,300,19.75125437578717,18.031977469270387,1.1937663657590747e-05,7.823233043209248,0.0,2.5032894736842106,3.151315789473684,4.163333333333333,0.0,1.0,30,30,async,A
auc_comm,22,20,1.0,0,,True,0.5,0,0.0,0.6,7.789374369804547,0.9221062563019545,172.18312421223234,6.170644224317078,0.21551718052048172,0.3269792017303749,147,19.900000000000002,20.0,300,19.67319965812671,17.62119553581973,1.483199962725242e-05,7.775964383245361,0.0,2.510204081632653,3.5238095238095237,4.466666666666667,0.0,1.0,30,30,async,A
auc_comm,23,20,1.0,0,,True,0.5,0,0.0,0.6,10.611842165924045,0.8938815783407595,160.70787633922257,7.462860809017316,0.16277821519735322,0.2370670517130677,135,19.1,20.0,289,19.935795374744636,18.594012988585728,1.617335649142783e-05,7.856080183562609,0.0,3.2364197530864196,4.037037037037037,4.494809688581315,0.0,1.0,30,30,async,A
auc_comm,24,20,1.0,0,,True,0.5,0,0.0,0.6,11.807320633583752,0.8819267936641625,168.50528709974327,9.519637725904401,0.21293439825518662,0.32118841065995735,157,20.900000000000002,20.0,310,19.364553580987067,17.671891353454924,1.5147419406041022e-05,7.898278405053789,0.0,6.085987261146497,6.643312101910828,4.748387096774193,0.0,1.0,30,30,async,A
auc_comm,25,20,1.0,0,,True,0.5,0,0.0,0.6,6.977261647137778,0.9302273835286222,172.06129763038453,8.414469614511946,0.18756838230125578,0.31159358517816066,172,22.8,20.0,329,19.23060040369098,17.271475463571473,1.641611181522258e-05,7.768418527658918,0.0,2.2761627906976742,2.86046511627907,3.8480243161094223,0.0,1.0,30,30,async,A
auc_comm,26,20,1.0,0,,True,0.5,0,0.0,0.6,9.521821593745782,0.9047817840625422,171.49982441329382,7.619781566523986,0.2484327702272657,0.34762874438255,155,20.1,20.0,303,19.130691892380167,16.479997571705493,1.4954455398182959e-05,7.837081589193364,0.0,3.0838709677419356,3.6580645161290324,4.524752475247524,0.0,1.0,30,30,async,A
auc_comm,27,20,1.0,0,,True,0.5,0,0.0,0.6,9.676416582346059,0.9032358341765394,165.69344697327017,9.125358974590084,0.142010879335438,0.22785576519064044,156,20.700000000000003,20.0,307,19.791114172973234,18.807504677895146,1.5119219605328594e-05,7.875583408293105,0.0,3.0202991452991452,3.5,4.495114006514658,0.0,1.0,30,30,async,A
auc_comm,28,20,1.0,0,,True,0.5,0,0.0,0.6,8.781872999163909,0.9121812700083609,175.66657243873877,9.403833884654052,0.23108228102647188,0.29613849022282757,136,19.8,20.0,294,19.827302712032655,18.39993546279495,1.1945579107534013e-05,7.8267736155486345,0.0,2.633578431372549,3.3308823529411766,4.58843537414966,0.0,1.0,30,30,async,A
auc_comm,29,20,1.0,0,,True,0.5,0,0.0,0.6,9.538848459353622,0.9046115154064638,170.47575006002074,8.876066606895801,0.19832089050377918,0.2775630055458289,161,21.5,20.0,317,19.53356556676377,17.88971301412252,1.2968768577211851e-05,7.858743639762797,0.0,5.298136645962733,6.3229813664596275,4.17981072555205,0.0,1.0,30,30,async,A
auc_comm,30,20,1.0,0,,True,0.5,0,0.0,0.6,7.765458827880223,0.9223454117211978,182.70197081906318,10.0,0.2165624690331604,0.2906543856805542,163,21.1,20.0,313,19.787003890613555,18.287545194856495,1.3072523452079716e-05,7.780525984949885,0.0,2.723926380368098,3.3006134969325154,4.300319488817891,0.0,1.0,30,30,async,A
