solver,seed,max_spawn,seed_failed,fail_reason,enforce_ir,platoon_bonus,comm_delay,p_loss,async_frac,drag_reduce_pct,cd_rate_window,drag_force_window,ttc_p5,abs_acc_mean,abs_acc_rms,n_window_samples,clearing_time,merged,n_steps,avg_speed,min_speed,solve_time,total_utility,ir_violation_rate,platoon_len_avg,platoon_len_max,conv_iters,conv_fail_rate,success_rate,n_success,n_trials,weight_name,weight_idx,scale,weight_value
auc,1,20,0,,True,0.5,0,0.0,1.0,9.622110282794438,0.9037788971720556,178.73933314374347,8.099719214465772,0.19548302042891505,0.2546386299623866,135,19.700000000000003,20.0,289,20.07912968288069,18.762781876205654,7.135294118789782e-06,7.72495357517878,0.0,3.4104938271604945,4.496296296296296,nan,nan,1.0,30,30,acc,0,0.5,0.1
auc,2,20,0,,True,0.5,0,0.0,1.0,9.755009016897976,0.9024499098310202,172.39464675091492,7.032221319605027,0.24086845614933589,0.3624051358003253,157,20.6,20.0,307,19.457992966328906,17.65765876147466,7.1042344323549035e-06,7.7162630586456125,0.0,4.334394904458598,4.713375796178344,nan,nan,1.0,30,30,acc,0,0.5,0.1
auc,3,20,0,,True,0.5,0,0.0,1.0,9.534674866157832,0.9046532513384217,164.29048730236968,10.0,0.12317126179306415,0.2060838055318486,165,21.700000000000003,20.0,318,19.642351978679894,18.637170412725062,6.675157392065849e-06,7.780549801287474,0.0,2.301010101010101,2.6424242424242426,nan,nan,1.0,30,30,acc,0,0.5,0.1
auc,4,20,0,,True,0.5,0,0.0,1.0,8.000213096504162,0.9199978690349584,171.90349899580877,6.902567242801507,0.2990990870628806,0.4498233216878886,181,22.400000000000002,20.0,336,18.435480760886325,15.188283088123805,7.037500024255548e-06,7.661352010863068,0.0,2.6906077348066297,3.044198895027624,nan,nan,1.0,30,30,acc,0,0.5,0.1
auc,5,20,0,,True,0.5,0,0.0,1.0,9.330914985037086,0.9066908501496291,165.89846549319282,9.906194660774323,0.15300825556299585,0.2505752973542744,152,20.3,20.0,303,19.511470062506632,18.335941961600955,6.812541235949869e-06,7.752347717363366,0.0,2.5625,3.0921052631578947,nan,nan,1.0,30,30,acc,0,0.5,0.1
auc,6,20,0,,True,0.5,0,0.0,1.0,8.680749293415602,0.913192507065844,169.17127234248727,7.760637467097852,0.19085642967599295,0.3158304734919509,150,20.200000000000003,20.0,303,19.640379483074106,17.688428276548414,7.327722834858109e-06,7.697739638608252,0.0,2.5,3.2866666666666666,nan,nan,1.0,30,30,acc,0,0.5,0.1
auc,7,20,0,,True,0.5,0,0.0,1.0,8.647470199235574,0.9135252980076443,178.7395802827264,8.852980971051931,0.2385871044440525,0.2928460787386951,141,20.6,20.0,302,20.134135066263536,18.8661187606931,6.901655563566563e-06,7.737478407852067,0.0,3.0886524822695036,3.8156028368794326,nan,nan,1.0,30,30,acc,0,0.5,0.1
auc,8,20,0,,True,0.5,0,0.0,1.0,11.019941233775654,0.8898005876622435,176.14379276490766,8.272423797037394,0.20053266292935465,0.25900249065501113,142,20.6,20.0,300,20.147366564876304,18.91920143540845,7.142333367179769e-06,7.754914716848301,0.0,3.9765258215962445,5.21830985915493,nan,nan,1.0,30,30,acc,0,0.5,0.1
auc,9,20,0,,True,0.5,0,0.0,1.0,7.751691426429463,0.9224830857357054,171.9926692039344,6.9088101085744045,0.2149371512745917,0.3247712877112428,156,20.6,20.0,308,19.24100766596515,16.85582532737533,6.964285863172595e-06,7.713846206723557,0.0,2.3621794871794872,3.3141025641025643,nan,nan,1.0,30,30,acc,0,0.5,0.1
auc,10,20,0,,True,0.5,0,0.0,1.0,7.631449626713083,0.9236855037328692,173.44001291496693,8.409400233984575,0.22951945833506768,0.32240063410849096,152,19.900000000000002,20.0,300,19.658437163198222,18.041123438415067,7.086333195426657e-06,7.712056326664389,0.0,2.071271929824561,2.3947368421052633,nan,nan,1.0,30,30,acc,0,0.5,0.1
auc,11,20,0,,True,0.5,0,0.0,1.0,8.97758326235303,0.9102241673764697,172.08604681905288,9.138306904964224,0.18508339891525663,0.2716502209175906,156,21.400000000000002,20.0,310,19.41626104363911,17.453290232038835,6.930645090065926e-06,7.743502186676924,0.0,3.347222222222222,4.243589743589744,nan,nan,1.0,30,30,acc,0,0.5,0.1
auc,12,20,0,,True,0.5,0,0.0,1.0,12.304509424911458,0.8769549057508854,163.99323887268807,8.462217196816292,0.18967538423017546,0.259695280718645,159,21.400000000000002,20.0,314,19.630205209432273,18.08997616693447,6.864968185208494e-06,7.8311777856148,0.0,5.047169811320755,5.188679245283019,nan,nan,1.0,30,30,acc,0,0.5,0.1
auc,13,20,0,,True,0.5,0,0.0,1.0,7.412110671137939,0.9258788932886206,170.58381015760065,7.248691591380626,0.20033720643902933,0.3282051869945065,159,22.1,20.0,322,19.134091168602588,17.150097565985234,6.776087056384104e-06,7.635435460749764,0.0,2.615303983228512,3.9685534591194966,nan,nan,1.0,30,30,acc,0,0.5,0.1
auc,14,20,0,,True,0.5,0,0.0,1.0,10.021699060215461,0.8997830093978454,168.42845260373792,7.855434095890431,0.19637898451220043,0.2614228760222427,150,20.200000000000003,20.0,298,19.611454037280136,18.13427402534823,7.211744944305603e-06,7.740059900448295,0.0,2.8505555555555553,3.7,nan,nan,1.0,30,30,acc,0,0.5,0.1
auc,15,20,0,,True,0.5,0,0.0,1.0,10.950434017038791,0.8904956598296121,174.9120403083007,10.0,0.1919154241645314,0.2839484824370284,139,20.0,20.0,299,20.066298121259646,18.53892827046944,6.954180688288119e-06,7.810257632324173,0.0,4.396882494004796,4.971223021582734,nan,nan,1.0,30,30,acc,0,0.5,0.1
auc,16,20,0,,True,0.5,0,0.0,1.0,8.475166984979277,0.9152483301502072,181.52074893974967,8.424996367084816,0.25232462546601797,0.30820675249847634,145,19.1,20.0,291,19.9441598269579,18.553234586817357,7.09037807691263e-06,7.738592122132106,0.0,2.8436781609195405,3.910344827586207,nan,nan,1.0,30,30,acc,0,0.5,0.1
auc,17,20,0,,True,0.5,0,0.0,1.0,8.922313573330854,0.9107768642666915,177.75639989079852,8.401071207085055,0.21407838217751116,0.2755114108242429,145,19.3,20.0,294,20.06185679954746,19.031964298663596,7.089795915470902e-06,7.739299418207389,0.0,3.685057471264368,4.682758620689655,nan,nan,1.0,30,30,acc,0,0.5,0.1
auc,18,20,0,,True,0.5,0,0.0,1.0,10.625230464588565,0.8937476953541144,183.8430567776022,8.501690385129466,0.24887358690372016,0.3296552428058667,142,19.200000000000003,20.0,287,19.68964186970945,17.449441028335205,7.091986039979545e-06,7.775231512348992,0.0,6.97887323943662,8.246478873239436,nan,nan,1.0,30,30,acc,0,0.5,0.1
auc,19,20,0,,True,0.5,0,0.0,1.0,6.7122181593232355,0.9328778184067676,181.63191502532845,10.0,0.24630674156336088,0.32730048841736925,163,20.900000000000002,20.0,311,19.683289365421846,17.58358284732416,6.739871373918159e-06,7.70461746035158,0.0,2.7607361963190185,3.3435582822085887,nan,nan,1.0,30,30,acc,0,0.5,0.1
auc,20,20,0,,True,0.5,0,0.0,1.0,9.38605475294877,0.9061394524705123,167.21065813430064,7.942955294730277,0.16828810713403738,0.244510092335866,134,18.5,20.0,284,19.995601290089496,18.626726505258745,7.459507018416254e-06,7.737032474776775,0.0,3.3594527363184086,4.492537313432836,nan,nan,1.0,30,30,acc,0,0.5,0.1
auc,21,20,0,,True,0.5,0,0.0,1.0,8.705954270827288,0.9129404572917271,167.58474027142051,8.86600399882555,0.18448264316616686,0.29833076322772695,152,20.0,20.0,299,19.74576839685902,18.03084691201579,7.189966526612901e-06,7.744763832677601,0.0,2.5822368421052633,3.3026315789473686,nan,nan,1.0,30,30,acc,0,0.5,0.1
auc,22,20,0,,True,0.5,0,0.0,1.0,8.93026255130891,0.9106973744869109,171.4048909761875,6.035107339731148,0.24126122362990607,0.34724296054182774,150,20.200000000000003,20.0,303,19.679644839455374,17.426867538788308,7.516831708914468e-06,7.709102794048169,0.0,2.651111111111111,3.1466666666666665,nan,nan,1.0,30,30,acc,0,0.5,0.1
auc,23,20,0,,True,0.5,0,0.0,1.0,10.51509142150724,0.8948490857849276,166.27895473625574,7.18961466717408,0.17720845195926704,0.2532545627463483,133,19.1,20.0,285,19.986318462212047,18.614646803667146,7.391578860973057e-06,7.774733422912469,0.0,4.193609022556391,5.7218045112781954,nan,nan,1.0,30,30,acc,0,0.5,0.1
auc,24,20,0,,True,0.5,0,0.0,1.0,11.756450086623005,0.88243549913377,166.84111851642672,9.353251635957958,0.19402504411561108,0.3136381942668124,157,20.8,20.0,309,19.296787524954542,17.559095574007813,7.3106796848045176e-06,7.8313792303338685,0.0,6.251592356687898,6.840764331210191,nan,nan,1.0,30,30,acc,0,0.5,0.1
auc,25,20,0,,True,0.5,0,0.0,1.0,7.050870387640796,0.929491296123592,168.995574746553,8.591389149434738,0.17236616194905205,0.30127974758147835,173,22.8,20.0,329,19.196198458188,17.194655358072318,7.208814612896915e-06,7.694463578712635,0.0,1.907514450867052,2.5491329479768785,nan,nan,1.0,30,30,acc,0,0.5,0.1
auc,26,20,0,,True,0.5,0,0.0,1.0,9.513508062390985,0.9048649193760901,172.23831242138476,7.402476147462292,0.24889903415672873,0.34866815110489674,154,20.0,20.0,302,19.16912651280047,16.520974598393295,7.1218543136083765e-06,7.7572267850564245,0.0,3.0681818181818183,3.6623376623376624,nan,nan,1.0,30,30,acc,0,0.5,0.1
auc,27,20,0,,True,0.5,0,0.0,1.0,9.777430941687083,0.9022256905831292,166.73557185869046,9.260292396284862,0.14141998394841043,0.22569093484151204,154,20.6,20.0,305,19.852029372081674,18.885157998901484,7.042295078090469e-06,7.780820034562079,0.0,2.9404761904761902,3.4220779220779223,nan,nan,1.0,30,30,acc,0,0.5,0.1
auc,28,20,0,,True,0.5,0,0.0,1.0,9.387665655780031,0.9061233434421997,170.27570150569284,7.887621543265851,0.22473983950639712,0.3114731898092098,140,20.1,20.0,298,19.3745883356245,17.413221511847162,7.184899322049467e-06,7.790363305638002,0.0,3.1035714285714286,3.664285714285714,nan,nan,1.0,30,30,acc,0,0.5,0.1
auc,29,20,0,,True,0.5,0,0.0,1.0,10.583817133325446,0.8941618286667455,163.76184386758018,9.61610538577627,0.1790184099797421,0.26028389942070734,161,21.5,20.0,316,19.474374486204244,17.892595614772084,7.346202575625952e-06,7.80501556427994,0.0,4.582815734989648,5.167701863354037,nan,nan,1.0,30,30,acc,0,0.5,0.1
auc,30,20,0,,True,0.5,0,0.0,1.0,7.58998474154774,0.9241001525845226,184.90199666971904,10.0,0.2129624412472869,0.29202966639243827,164,21.1,20.0,312,19.81101030104943,18.313600845499405,6.849679453014874e-06,7.702731911519434,0.0,3.403455284552846,4.7682926829268295,nan,nan,1.0,30,30,acc,0,0.5,0.1
auc,1,20,0,,True,0.5,0,0.0,1.0,9.65888698161037,0.9034111301838963,178.68205131763995,8.145737146152925,0.19200676536432407,0.25117226859278896,135,19.700000000000003,20.0,289,20.0523014902661,18.75975069974512,7.103460318824618e-06,7.771644824951369,0.0,3.490740740740741,4.5851851851851855,nan,nan,1.0,30,30,acc,0,0.75,0.15000000000000002
auc,2,20,0,,True,0.5,0,0.0,1.0,9.74861146332403,0.9025138853667597,171.99937667652668,6.988343471343391,0.240208874751903,0.36170385691055296,158,20.6,20.0,307,19.448134424132558,17.65277185406994,7.047882697587462e-06,7.758165637871172,0.0,4.318565400843881,4.69620253164557,nan,nan,1.0,30,30,acc,0,0.75,0.15000000000000002
auc,3,20,0,,True,0.5,0,0.0,1.0,9.537497873103096,0.904625021268969,169.17519504219618,10.0,0.14053946609928086,0.21798265269922135,165,21.700000000000003,20.0,318,19.638257673458824,18.637288516421304,6.716981198058065e-06,7.821866520912912,0.0,2.877777777777778,3.6363636363636362,nan,nan,1.0,30,30,acc,0,0.75,0.15000000000000002
auc,4,20,0,,True,0.5,0,0.0,1.0,8.976792569827873,0.9102320743017213,170.62276668194616,7.521312967610232,0.2994260855080569,0.44302470561198687,185,23.0,20.0,339,18.225504612431692,15.309986586567174,6.7876105134617155e-06,7.731709728671038,0.0,3.1468468468468465,3.5513513513513515,nan,nan,1.0,30,30,acc,0,0.75,0.15000000000000002
auc,5,20,0,,True,0.5,0,0.0,1.0,9.371989658161494,0.906280103418385,165.15706203322085,9.915432509610458,0.14992059105077896,0.2476879256929176,152,20.3,20.0,304,19.49259607947781,18.316274734783242,6.817763086904674e-06,7.795424109674098,0.0,2.5690789473684212,3.0921052631578947,nan,nan,1.0,30,30,acc,0,0.75,0.15000000000000002
auc,6,20,0,,True,0.5,0,0.0,1.0,8.712299556749869,0.9128770044325013,168.72490785204505,7.697580879090255,0.18926440334482336,0.3147449604628413,150,20.200000000000003,20.0,303,19.63091403597675,17.679602245957927,7.343894407067067e-06,7.741169924519358,0.0,2.4322222222222223,3.22,nan,nan,1.0,30,30,acc,0,0.75,0.15000000000000002
auc,7,20,0,,True,0.5,0,0.0,1.0,8.601820687374563,0.9139817931262544,178.67461427405436,9.047890943300942,0.23403793837531556,0.2872153776873731,145,20.700000000000003,20.0,308,20.112562411918628,18.838605833899244,6.769155782882529e-06,7.772656008459098,0.0,3.163793103448276,3.9655172413793105,nan,nan,1.0,30,30,acc,0,0.75,0.15000000000000002
auc,8,20,0,,True,0.5,0,0.0,1.0,10.411030825133572,0.8958896917486643,180.66929779371748,8.361850865005083,0.2063967004075249,0.26505593488645923,141,20.6,20.0,298,20.152221994505894,18.941314884463033,7.194966378511592e-06,7.77053129399025,0.0,3.952718676122931,5.24822695035461,nan,nan,1.0,30,30,acc,0,0.75,0.15000000000000002
auc,9,20,0,,True,0.5,0,0.0,1.0,8.033695412853326,0.9196630458714667,169.4141297473145,7.467744815997356,0.21914648924986235,0.3209151024966751,156,20.5,20.0,308,19.254833662984762,16.869163230470516,7.106168690275903e-06,7.788086791136657,0.0,2.496794871794872,3.2115384615384617,nan,nan,1.0,30,30,acc,0,0.75,0.15000000000000002
auc,10,20,0,,True,0.5,0,0.0,1.0,7.663645914151463,0.9233635408584854,172.54752529905838,8.12776246710717,0.22612572105985992,0.32052543650403736,153,20.0,20.0,301,19.62789060412993,17.986542159792183,7.14551500751377e-06,7.758249808514183,0.0,1.934640522875817,2.4052287581699345,nan,nan,1.0,30,30,acc,0,0.75,0.15000000000000002
auc,11,20,0,,True,0.5,0,0.0,1.0,8.97117857008627,0.9102882142991373,171.68685054967514,9.065400254260346,0.18359635920024447,0.270312076672108,156,21.400000000000002,20.0,310,19.399637661035985,17.436557682144276,6.9632257838102596e-06,7.78536200477634,0.0,3.0860042735042734,4.0256410256410255,nan,nan,1.0,30,30,acc,0,0.75,0.15000000000000002
auc,12,20,0,,True,0.5,0,0.0,1.0,11.350455267928773,0.8864954473207123,167.80811530326403,8.307331480070879,0.18632104841754923,0.2570969897856882,150,21.1,20.0,303,19.869068232023626,18.45836104034407,6.8561056839754015e-06,7.820194138297983,0.0,4.676666666666667,4.84,nan,nan,1.0,30,30,acc,0,0.75,0.15000000000000002
auc,13,20,0,,True,0.5,0,0.0,1.0,7.705896143634849,0.9229410385636515,167.15543920605197,7.2431810870752935,0.19176192865879146,0.32155492320264345,158,22.1,20.0,322,19.10159004307562,17.17895387436201,7.1872671028839205e-06,7.6705252667050186,0.0,2.2267932489451474,2.9177215189873418,nan,nan,1.0,30,30,acc,0,0.75,0.15000000000000002
auc,14,20,0,,True,0.5,0,0.0,1.0,10.196385462867696,0.898036145371323,164.55861440094807,7.950986891418196,0.1764938188038485,0.23835257363682416,145,19.700000000000003,20.0,294,19.893483439627236,18.776834209183715,7.09149660869283e-06,7.770100153534818,0.0,2.7408045977011497,3.6206896551724137,nan,nan,1.0,30,30,acc,0,0.75,0.15000000000000002
auc,15,20,0,,True,0.5,0,0.0,1.0,10.420427094215567,0.8957957290578443,168.41958330173196,9.381062873686863,0.19571182094516745,0.2873272664104011,142,20.0,20.0,299,20.058547113793765,18.536107089164748,6.9254180613086e-06,7.857863183670222,0.0,4.03169014084507,5.070422535211268,nan,nan,1.0,30,30,acc,0,0.75,0.15000000000000002
auc,16,20,0,,True,0.5,0,0.0,1.0,8.428855631309528,0.9157114436869047,181.35014734103325,8.516559123506482,0.25859580355010187,0.31439957156699716,145,19.200000000000003,20.0,291,19.934175401578372,18.549877968384155,7.0470791656917595e-06,7.785743453716334,0.0,2.786206896551724,3.4482758620689653,nan,nan,1.0,30,30,acc,0,0.75,0.15000000000000002
auc,17,20,0,,True,0.5,0,0.0,1.0,8.893014034918266,0.9110698596508173,177.4719898903379,8.241224189402331,0.21191923272291624,0.2743269433696936,145,19.3,20.0,294,20.049970345553664,19.01968721829312,6.989455918684842e-06,7.777627795442543,0.0,3.6620689655172414,4.620689655172414,nan,nan,1.0,30,30,acc,0,0.75,0.15000000000000002
auc,18,20,0,,True,0.5,0,0.0,1.0,10.914299303179098,0.890857006968209,181.46743642452478,8.512973340004645,0.24257073981629895,0.32710358841083276,147,19.3,20.0,292,19.661215451523884,17.50959309429574,6.967465670229963e-06,7.818480729396943,0.0,6.4727891156462585,7.510204081632653,nan,nan,1.0,30,30,acc,0,0.75,0.15000000000000002
auc,19,20,0,,True,0.5,0,0.0,1.0,6.696103955042898,0.933038960449571,181.48791702424893,10.0,0.2433367181874649,0.32564473784148096,163,20.900000000000002,20.0,311,19.681234675095062,17.592307072622766,6.7308681250221945e-06,7.746567104994832,0.0,2.7689161554192228,3.3496932515337425,nan,nan,1.0,30,30,acc,0,0.75,0.15000000000000002
auc,20,20,0,,True,0.5,0,0.0,1.0,9.407553740680285,0.9059244625931971,166.93402134148423,7.934699647711475,0.16711816556318707,0.2433337256145621,134,18.5,20.0,284,19.984879998358565,18.62088451393744,7.446830891176048e-06,7.780866720598752,0.0,3.3694029850746268,4.477611940298507,nan,nan,1.0,30,30,acc,0,0.75,0.15000000000000002
auc,21,20,0,,True,0.5,0,0.0,1.0,8.580740251360497,0.914192597486395,167.6978306337597,8.788243335595922,0.1822559671763047,0.2927496489923887,152,20.0,20.0,299,19.761200637552708,18.03880407792516,7.2324414987484595e-06,7.781099923811674,0.0,2.5065789473684212,3.151315789473684,nan,nan,1.0,30,30,acc,0,0.75,0.15000000000000002
auc,22,20,0,,True,0.5,0,0.0,1.0,7.420463390693355,0.9257953660930665,173.8272398627391,6.054830524517613,0.22881515124567184,0.3382947071789881,146,19.8,20.0,300,19.760899318709864,17.582166321325097,7.61199999639454e-06,7.7145124639305775,0.0,2.4360730593607305,3.0205479452054793,nan,nan,1.0,30,30,acc,0,0.75,0.15000000000000002
auc,23,20,0,,True,0.5,0,0.0,1.0,10.808003059917027,0.8919199694008297,161.38218093533925,7.368530167578919,0.16328022257851518,0.238365592573247,135,19.1,20.0,288,19.960431382890498,18.600609732253737,7.4409720506688854e-06,7.8100729312110735,0.0,2.9839506172839503,3.6814814814814816,nan,nan,1.0,30,30,acc,0,0.75,0.15000000000000002
auc,24,20,0,,True,0.5,0,0.0,1.0,11.828349228936407,0.8817165077106359,167.46317927247046,9.559736587165215,0.20532145156141812,0.3172927886739136,157,20.8,20.0,309,19.35090933736815,17.62858091234035,7.233333370884169e-06,7.868521484122727,0.0,6.238853503184713,6.808917197452229,nan,nan,1.0,30,30,acc,0,0.75,0.15000000000000002
auc,25,20,0,,True,0.5,0,0.0,1.0,7.019565430004038,0.9298043456999596,169.7881232575487,8.490078173154195,0.1732434939822931,0.30215327386213064,172,22.8,20.0,329,19.185766240875463,17.19106281703533,7.130091195260132e-06,7.724628287898847,0.0,2.2887596899224802,2.9127906976744184,nan,nan,1.0,30,30,acc,0,0.75,0.15000000000000002
auc,26,20,0,,True,0.5,0,0.0,1.0,9.502326977815489,0.9049767302218451,171.99739469503638,7.597362303318144,0.24727137289746534,0.34636252598022527,155,20.1,20.0,303,19.124602255439072,16.47975253099528,7.15676567406953e-06,7.797085461090263,0.0,3.076344086021505,3.6580645161290324,nan,nan,1.0,30,30,acc,0,0.75,0.15000000000000002
auc,27,20,0,,True,0.5,0,0.0,1.0,9.667729815856262,0.9033227018414374,166.6210497133607,9.157643193309903,0.1414220961505291,0.226195390254711,155,20.6,20.0,306,19.81168042075604,18.841146438317892,6.9745096612571025e-06,7.828579573128704,0.0,2.990322580645161,3.4838709677419355,nan,nan,1.0,30,30,acc,0,0.75,0.15000000000000002
auc,28,20,0,,True,0.5,0,0.0,1.0,9.336354361253607,0.9066364563874639,168.42787577383444,8.560809743998323,0.21187736871926005,0.3065672107468098,140,20.0,20.0,298,19.431115470222224,17.523755365266588,7.285570497069846e-06,7.830958879278172,0.0,3.3035714285714284,4.064285714285714,nan,nan,1.0,30,30,acc,0,0.75,0.15000000000000002
auc,29,20,0,,True,0.5,0,0.0,1.0,9.524017044627076,0.9047598295537292,171.34053805867188,9.039826068193662,0.2010252104348381,0.2791542371053072,161,21.5,20.0,317,19.53876768796113,17.887029679118804,7.078864179075658e-06,7.815812429027215,0.0,5.282608695652174,6.285714285714286,nan,nan,1.0,30,30,acc,0,0.75,0.15000000000000002
auc,30,20,0,,True,0.5,0,0.0,1.0,7.61171066877756,0.9238828933122244,183.2355212313493,10.0,0.21628036232960784,0.2905071075487562,163,21.1,20.0,312,19.797620625550284,18.30541377122146,6.822435900689109e-06,7.740220265378693,0.0,2.743353783231084,3.3067484662576687,nan,nan,1.0,30,30,acc,0,0.75,0.15000000000000002
auc,1,20,0,,True,0.5,0,0.0,1.0,9.586835124858107,0.9041316487514189,178.8126513026955,8.187135740056435,0.19114511122864908,0.2509927449404233,136,19.700000000000003,20.0,289,20.05115646805317,18.757285842072417,7.078546747604746e-06,7.814008466099244,0.0,3.4742647058823533,4.5588235294117645,nan,nan,1.0,30,30,acc,0,1.0,0.2
auc,2,20,0,,True,0.5,0,0.0,1.0,9.806921686406389,0.9019307831359361,170.65268291208366,6.929193358741448,0.2359988706060216,0.35931054441856564,158,20.6,20.0,307,19.432592071237753,17.652135327831505,7.210097778876727e-06,7.7946111393553155,0.0,4.233122362869198,4.60126582278481,nan,nan,1.0,30,30,acc,0,1.0,0.2
auc,3,20,0,,True,0.5,0,0.0,1.0,9.496822679256434,0.9050317732074357,169.30154488989996,10.0,0.13910575717979795,0.21726879507630345,165,21.700000000000003,20.0,318,19.625831812434882,18.635617891493656,6.742138565121125e-06,7.866286592740914,0.0,2.902020202020202,3.6606060606060606,nan,nan,1.0,30,30,acc,0,1.0,0.2
auc,4,20,0,,True,0.5,0,0.0,1.0,8.962895759431333,0.9103710424056867,172.009138690258,6.995565928060085,0.3005810436907588,0.4446267794322749,181,22.3,20.0,336,18.420467869928377,15.248662097428328,6.943452382031301e-06,7.737924218803046,0.0,3.1721915285451194,3.5801104972375692,nan,nan,1.0,30,30,acc,0,1.0,0.2
auc,5,20,0,,True,0.5,0,0.0,1.0,9.409350000891692,0.9059064999910831,164.0300766100102,9.927322461848517,0.14417404334055228,0.2437925070529019,153,20.3,20.0,304,19.461639060266222,18.287310054993227,6.864473813325994e-06,7.841818266885154,0.0,2.5599128540305007,3.084967320261438,nan,nan,1.0,30,30,acc,0,1.0,0.2
auc,6,20,0,,True,0.5,0,0.0,1.0,8.89786032231228,0.9110213967768772,170.53703979065966,7.764655872606423,0.20054132690645388,0.32157787220166467,150,20.200000000000003,20.0,303,19.633515723931744,17.685194044772203,7.168646724533487e-06,7.788389277223786,0.0,2.451111111111111,3.2266666666666666,nan,nan,1.0,30,30,acc,0,1.0,0.2
auc,7,20,0,,True,0.5,0,0.0,1.0,9.774455757741606,0.9022554424225839,181.96067031714844,8.958026754820025,0.23296357649665045,0.2837511048247989,145,20.6,20.0,307,20.05287748368762,18.866283021218724,6.854071711108137e-06,7.7784049136967575,0.0,3.1011494252873564,3.7448275862068967,nan,nan,1.0,30,30,acc,0,1.0,0.2
auc,8,20,0,,True,0.5,0,0.0,1.0,10.418728007037792,0.8958127199296221,180.14116798893815,8.26384030722736,0.20312550423391268,0.2628521208392882,141,20.6,20.0,298,20.146145776637187,18.943014507196462,7.153691299300291e-06,7.811990881660625,0.0,3.882978723404255,5.120567375886525,nan,nan,1.0,30,30,acc,0,1.0,0.2
auc,9,20,0,,True,0.5,0,0.0,1.0,7.649054868259652,0.9235094513174035,171.66468258466148,6.993607560899634,0.2100828787330719,0.3199556871221989,157,20.6,20.0,309,19.223963997250433,16.831530104599803,6.955987041059604e-06,7.796774442486219,0.0,2.357749469214437,3.3184713375796178,nan,nan,1.0,30,30,acc,0,1.0,0.2
auc,10,20,0,,True,0.5,0,0.0,1.0,7.709927490223423,0.9229007250977658,172.5480300009993,7.964619676464885,0.2272072334111689,0.32080300908792736,152,19.900000000000002,20.0,301,19.61572453492759,17.9853021473882,7.127574732004235e-06,7.80096138083475,0.0,1.944078947368421,2.4210526315789473,nan,nan,1.0,30,30,acc,0,1.0,0.2
auc,11,20,0,,True,0.5,0,0.0,1.0,9.044965941111771,0.9095503405888823,171.18711391844644,8.947602865002391,0.18429340427172747,0.2744164252704715,155,21.400000000000002,20.0,311,19.372387637417056,17.395799752535577,6.8668810398223544e-06,7.826072461526874,0.0,3.0951612903225807,4.012903225806451,nan,nan,1.0,30,30,acc,0,1.0,0.2
auc,12,20,0,,True,0.5,0,0.0,1.0,11.221058599993029,0.8877894140000697,167.4550674212678,8.2657390885073,0.1903283092213809,0.2573064639399551,151,21.1,20.0,304,19.870229869809997,18.47672072784763,6.884539408546468e-06,7.8406846081814265,0.0,4.321192052980132,4.490066225165563,nan,nan,1.0,30,30,acc,0,1.0,0.2
auc,13,20,0,,True,0.5,0,0.0,1.0,7.33603383880671,0.9266396616119329,170.79708477982234,8.111400016175148,0.19266711586664795,0.32648650124193707,158,22.1,20.0,322,19.048237080419227,17.1418462750934,6.770496940408741e-06,7.720153640281912,0.0,2.6951476793248945,3.607594936708861,nan,nan,1.0,30,30,acc,0,1.0,0.2
auc,14,20,0,,True,0.5,0,0.0,1.0,11.17221973653617,0.8882778026346383,163.10257691573253,7.8862850919269185,0.1752053877060245,0.23618855761379132,145,19.700000000000003,20.0,295,19.88219147628682,18.769515100739284,7.0989830912706455e-06,7.814164319893776,0.0,2.947701149425287,3.8551724137931034,nan,nan,1.0,30,30,acc,0,1.0,0.2
auc,15,20,0,,True,0.5,0,0.0,1.0,10.445273124986032,0.8955472687501397,168.25837915316075,9.22945181654962,0.19343378995488575,0.28420823820487867,142,20.0,20.0,300,20.05066723472193,18.53058931038907,6.956000094457219e-06,7.896129201333548,0.0,4.204225352112676,5.26056338028169,nan,nan,1.0,30,30,acc,0,1.0,0.2
auc,16,20,0,,True,0.5,0,0.0,1.0,8.676620069184937,0.9132337993081506,180.03943898252797,8.777615557003715,0.2538531684309168,0.3106872219752027,146,19.200000000000003,20.0,292,19.92464543991254,18.542637578754288,7.0760274554717625e-06,7.836489536799627,0.0,2.8801369863013697,3.4863013698630136,nan,nan,1.0,30,30,acc,0,1.0,0.2
auc,17,20,0,,True,0.5,0,0.0,1.0,8.863704958783348,0.9113629504121665,176.8688291718449,8.259280909501483,0.21363179804534796,0.27573964945761137,145,19.3,20.0,295,20.04414285233264,19.0068982921785,7.045423632716539e-06,7.820033742972065,0.0,3.6551724137931036,4.63448275862069,nan,nan,1.0,30,30,acc,0,1.0,0.2
auc,18,20,0,,True,0.5,0,0.0,1.0,9.875568973257353,0.9012443102674265,178.58030070844342,8.50582662804326,0.20768279042449658,0.2878603679416992,149,19.400000000000002,20.0,294,19.705254964688297,18.0281874355016,7.086054526497515e-06,7.851522414787117,0.0,5.225391498881432,6.429530201342282,nan,nan,1.0,30,30,acc,0,1.0,0.2
auc,19,20,0,,True,0.5,0,0.0,1.0,6.268449665343201,0.937315503346568,182.1775514528693,10.0,0.24628068762728986,0.32882843021345454,163,20.900000000000002,20.0,311,19.678243618324053,17.595997503779085,6.755948666755673e-06,7.787657539735048,0.0,2.602249488752556,3.2883435582822087,nan,nan,1.0,30,30,acc,0,1.0,0.2
auc,20,20,0,,True,0.5,0,0.0,1.0,9.34878234970884,0.9065121765029116,166.92218127113443,7.994599014019486,0.16526408375088183,0.24188758668691926,134,18.5,20.0,284,19.976025844578324,18.6108393607787,7.4359155969176125e-06,7.8240854688877794,0.0,2.958333333333334,3.925373134328358,nan,nan,1.0,30,30,acc,0,1.0,0.2
auc,21,20,0,,True,0.5,0,0.0,1.0,8.53937741216132,0.9146062258783868,167.62102907870704,8.76301932390351,0.1805107136342868,0.29151090603320123,152,20.0,20.0,300,19.75125437578717,18.031977469270387,7.15233323717257e-06,7.823233043209248,0.0,2.5032894736842106,3.151315789473684,nan,nan,1.0,30,30,acc,0,1.0,0.2
auc,22,20,0,,True,0.5,0,0.0,1.0,7.789374369804547,0.9221062563019545,172.18312421223234,6.170644224317078,0.21551718052048172,0.3269792017303749,147,19.900000000000002,20.0,300,19.67319965812671,17.62119553581973,7.365333367488347e-06,7.775964383245361,0.0,2.510204081632653,3.5238095238095237,nan,nan,1.0,30,30,acc,0,1.0,0.2
auc,23,20,0,,True,0.5,0,0.0,1.0,10.612618763445225,0.8938738123655477,160.71251337638657,7.462860809017316,0.16281188523102327,0.23710255592203414,135,19.1,20.0,289,19.935989409331338,18.594012988585728,7.2463668106811825e-06,7.85608640865392,0.0,3.2364197530864196,4.037037037037037,nan,nan,1.0,30,30,acc,0,1.0,0.2
auc,24,20,0,,True,0.5,0,0.0,1.0,11.807320633583752,0.8819267936641625,168.50528709974327,9.519637725904401,0.21293439825518662,0.32118841065995735,157,20.900000000000002,20.0,310,19.364553580987067,17.671891353454924,7.1487096119521845e-06,7.898278405053789,0.0,6.085987261146497,6.643312101910828,nan,nan,1.0,30,30,acc,0,1.0,0.2
auc,25,20,0,,True,0.5,0,0.0,1.0,6.976155249017413,0.9302384475098259,172.08270618310272,8.414469614511946,0.18766706651178208,0.3118310257815427,172,22.8,20.0,329,19.229957560544847,17.27485265655393,6.873860242592573e-06,7.768177981466347,0.0,2.2761627906976742,2.86046511627907,nan,nan,1.0,30,30,acc,0,1.0,0.2
auc,26,20,0,,True,0.5,0,0.0,1.0,9.479629500716058,0.9052037049928394,171.59593553345937,7.343726877258726,0.24611998357702225,0.3452629974144419,155,20.1,20.0,303,19.116136864443522,16.479997571705493,7.173927472892798e-06,7.837822358662884,0.0,3.076344086021505,3.6580645161290324,nan,nan,1.0,30,30,acc,0,1.0,0.2
auc,27,20,0,,True,0.5,0,0.0,1.0,9.676416582346059,0.9032358341765394,165.69344697327017,9.125358974590084,0.142010879335438,0.22785576519064044,156,20.700000000000003,20.0,307,19.791114172973234,18.807504677895146,6.945928305968436e-06,7.875583408293105,0.0,3.0202991452991452,3.5,nan,nan,1.0,30,30,acc,0,1.0,0.2
auc,28,20,0,,True,0.5,0,0.0,1.0,8.781872999163909,0.9121812700083609,175.66657243873877,9.403833884654052,0.23108228102647188,0.29613849022282757,136,19.8,20.0,294,19.827302712032655,18.39993546279495,7.0292518554741616e-06,7.8267736155486345,0.0,2.633578431372549,3.3308823529411766,nan,nan,1.0,30,30,acc,0,1.0,0.2
auc,29,20,0,,True,0.5,0,0.0,1.0,9.538848459353622,0.9046115154064638,170.47575006002074,8.876066606895801,0.19832089050377918,0.2775630055458289,161,21.5,20.0,317,19.53356556676377,17.88971301412252,6.993375590518381e-06,7.858743639762797,0.0,5.298136645962733,6.3229813664596275,nan,nan,1.0,30,30,acc,0,1.0,0.2
auc,30,20,0,,True,0.5,0,0.0,1.0,7.765458827880223,0.9223454117211978,182.70197081906318,10.0,0.2165624690331604,0.2906543856805542,163,21.1,20.0,313,19.787003890613555,18.287545194856495,6.80095854186685e-06,7.780525984949885,0.0,2.723926380368098,3.3006134969325154,nan,nan,1.0,30,30,acc,0,1.0,0.2
auc,1,20,0,,True,0.5,0,0.0,1.0,9.311022465522745,0.9068897753447726,182.73143058684386,8.08189392147329,0.20304416836846376,0.2621795836857087,137,19.700000000000003,20.0,290,20.038991887974902,18.743511397479683,7.0527585696003494e-06,7.88743022018342,0.0,3.956812652068127,5.313868613138686,nan,nan,1.0,30,30,acc,0,1.5,0.30000000000000004
auc,2,20,0,,True,0.5,0,0.0,1.0,9.686170420446338,0.9031382957955366,173.72715443901913,9.130653316748017,0.19066127017999165,0.28382553616747597,156,20.400000000000002,20.0,306,19.75219842506208,18.604077008829726,7.189869411020339e-06,7.95273171048279,0.0,5.023504273504273,5.891025641025641,nan,nan,1.0,30,30,acc,0,1.5,0.30000000000000004
auc,3,20,0,,True,0.5,0,0.0,1.0,9.66933773565074,0.9033066226434926,162.58606713516176,10.0,0.10519897100692852,0.18695431952771682,165,21.700000000000003,20.0,318,19.592843556899982,18.634489366031634,6.813522070059084e-06,7.968107601998204,0.0,2.316161616161616,2.7818181818181817,nan,nan,1.0,30,30,acc,0,1.5,0.30000000000000004
auc,4,20,0,,True,0.5,0,0.0,1.0,8.941309046360457,0.9105869095363954,167.46929907375082,7.508581758622371,0.28535904844424226,0.4316335852637959,184,22.900000000000002,20.0,338,18.255187020363977,15.387710204783179,6.886982207789951e-06,7.847784274258145,0.0,2.6666666666666665,3.0217391304347827,nan,nan,1.0,30,30,acc,0,1.5,0.30000000000000004
auc,5,20,0,,True,0.5,0,0.0,1.0,9.406621555138884,0.9059337844486112,162.39600769361448,9.913292255076326,0.1399750470155295,0.2402022140009141,153,20.3,20.0,304,19.4156006796876,18.255791483292036,6.879276378113948e-06,7.934029119869341,0.0,2.7140522875816995,3.4052287581699345,nan,nan,1.0,30,30,acc,0,1.5,0.30000000000000004
auc,6,20,0,,True,0.5,0,0.0,1.0,8.151028184773235,0.9184897181522677,177.61894674700036,8.189552813105559,0.22151805765752466,0.3340785620606277,151,20.200000000000003,20.0,304,19.653427729948298,17.66259051797955,6.991118365668196e-06,7.85487847126535,0.0,3.7406181015452535,5.006622516556291,nan,nan,1.0,30,30,acc,0,1.5,0.30000000000000004
auc,7,20,0,,True,0.5,0,0.0,1.0,8.16788811884096,0.9183211188115904,184.08653778848597,8.716032172513781,0.2523956630389494,0.3022668030562518,143,20.6,20.0,305,20.067222814330176,18.854648554860617,6.863606600358044e-06,7.877764036190307,0.0,2.4358974358974357,2.86013986013986,nan,nan,1.0,30,30,acc,0,1.5,0.30000000000000004
auc,8,20,0,,True,0.5,0,0.0,1.0,10.498959384687456,0.8950104061531254,177.9852059437176,8.56995005947766,0.1979609567454084,0.26099897504305797,140,20.6,20.0,298,20.13137087385799,18.94268001887285,7.116107486740017e-06,7.908752792684069,0.0,4.296428571428572,5.6571428571428575,nan,nan,1.0,30,30,acc,0,1.5,0.30000000000000004
auc,9,20,0,,True,0.5,0,0.0,1.0,8.346508369604443,0.9165349163039556,175.71733854263263,7.609648529700404,0.2215605762123817,0.29316659596955236,145,20.1,20.0,296,19.811841347547276,18.285753952428507,7.090540465641597e-06,7.903673418941756,0.0,2.196551724137931,3.0,nan,nan,1.0,30,30,acc,0,1.5,0.30000000000000004
auc,10,20,0,,True,0.5,0,0.0,1.0,7.6623342159863554,0.9233766578401364,172.46085454755647,8.448986083932834,0.22353472922473122,0.3154398486937421,154,19.900000000000002,20.0,301,19.591868432955827,17.983121630088405,7.1102989133814055e-06,7.88619219475465,0.0,2.00974025974026,2.5974025974025974,nan,nan,1.0,30,30,acc,0,1.5,0.30000000000000004
auc,11,20,0,,True,0.5,0,0.0,1.0,9.186125936603274,0.9081387406339673,169.7092471742514,8.946329378548178,0.17919046756826307,0.26685688240152683,155,21.400000000000002,20.0,311,19.36895956500967,17.424822701343558,7.0273312291772765e-06,7.912604802924668,0.0,3.1236559139784945,3.9741935483870967,nan,nan,1.0,30,30,acc,0,1.5,0.30000000000000004
auc,12,20,0,,True,0.5,0,0.0,1.0,11.954472783443803,0.880455272165562,163.8544467454514,8.515873480697412,0.18567666801914498,0.25273282878322234,153,21.1,20.0,309,19.84310934349598,18.4473245306093,6.83106800852476e-06,7.929373004237764,0.0,4.568627450980392,4.875816993464053,nan,nan,1.0,30,30,acc,0,1.5,0.30000000000000004
auc,13,20,0,,True,0.5,0,0.0,1.0,7.5655751162024165,0.9243442488379758,166.54888831332323,7.5318999401005895,0.1804610829182564,0.31690402238159976,159,22.1,20.0,323,19.028084211066457,17.089807219636334,6.749225993375453e-06,7.7938118611644525,0.0,2.0,2.7861635220125787,nan,nan,1.0,30,30,acc,0,1.5,0.30000000000000004
auc,14,20,0,,True,0.5,0,0.0,1.0,10.667218707971704,0.893327812920283,163.19976875372302,8.20841946327097,0.16043202687844038,0.2248313295305176,145,19.8,20.0,295,19.848313670780048,18.760749443033998,7.116271321507865e-06,7.871340565290896,0.0,2.1425287356321836,2.8,nan,nan,1.0,30,30,acc,0,1.5,0.30000000000000004
auc,15,20,0,,True,0.5,0,0.0,1.0,11.234613190919717,0.8876538680908028,166.6958659414287,9.278418920717051,0.19110338560584617,0.2827005526808866,142,20.1,20.0,300,20.03256607774553,18.502098792530905,7.058999908622355e-06,7.979392888290558,0.0,4.215962441314554,5.267605633802817,nan,nan,1.0,30,30,acc,0,1.5,0.30000000000000004
auc,16,20,0,,True,0.5,0,0.0,1.0,8.97355732903632,0.9102644267096368,182.25025650110734,8.126079250583414,0.2606703269661189,0.3145200769004148,146,19.200000000000003,20.0,292,19.905242613303027,18.523617121557557,7.223287555038265e-06,7.901213178718002,0.0,3.386986301369863,4.445205479452055,nan,nan,1.0,30,30,acc,0,1.5,0.30000000000000004
auc,17,20,0,,True,0.5,0,0.0,1.0,8.405884745898174,0.9159411525410183,173.96411698617413,8.581348120331885,0.2102523848651692,0.2746594369145765,146,19.3,20.0,295,20.052840131880657,18.987763852575647,7.083389850854242e-06,7.889488755951342,0.0,1.9691780821917808,2.6301369863013697,nan,nan,1.0,30,30,acc,0,1.5,0.30000000000000004
auc,18,20,0,,True,0.5,0,0.0,1.0,10.06655251084123,0.8993344748915877,176.602410368273,7.978083976784923,0.19903449687873903,0.28255529796977574,150,19.400000000000002,20.0,295,19.69036982277058,17.959140765711464,6.961694798211299e-06,7.933789821333604,0.0,5.054444444444445,6.026666666666666,nan,nan,1.0,30,30,acc,0,1.5,0.30000000000000004
auc,19,20,0,,True,0.5,0,0.0,1.0,9.035460114608185,0.9096453988539182,183.64989282759598,10.0,0.24574424844296322,0.30704597714632514,145,19.900000000000002,20.0,291,19.953876142252337,18.611372018792455,7.02749138767591e-06,7.908541988741918,0.0,3.1850574712643676,3.8620689655172415,nan,nan,1.0,30,30,acc,0,1.5,0.30000000000000004
auc,20,20,0,,True,0.5,0,0.0,1.0,9.34759969620087,0.9065240030379913,166.0575189646147,8.073613324060696,0.1654802793455831,0.24290569288894648,135,18.5,20.0,285,19.948431713972152,18.593285008651673,7.373333312244269e-06,7.910441726201047,0.0,3.077777777777778,4.237037037037037,nan,nan,1.0,30,30,acc,0,1.5,0.30000000000000004
auc,21,20,0,,True,0.5,0,0.0,1.0,8.269475239945956,0.9173052476005404,177.63333231971734,8.538351219016816,0.2132553476956037,0.3147283825159331,153,20.1,20.0,300,19.953966431976138,18.041547641162385,6.872999899011726e-06,7.8721862079527956,0.0,2.3790849673202614,3.0,nan,nan,1.0,30,30,acc,0,1.5,0.30000000000000004
auc,22,20,0,,True,0.5,0,0.0,1.0,7.370737771370406,0.9262926222862959,171.78993708567006,6.548892230033516,0.20696345969375904,0.32228889076550754,151,19.900000000000002,20.0,300,19.61205921519859,17.606604455984517,7.309333292748003e-06,7.832861945369074,0.0,2.196467991169978,2.880794701986755,nan,nan,1.0,30,30,acc,0,1.5,0.30000000000000004
auc,23,20,0,,True,0.5,0,0.0,1.0,10.613955025538546,0.8938604497446145,159.96262884891507,7.19434158652452,0.15826132621148528,0.23531238678752697,136,19.1,20.0,289,19.897409315578347,18.578014991485233,7.304152302406922e-06,7.946315445061002,0.0,3.275735294117647,4.0588235294117645,nan,nan,1.0,30,30,acc,0,1.5,0.30000000000000004
auc,24,20,0,,True,0.5,0,0.0,1.0,11.716519802184,0.88283480197816,168.96912221128594,9.394331612293387,0.2137160860884575,0.32147714104994435,158,20.900000000000002,20.0,310,19.34260014592581,17.6452464816875,7.089677338597305e-06,7.983632161887911,0.0,6.041139240506329,6.5886075949367084,nan,nan,1.0,30,30,acc,0,1.5,0.30000000000000004
auc,25,20,0,,True,0.5,0,0.0,1.0,6.560847450547003,0.93439152549453,171.11919402830299,7.9404168467576195,0.17831901297436153,0.30327869012628256,172,22.8,20.0,330,19.21913672217203,17.23824053083569,6.791515162066472e-06,7.840527263593253,0.0,1.9578488372093024,2.4302325581395348,nan,nan,1.0,30,30,acc,0,1.5,0.30000000000000004
auc,26,20,0,,True,0.5,0,0.0,1.0,9.498165103262979,0.9050183489673702,170.56252283428668,7.322395720813603,0.24256455039076344,0.3411814725915524,155,20.1,20.0,304,19.102034130552664,16.469344429373663,7.139802667217354e-06,7.922267219353315,0.0,3.0612903225806454,3.638709677419355,nan,nan,1.0,30,30,acc,0,1.5,0.30000000000000004
auc,27,20,0,,True,0.5,0,0.0,1.0,9.507795026630127,0.9049220497336987,164.35298976049884,8.929511613925403,0.13638073370768272,0.21855965590768642,157,20.8,20.0,309,19.743022269903143,18.74202292515418,6.97928816581169e-06,7.949393078426225,0.0,3.069002123142251,3.605095541401274,nan,nan,1.0,30,30,acc,0,1.5,0.30000000000000004
auc,28,20,0,,True,0.5,0,0.0,1.0,8.776398901043924,0.9122360109895608,173.72246513516674,9.550540874201147,0.2281959994890088,0.2932237166999016,136,19.8,20.0,294,19.799329233731925,18.39108588006314,7.07687091921396e-06,7.9152022825021,0.0,2.410539215686274,2.8308823529411766,nan,nan,1.0,30,30,acc,0,1.5,0.30000000000000004
auc,29,20,0,,True,0.5,0,0.0,1.0,9.307234857984803,0.906927651420152,170.2489155987396,9.072438987646505,0.19337438217058053,0.2729011854563013,163,21.700000000000003,20.0,318,19.511573370013544,17.91786028005721,6.819811300283046e-06,7.948071563395954,0.0,5.242331288343558,6.245398773006135,nan,nan,1.0,30,30,acc,0,1.5,0.30000000000000004
auc,30,20,0,,True,0.5,0,0.0,1.0,7.183468951171101,0.928165310488289,185.23789721621037,10.0,0.21895857532905852,0.2941494780036034,164,21.1,20.0,313,19.76684826851436,18.281659637451323,6.832907446094762e-06,7.846774114737738,0.0,2.823170731707317,3.9939024390243905,nan,nan,1.0,30,30,acc,0,1.5,0.30000000000000004
auc,1,20,0,,True,0.5,0,0.0,1.0,9.634304322394993,0.9036569567760501,171.50316252758068,7.813179731722543,0.1845278421680231,0.25333972737568683,151,20.1,20.0,308,19.639443328448365,18.26427507357664,6.922402663603153e-06,7.970135845547943,0.0,4.0176600441501105,5.251655629139073,nan,nan,0.9666666666666667,29,30,acc,0,2.0,0.4
auc,2,20,0,,True,0.5,0,0.0,1.0,10.018617457191702,0.899813825428083,162.19604408133807,8.829361045348508,0.15659185892064975,0.2627526465620586,157,20.5,20.0,307,19.37509714556363,18.075526272937275,7.182736125515306e-06,8.042538390050781,0.0,3.909235668789809,4.3630573248407645,nan,nan,0.9666666666666667,29,30,acc,0,2.0,0.4
auc,3,20,0,,True,0.5,0,0.0,1.0,9.081297989623883,0.9091870201037612,164.21646779056204,7.750368461446443,0.15171783564502286,0.2340073019415493,160,21.5,20.0,315,19.457854220465265,18.00133691955322,7.065714233913385e-06,7.9474567476003255,0.0,3.5973958333333327,4.88125,nan,nan,0.9666666666666667,29,30,acc,0,2.0,0.4
auc,4,20,1,planner_abort,True,0.5,0,0.0,1.0,8.94154681213417,0.9105845318786583,160.54399670249884,5.598040547394752,0.225354525816249,0.42825372323042854,85,21.5,6.0,215,17.623193933213177,14.295965855238444,8.503255941282395e-06,7.793905604902622,0.0,3.1862745098039214,3.988235294117647,nan,nan,0.9666666666666667,29,30,acc,0,2.0,0.4
auc,5,20,0,,True,0.5,0,0.0,1.0,9.479829536000539,0.9052017046399946,148.94816696990443,7.819626251914922,0.1320135979713588,0.24163975012419903,157,21.1,20.0,323,18.82481290229545,17.574458098781406,6.970588274890465e-06,7.952519056504879,0.0,2.6602972399150744,3.4968152866242037,nan,nan,0.9666666666666667,29,30,acc,0,2.0,0.4
auc,6,20,0,,True,0.5,0,0.0,1.0,10.44824836856021,0.8955175163143979,155.46607045529063,7.4632607166122185,0.1724002546116106,0.3131273275660185,157,21.1,20.0,317,19.09082759457012,17.03275074775753,7.0347002984137694e-06,7.976160579641986,0.0,2.968152866242038,3.8025477707006368,nan,nan,0.9666666666666667,29,30,acc,0,2.0,0.4
auc,7,20,0,,True,0.5,0,0.0,1.0,8.426560422081252,0.9157343957791875,180.47963418715284,9.05097232286625,0.2199624988498153,0.2810870582100013,147,21.1,20.0,315,19.662786593582048,18.208705100798984,6.633968321636083e-06,7.954768301344051,0.0,2.699546485260771,3.258503401360544,nan,nan,0.9666666666666667,29,30,acc,0,2.0,0.4
auc,8,20,0,,True,0.5,0,0.0,1.0,10.07436641822057,0.8992563358177943,170.16823582091712,9.286292027156973,0.1817366652767206,0.25373562536101607,143,20.700000000000003,20.0,300,19.832385480877882,18.645087780627957,7.183333339829308e-06,8.017208922037714,0.0,4.194638694638694,5.223776223776224,nan,nan,0.9666666666666667,29,30,acc,0,2.0,0.4
auc,9,20,0,,True,0.5,0,0.0,1.0,7.556470285323147,0.9244352971467685,168.6926638674775,7.2775073460130555,0.18618018431832675,0.2708123046184177,163,20.8,20.0,316,19.094846183117518,17.22281388225968,6.9006328666995315e-06,7.955188363019764,0.0,2.062372188139059,2.5521472392638036,nan,nan,0.9666666666666667,29,30,acc,0,2.0,0.4
auc,10,20,0,,True,0.5,0,0.0,1.0,8.933081660422726,0.9106691833957727,167.66120210696235,7.335434172264601,0.20968786634734884,0.3100594322726421,155,19.900000000000002,20.0,303,19.357798081726656,17.661608968972132,6.886798674824706e-06,7.971594527357543,0.0,4.339784946236559,5.496774193548387,nan,nan,0.9666666666666667,29,30,acc,0,2.0,0.4
auc,11,20,0,,True,0.5,0,0.0,1.0,11.613534192311336,0.8838646580768866,141.0566039495553,7.166591767367827,0.13448891145422373,0.23545502894937226,169,22.200000000000003,20.0,334,18.420914414137645,16.529965986975725,7.208383323301974e-06,7.951145641962729,0.0,2.9891518737672587,3.485207100591716,nan,nan,0.9666666666666667,29,30,acc,0,2.0,0.4
auc,12,20,0,,True,0.5,0,0.0,1.0,8.163754407011858,0.9183624559298814,149.40458251990196,4.941868526830995,0.14662883099681484,0.23219908764113698,167,22.200000000000003,20.0,331,18.868964955464257,17.148447259990004,6.968277842675131e-06,7.912790173578729,0.0,2.178642714570858,2.658682634730539,nan,nan,0.9666666666666667,29,30,acc,0,2.0,0.4
auc,13,20,0,,True,0.5,0,0.0,1.0,8.649990204823165,0.9135000979517683,139.37432584049992,5.419164399372406,0.17324078071893173,0.314118766643079,171,23.400000000000002,20.0,349,18.408546584978154,16.37112031990602,6.892550162511362e-06,7.7614806849709135,0.0,2.50682261208577,2.953216374269006,nan,nan,0.9666666666666667,29,30,acc,0,2.0,0.4
auc,14,20,0,,True,0.5,0,0.0,1.0,10.592216790182196,0.894077832098178,160.90157982463697,6.624065868890137,0.17200626629615087,0.2519256787787465,152,20.700000000000003,20.0,305,19.11759351427121,17.66284082652634,7.225901626058106e-06,7.991434707597313,0.0,2.2072368421052633,2.710526315789474,nan,nan,0.9666666666666667,29,30,acc,0,2.0,0.4
auc,15,20,0,,True,0.5,0,0.0,1.0,9.093967718858076,0.9090603228114192,178.92265278253842,7.172413218269025,0.20182495796233502,0.2764325522894123,144,20.5,20.0,299,19.82000998330145,18.271118419198828,6.94381283803681e-06,7.991339882086602,0.0,3.247685185185185,4.020833333333333,nan,nan,0.9666666666666667,29,30,acc,0,2.0,0.4
auc,16,20,0,,True,0.5,0,0.0,1.0,10.650161357182132,0.8934983864281787,179.99410903429754,7.595877726913019,0.2636881467017631,0.31752202654346584,150,19.700000000000003,20.0,295,19.808199354050473,18.144089637482804,7.0623728279932005e-06,8.00130616410435,0.0,4.205555555555556,5.206666666666667,nan,nan,0.9666666666666667,29,30,acc,0,2.0,0.4
auc,17,20,0,,True,0.5,0,0.0,1.0,8.366549188999706,0.9163345081100029,165.1176522148796,6.908467314440001,0.18031422245107867,0.25431728066486675,155,19.900000000000002,20.0,306,19.614867614056855,18.145460518571443,7.082352882576041e-06,7.949843951011735,0.0,2.064516129032258,2.2451612903225806,nan,nan,0.9666666666666667,29,30,acc,0,2.0,0.4
auc,18,20,0,,True,0.5,0,0.0,1.0,9.890776238653288,0.9010922376134671,153.3798436864117,5.31856848745015,0.184351035978568,0.27370353478987886,148,19.6,20.0,302,19.201363920109944,16.5734900875892,7.624503280790153e-06,7.820266949586463,0.0,3.8783783783783785,5.141891891891892,nan,nan,0.9666666666666667,29,30,acc,0,2.0,0.4
auc,19,20,0,,True,0.5,0,0.0,1.0,7.614451830219215,0.9238554816978078,170.22425912477175,8.995597496958093,0.18454249629339806,0.2661934772412388,149,19.900000000000002,20.0,300,19.65508668796728,18.6234445985468,7.44733336129381e-06,7.954002733965537,0.0,4.01565995525727,5.422818791946309,nan,nan,0.9666666666666667,29,30,acc,0,2.0,0.4
auc,20,20,0,,True,0.5,0,0.0,1.0,9.860498595801992,0.9013950140419801,163.26941782205287,7.165221628333672,0.1729401175597752,0.2486676473247524,138,18.6,20.0,288,19.836899880297636,18.205955972298582,7.398263758457486e-06,7.994725738137065,0.0,3.286231884057971,4.673913043478261,nan,nan,0.9666666666666667,29,30,acc,0,2.0,0.4
auc,21,20,0,,True,0.5,0,0.0,1.0,10.961306285755912,0.8903869371424409,152.4194560231906,6.859084446331061,0.1706992634256128,0.2927251606738263,162,20.700000000000003,20.0,310,19.43495790097901,17.64788976241805,8.031290311801938e-06,7.95460995016408,0.0,3.1840534979423865,3.7901234567901234,nan,nan,0.9666666666666667,29,30,acc,0,2.0,0.4
auc,22,20,0,,True,0.5,0,0.0,1.0,7.937836748561278,0.9206216325143872,164.51323041119656,6.626508518238599,0.1749699933535372,0.30770171200485696,149,20.1,20.0,307,19.31572190856007,17.296752243991758,7.093159524258985e-06,7.926035913387999,0.0,3.4049217002237135,4.369127516778524,nan,nan,0.9666666666666667,29,30,acc,0,2.0,0.4
auc,23,20,0,,True,0.5,0,0.0,1.0,10.379663890272417,0.8962033610972758,164.09606923561824,6.782756858598702,0.1760631012652671,0.2635669655118468,138,19.5,20.0,289,19.632525431257196,18.040918452238525,7.219031302276096e-06,8.017252829474538,0.0,3.261473429951691,3.681159420289855,nan,nan,0.9666666666666667,29,30,acc,0,2.0,0.4
auc,24,20,0,,True,0.5,0,0.0,1.0,11.215993189083107,0.8878400681091689,166.44830327054567,9.684299171309746,0.21406198556708994,0.3194655873407735,162,21.200000000000003,20.0,315,19.12319704096877,16.892918069298982,7.2542857240131566e-06,7.989069125693316,0.0,4.910493827160494,5.3765432098765435,nan,nan,0.9666666666666667,29,30,acc,0,2.0,0.4
auc,25,20,0,,True,0.5,0,0.0,1.0,7.261884675668561,0.9273811532433144,150.78644483396522,6.623926824162577,0.14397009148439618,0.28156897156187816,175,22.3,20.0,348,18.654796531739684,16.190374664127486,6.771839169274224e-06,7.808521605090479,0.0,2.7085714285714286,3.7885714285714287,nan,nan,0.9666666666666667,29,30,acc,0,2.0,0.4
auc,26,20,0,,True,0.5,0,0.0,1.0,8.888557967088806,0.9111144203291119,151.6464570874199,6.247548851810711,0.21935526794359692,0.348631548054911,168,21.200000000000003,20.0,329,18.527686415442574,15.836677127065421,6.794528895475984e-06,7.88225929941632,0.0,2.9732142857142856,3.505952380952381,nan,nan,0.9666666666666667,29,30,acc,0,2.0,0.4
auc,27,20,0,,True,0.5,0,0.0,1.0,10.575939335472917,0.8942406066452708,154.14550818512168,5.9788444753923535,0.17617895528169109,0.27099901323201975,163,21.200000000000003,20.0,316,19.22326244939977,16.898148046353178,7.000316467774955e-06,7.9671658603489375,0.0,3.6002044989775053,4.147239263803681,nan,nan,0.9666666666666667,29,30,acc,0,2.0,0.4
auc,28,20,0,,True,0.5,0,0.0,1.0,9.746443147958983,0.9025355685204102,158.069683480575,8.061725088970926,0.16543342077720932,0.2704929239922083,145,20.400000000000002,20.0,303,19.055329230649832,17.058735764583126,7.12838283578232e-06,8.0032108262738,0.0,3.3505747126436782,4.206896551724138,nan,nan,0.9666666666666667,29,30,acc,0,2.0,0.4
auc,29,20,0,,True,0.5,0,0.0,1.0,6.779587059248382,0.9322041294075162,168.25632669294086,7.260587279525817,0.20949147389259226,0.29061662039657055,189,23.0,20.0,349,18.734418827471703,16.602293503814906,6.5154727105715745e-06,7.906726332652775,0.0,4.860670194003527,5.809523809523809,nan,nan,0.9666666666666667,29,30,acc,0,2.0,0.4
auc,30,20,0,,True,0.5,0,0.0,1.0,7.996323800809469,0.9200367619919053,173.37003806594387,5.620972688672714,0.2241137866878849,0.30547768385427565,166,22.0,20.0,331,19.116653916570403,17.382748307824407,6.655589156865714e-06,7.879294917712885,0.0,3.473895582329318,3.9879518072289155,nan,nan,0.9666666666666667,29,30,acc,0,2.0,0.4
auc,1,20,0,,True,0.5,0,0.0,1.0,9.681134704962968,0.9031886529503703,174.0305500838376,7.668874680085927,0.19790479557298024,0.2701428134959355,151,20.1,20.0,306,19.627604299252578,18.264440871336078,6.981045741959189e-06,6.862478335342695,0.0,4.395695364238411,5.754966887417218,nan,nan,0.9333333333333333,28,30,speed,1,0.5,1.0
auc,2,20,0,,True,0.5,0,0.0,1.0,11.572237894551773,0.8842776210544823,154.7181986259606,6.630296768744068,0.1990290934066297,0.3488561708645903,161,20.900000000000002,20.0,312,18.78093017684221,16.4765469604252,7.3032051542936524e-06,6.868661332031886,0.0,3.9130434782608696,4.298136645962733,nan,nan,0.9333333333333333,28,30,speed,1,0.5,1.0
auc,3,20,0,,True,0.5,0,0.0,1.0,9.239146413579146,0.9076085358642085,163.9999754501469,7.790937169355134,0.15519951248826008,0.24024603322034077,160,21.6,20.0,315,19.455348234700022,18.016872625309247,7.0831745919320616e-06,6.840428790088656,0.0,3.3848958333333337,4.7875,nan,nan,0.9333333333333333,28,30,speed,1,0.5,1.0
auc,4,20,1,planner_abort,True,0.5,0,0.0,1.0,8.885843719663445,0.9111415628033656,168.60636413784388,5.2878978819642874,0.2589406094105104,0.5761234053627872,63,19.400000000000002,3.0,194,19.436852606553437,17.16660168071467,8.171134150242578e-06,6.820991653934933,0.0,3.1746031746031744,3.7936507936507935,nan,nan,0.9333333333333333,28,30,speed,1,0.5,1.0
auc,5,20,0,,True,0.5,0,0.0,1.0,9.608196379836132,0.9039180362016387,130.82520561256572,6.57887425495957,0.20766225364298463,0.38725314349442047,186,22.8,20.0,364,17.298240720451556,15.00096000827324,7.038461552548432e-06,6.7536025472800345,0.0,2.618279569892473,3.2580645161290325,nan,nan,0.9333333333333333,28,30,speed,1,0.5,1.0
auc,6,20,0,,True,0.5,0,0.0,1.0,10.643772323306466,0.8935622767669353,154.11001290506485,7.549967696111782,0.1933538431122046,0.3340169149449912,157,21.1,20.0,318,19.02947936552919,16.990481161096433,7.2572326283783314e-06,6.846017081962631,0.0,3.0010615711252653,3.878980891719745,nan,nan,0.9333333333333333,28,30,speed,1,0.5,1.0
auc,7,20,0,,True,0.5,0,0.0,1.0,10.829171400649617,0.8917082859935038,170.81480749073518,6.027897579184909,0.23192949576369523,0.30234499722818897,139,21.200000000000003,20.0,309,19.72758319377259,18.19533467173666,7.538511415922406e-06,6.887536336970232,0.0,5.061151079136691,6.877697841726619,nan,nan,0.9333333333333333,28,30,speed,1,0.5,1.0
auc,8,20,0,,True,0.5,0,0.0,1.0,10.076111222993156,0.8992388877700684,168.1911844010431,8.94310324473031,0.1938841913493014,0.2682128432369891,144,20.700000000000003,20.0,300,19.858957506341703,18.63575519404059,7.376999953218425e-06,6.906367309672041,0.0,2.799768518518518,3.4930555555555554,nan,nan,0.9333333333333333,28,30,speed,1,0.5,1.0
auc,9,20,0,,True,0.5,0,0.0,1.0,9.902419364581016,0.9009758063541898,166.62658463676266,6.809334026229996,0.1831061492729799,0.27668205284885755,146,20.200000000000003,20.0,296,19.3177540737528,17.32789545649841,7.603040730090642e-06,6.903016924567757,0.0,3.507990867579909,4.095890410958904,nan,nan,0.9333333333333333,28,30,speed,1,0.5,1.0
auc,10,20,0,,True,0.5,0,0.0,1.0,9.915527261968993,0.9008447273803101,157.26815582529494,5.78306722328474,0.2066349438887427,0.3212783228843425,158,20.1,20.0,307,19.177733182711073,17.32496622732393,7.82573290574228e-06,6.818145452826405,0.0,2.233649789029536,2.632911392405063,nan,nan,0.9333333333333333,28,30,speed,1,0.5,1.0
auc,11,20,0,,True,0.5,0,0.0,1.0,11.63639271658976,0.8836360728341024,141.70261708556257,7.047721041350924,0.1526325485655707,0.25517660400050335,169,22.400000000000002,20.0,334,18.358538061706376,16.40865190043402,7.121556979279218e-06,6.839622789481914,0.0,2.8370808678500987,3.337278106508876,nan,nan,0.9333333333333333,28,30,speed,1,0.5,1.0
auc,12,20,0,,True,0.5,0,0.0,1.0,10.63103795242556,0.8936896204757444,141.61314539837164,5.155542465997896,0.17158398284571005,0.26517520857945187,164,22.1,20.0,327,18.654098091228043,16.994367632790727,7.596024453058976e-06,6.872477404023809,0.0,4.475609756097561,5.0060975609756095,nan,nan,0.9333333333333333,28,30,speed,1,0.5,1.0
auc,13,20,1,planner_abort,True,0.5,0,0.0,1.0,6.978578208389264,0.9302142179161074,156.77471808050998,4.494639659553975,0.27286330868479575,0.6749409968152305,25,16.7,0.0,167,18.33003224573684,15.683672367363062,7.759880008417165e-06,6.626873533530049,0.0,3.0,3.0,nan,nan,0.9333333333333333,28,30,speed,1,0.5,1.0
auc,14,20,0,,True,0.5,0,0.0,1.0,10.730535153285947,0.8926946484671405,146.91463481642077,6.3817792852133115,0.1440604296750823,0.2374001650498964,168,21.400000000000002,20.0,325,18.514468330292278,16.997922670352736,7.4495386350183536e-06,6.845452936644987,0.0,3.016865079365079,3.6964285714285716,nan,nan,0.9333333333333333,28,30,speed,1,0.5,1.0
auc,15,20,0,,True,0.5,0,0.0,1.0,9.444391081908432,0.9055560891809157,171.8279394331883,7.623247302278576,0.19989123438223957,0.27149592380352267,149,20.700000000000003,20.0,305,19.73312183946467,18.143880207609413,7.044262341967952e-06,6.884475350274589,0.0,3.6633109619686794,4.758389261744966,nan,nan,0.9333333333333333,28,30,speed,1,0.5,1.0
auc,16,20,0,,True,0.5,0,0.0,1.0,8.593850765146705,0.914061492348533,177.28334578141207,7.496297077876336,0.2405180782261706,0.3032258784302708,156,19.8,20.0,304,19.733339206872206,18.038904857638737,6.918421161715646e-06,6.828843782942596,0.0,2.9925213675213675,3.8525641025641026,nan,nan,0.9333333333333333,28,30,speed,1,0.5,1.0
auc,17,20,0,,True,0.5,0,0.0,1.0,11.414531685541196,0.885854683144588,156.17418658753584,7.758397037030577,0.1811349462176791,0.2613944746056096,150,20.1,20.0,309,19.31457150753692,17.9759107677458,7.652103607328067e-06,6.901124837051154,0.0,3.466666666666667,3.8066666666666666,nan,nan,0.9333333333333333,28,30,speed,1,0.5,1.0
auc,18,20,0,,True,0.5,0,0.0,1.0,11.714254873542874,0.8828574512645713,141.7153822310925,5.12251485277646,0.20283925360676083,0.2992452045162207,154,19.5,20.0,310,19.05577786774334,16.399680162588048,7.93387098970162e-06,6.825008673621729,0.0,4.251082251082251,5.253246753246753,nan,nan,0.9333333333333333,28,30,speed,1,0.5,1.0
auc,19,20,0,,True,0.5,0,0.0,1.0,9.258605306368771,0.9074139469363123,173.60495843880972,8.852243163000908,0.20334095134062377,0.27976891337440707,144,20.0,20.0,293,19.708467027269652,18.51612373172078,7.63686018524717e-06,6.87678434735716,0.0,4.96875,6.715277777777778,nan,nan,0.9333333333333333,28,30,speed,1,0.5,1.0
auc,20,20,0,,True,0.5,0,0.0,1.0,9.390886448215241,0.9060911355178476,163.6894134266893,7.014893354597541,0.18203198500966614,0.26611995941706185,152,19.200000000000003,20.0,304,19.310095703784324,17.7229429660013,7.295394712663868e-06,6.845856243987079,0.0,4.254385964912281,5.256578947368421,nan,nan,0.9333333333333333,28,30,speed,1,0.5,1.0
auc,21,20,0,,True,0.5,0,0.0,1.0,9.866873152819423,0.9013312684718058,166.84978691989724,7.486360204353544,0.19189702095344907,0.31152155195052567,161,20.8,20.0,311,19.4932984419251,17.37875939236808,7.022829470205962e-06,6.799876515945943,0.0,2.650621118012422,3.1801242236024843,nan,nan,0.9333333333333333,28,30,speed,1,0.5,1.0
auc,22,20,0,,True,0.5,0,0.0,1.0,8.48775774817735,0.9151224225182265,157.15879624069206,5.551068233587961,0.1894130488839254,0.3351424574517843,147,20.200000000000003,20.0,306,19.177288329555935,16.938007666458855,7.898039340492022e-06,6.759641256566619,0.0,2.3333333333333335,3.1496598639455784,nan,nan,0.9333333333333333,28,30,speed,1,0.5,1.0
auc,23,20,0,,True,0.5,0,0.0,1.0,9.673349557954669,0.9032665044204533,163.08437058181553,7.334904245861044,0.1820139483840004,0.27554689565781876,146,19.400000000000002,20.0,303,19.448106180253788,17.922701029599008,7.467326669621038e-06,6.861995959362379,0.0,3.933789954337899,5.315068493150685,nan,nan,0.9333333333333333,28,30,speed,1,0.5,1.0
auc,24,20,0,,True,0.5,0,0.0,1.0,11.291090286228211,0.8870890971377179,164.16278432528264,5.923352457015674,0.23583456396301727,0.3571718104229836,154,21.200000000000003,20.0,314,18.901944754489087,16.758333727974364,7.262101989561265e-06,6.866661522892375,0.0,5.7391774891774885,6.01948051948052,nan,nan,0.9333333333333333,28,30,speed,1,0.5,1.0
auc,25,20,0,,True,0.5,0,0.0,1.0,7.071737564917891,0.9292826243508211,148.4463916360259,6.4716745764524815,0.14874217054518643,0.29705562890829157,185,22.3,20.0,359,18.555071417452034,15.754424808079719,6.436211731745978e-06,6.7140761480479005,0.0,2.968468468468468,4.010810810810811,nan,nan,0.9333333333333333,28,30,speed,1,0.5,1.0
auc,26,20,0,,True,0.5,0,0.0,1.0,10.857867126458132,0.8914213287354187,142.59754566481698,6.007435210286924,0.21831268073153878,0.3374555801088204,154,20.900000000000002,20.0,317,18.447060068475846,16.1010354512875,7.389905376467055e-06,6.823622910591245,0.0,3.719913419913419,4.2272727272727275,nan,nan,0.9333333333333333,28,30,speed,1,0.5,1.0
auc,27,20,0,,True,0.5,0,0.0,1.0,10.696439764432009,0.8930356023556799,152.63109225614164,5.955705526952451,0.18579592166203676,0.28432137158692944,162,21.200000000000003,20.0,315,19.18852922692039,16.711430519101615,7.058730203887477e-06,6.840541079350239,0.0,3.826131687242798,4.432098765432099,nan,nan,0.9333333333333333,28,30,speed,1,0.5,1.0
auc,28,20,0,,True,0.5,0,0.0,1.0,10.576227958516327,0.8942377204148367,158.34461092492302,6.7239114878944015,0.18750716350836058,0.29171042389998286,142,20.5,20.0,303,19.06027306025552,17.00197841618577,7.348184916805538e-06,6.904386772223075,0.0,3.2734741784037555,3.4788732394366195,nan,nan,0.9333333333333333,28,30,speed,1,0.5,1.0
auc,29,20,0,,True,0.5,0,0.0,1.0,9.178514030750263,0.9082148596924974,145.12867217793467,7.279507528833877,0.16614034874772632,0.26458008072694117,189,23.0,20.0,349,18.432905576227657,16.54596740965362,7.042693196282853e-06,6.850790482672733,0.0,4.301587301587301,5.015873015873016,nan,nan,0.9333333333333333,28,30,speed,1,0.5,1.0
auc,30,20,0,,True,0.5,0,0.0,1.0,8.531753857734403,0.914682461422656,168.25226991386512,6.291071705980421,0.22943820844200616,0.31371212366727763,163,22.0,20.0,332,19.034108717289502,17.264708642690422,6.704518082516594e-06,6.7838902998424455,0.0,3.1125766871165648,3.6809815950920246,nan,nan,0.9333333333333333,28,30,speed,1,0.5,1.0
auc,1,20,0,,True,0.5,0,0.0,1.0,9.680704411003916,0.9031929558899608,179.78907589140601,7.8947661848863175,0.2085480091409722,0.26860502130383446,140,19.700000000000003,20.0,295,20.04279832923517,18.747657298904677,7.121016886045809e-06,7.346533713463032,0.0,4.348809523809524,5.828571428571428,nan,nan,1.0,30,30,speed,1,0.75,1.5
auc,2,20,0,,True,0.5,0,0.0,1.0,9.862404699819106,0.901375953001809,170.8529636350574,7.1371320552002055,0.23776414814236568,0.3635781190467049,158,20.6,20.0,308,19.41668469832023,17.576586677660167,7.128246804089255e-06,7.318186217792614,0.0,4.130801687763713,4.481012658227848,nan,nan,1.0,30,30,speed,1,0.75,1.5
auc,3,20,0,,True,0.5,0,0.0,1.0,9.576979236306382,0.9042302076369362,168.0051684059141,9.875889060205159,0.1394350012451626,0.21752673868516645,165,21.700000000000003,20.0,318,19.633155301712463,18.63362688624413,6.784905717322316e-06,7.374481000257963,0.0,2.6151515151515152,3.3575757575757574,nan,nan,1.0,30,30,speed,1,0.75,1.5
auc,4,20,0,,True,0.5,0,0.0,1.0,8.39955642549497,0.9160044357450503,177.82653420042917,7.847810583718211,0.26540092900357026,0.33327506013193914,150,20.3,20.0,304,19.989431306261846,18.48791250979813,7.031907934536943e-06,7.317645965488936,0.0,3.132222222222222,3.82,nan,nan,1.0,30,30,speed,1,0.75,1.5
auc,5,20,0,,True,0.5,0,0.0,1.0,9.734657027379168,0.9026534297262083,164.6033018908946,8.73592993583298,0.1927430010308658,0.3122797603459841,156,20.6,20.0,307,19.175059202410797,17.565694915201654,7.2563517287355345e-06,7.364553924219921,0.0,2.722222222222222,3.3141025641025643,nan,nan,1.0,30,30,speed,1,0.75,1.5
auc,6,20,0,,True,0.5,0,0.0,1.0,8.828154912065656,0.9117184508793434,167.03819022717605,7.65059742377969,0.18671351825406865,0.31419988489724887,150,20.200000000000003,20.0,304,19.59381588255703,17.6365554006686,7.251315740799519e-06,7.303134104247806,0.0,2.0461111111111108,2.8133333333333335,nan,nan,1.0,30,30,speed,1,0.75,1.5
auc,7,20,0,,True,0.5,0,0.0,1.0,8.814876575294917,0.9118512342470508,175.2365508043158,8.568023348326658,0.2474768418975997,0.3011100310941387,146,20.700000000000003,20.0,309,20.07930506740051,18.81771983372527,6.871844653072571e-06,7.356819256236254,0.0,3.0342465753424657,3.493150684931507,nan,nan,1.0,30,30,speed,1,0.75,1.5
auc,8,20,0,,True,0.5,0,0.0,1.0,10.980622769466041,0.8901937723053396,176.94009623676322,8.27141770803176,0.19710919770311203,0.2575314959823343,141,20.6,20.0,299,20.14536812991182,18.94125105571968,7.159197244058864e-06,7.355820980617505,0.0,3.926713947990544,5.141843971631205,nan,nan,1.0,30,30,speed,1,0.75,1.5
auc,9,20,0,,True,0.5,0,0.0,1.0,8.83529705070012,0.9116470294929988,169.05699611438928,7.2767649206165395,0.20541167149048628,0.2896863222350355,145,19.900000000000002,20.0,297,19.859417190544246,18.35774262081145,7.217845263415069e-06,7.346842074530445,0.0,2.7241379310344827,3.717241379310345,nan,nan,1.0,30,30,speed,1,0.75,1.5
auc,10,20,0,,True,0.5,0,0.0,1.0,7.779028551892764,0.9222097144810724,172.8896629283845,7.129465582903049,0.23624655142264492,0.33248962257040815,153,20.0,20.0,301,19.557190819766884,17.860890406216125,7.139202594572208e-06,7.320566153497821,0.0,2.196078431372549,2.679738562091503,nan,nan,1.0,30,30,speed,1,0.75,1.5
auc,11,20,0,,True,0.5,0,0.0,1.0,9.021798402775849,0.9097820159722415,171.08172512716328,8.800487267772937,0.18444274423988025,0.27810890686121714,156,21.400000000000002,20.0,311,19.322717711256548,17.304480073354696,6.9469453732691215e-06,7.338214276355204,0.0,3.079059829059829,3.9615384615384617,nan,nan,1.0,30,30,speed,1,0.75,1.5
auc,12,20,0,,True,0.5,0,0.0,1.0,12.496391244637861,0.8750360875536214,161.81935134322333,8.887257184954269,0.18157774996230036,0.2548994742928229,158,21.400000000000002,20.0,314,19.62101949275092,18.08651246977707,6.773566910503937e-06,7.4347793035234435,0.0,5.05379746835443,5.19620253164557,nan,nan,1.0,30,30,speed,1,0.75,1.5
auc,13,20,0,,True,0.5,0,0.0,1.0,7.0661836792263895,0.9293381632077361,169.32438813535254,6.791617390897322,0.19258633510690928,0.32588769793495004,159,22.1,20.0,323,19.022259428185272,17.031910169775216,6.823839125351046e-06,7.228053031630783,0.0,2.247379454926625,3.1446540880503147,nan,nan,1.0,30,30,speed,1,0.75,1.5
auc,14,20,0,,True,0.5,0,0.0,1.0,10.42126122619833,0.8957873877380167,163.30222313152154,7.299485287265165,0.183197122591193,0.24778336270816512,143,19.700000000000003,20.0,293,19.91281203658465,18.788759231966534,7.09692823204749e-06,7.336012329501103,0.0,2.335664335664336,3.230769230769231,nan,nan,1.0,30,30,speed,1,0.75,1.5
auc,15,20,0,,True,0.5,0,0.0,1.0,11.325572995857947,0.8867442700414205,166.59505850528967,9.229852199446585,0.1913359467527448,0.28189863292625483,142,20.0,20.0,300,20.043864710945485,18.505873169438846,6.941333206971952e-06,7.411272519056565,0.0,4.19131455399061,5.21830985915493,nan,nan,1.0,30,30,speed,1,0.75,1.5
auc,16,20,0,,True,0.5,0,0.0,1.0,8.923038345149315,0.9107696165485069,186.15039607119746,8.311348694877879,0.24591416454540718,0.30192684039475387,146,19.200000000000003,20.0,292,19.92440189848204,18.532553794623517,7.0263699293319995e-06,7.3378501987127365,0.0,3.2773972602739727,4.301369863013699,nan,nan,1.0,30,30,speed,1,0.75,1.5
auc,17,20,0,,True,0.5,0,0.0,1.0,9.304043672593455,0.9069595632740655,173.15129549026923,8.308429002511222,0.21161904672677065,0.27457561561681865,146,19.3,20.0,295,20.03499452793244,18.994034696038185,6.993559348965222e-06,7.327400309540528,0.0,3.096461187214612,3.7945205479452055,nan,nan,1.0,30,30,speed,1,0.75,1.5
auc,18,20,0,,True,0.5,0,0.0,1.0,10.65296695440746,0.8934703304559254,183.80087608411628,8.638091697564777,0.24929332265105825,0.331160887038009,142,19.3,20.0,287,19.663802195369108,17.435544037877293,7.0533100661630206e-06,7.384003061485119,0.0,6.954225352112676,8.225352112676056,nan,nan,1.0,30,30,speed,1,0.75,1.5
auc,19,20,0,,True,0.5,0,0.0,1.0,6.279347603918984,0.9372065239608102,182.26963734583757,10.0,0.24104984294755663,0.3244104500503086,163,20.900000000000002,20.0,311,19.67167341929411,17.585604601903743,6.73344052696924e-06,7.3122511234300465,0.0,2.600204498977505,3.276073619631902,nan,nan,1.0,30,30,speed,1,0.75,1.5
auc,20,20,0,,True,0.5,0,0.0,1.0,9.713729164172413,0.9028627083582759,167.9547370552355,7.6168750746703004,0.19858843968656417,0.26985571867541136,132,18.5,20.0,282,19.932914943399606,18.50135492353424,7.496808432327444e-06,7.3697541405571965,0.0,3.782828282828283,5.174242424242424,nan,nan,1.0,30,30,speed,1,0.75,1.5
auc,21,20,0,,True,0.5,0,0.0,1.0,8.916844721952222,0.9108315527804778,165.92264302115575,8.172789210579172,0.1941489433685363,0.3072759906919322,153,20.0,20.0,300,19.711410432669727,17.994135865054005,7.299333325742433e-06,7.338592228300525,0.0,2.4640522875816995,3.1241830065359477,nan,nan,1.0,30,30,speed,1,0.75,1.5
auc,22,20,0,,True,0.5,0,0.0,1.0,9.111277665166961,0.9088872233483304,169.68241586353838,6.376176024730054,0.2221549702461589,0.33611835519042405,152,20.200000000000003,20.0,304,19.540764766714215,17.382692857341926,7.67072356211429e-06,7.328438751988283,0.0,2.6447368421052633,3.5592105263157894,nan,nan,1.0,30,30,speed,1,0.75,1.5
auc,23,20,0,,True,0.5,0,0.0,1.0,9.186607608356457,0.9081339239164354,163.5958457533005,6.842521044923004,0.18700298110919714,0.26568307909300704,137,19.1,20.0,290,19.88269044579221,18.505145359339235,7.404482663520772e-06,7.357778928108569,0.0,3.156934306569343,3.7737226277372264,nan,nan,1.0,30,30,speed,1,0.75,1.5
auc,24,20,0,,True,0.5,0,0.0,1.0,11.669915751106396,0.883300842488936,168.80107479655354,9.341854160317748,0.1994751769120517,0.317218463286147,158,20.900000000000002,20.0,310,19.28552942555634,17.55938101234415,7.292580677688332e-06,7.431044998293489,0.0,6.215189873417722,6.80379746835443,nan,nan,1.0,30,30,speed,1,0.75,1.5
auc,25,20,0,,True,0.5,0,0.0,1.0,7.064705026155604,0.929352949738444,167.58701543228312,8.511064221050015,0.16918901300369055,0.302255749859392,173,22.8,20.0,330,19.12640218993994,17.122226917276528,7.1212120846294885e-06,7.290711155140241,0.0,1.9152215799614645,2.5722543352601157,nan,nan,1.0,30,30,speed,1,0.75,1.5
auc,26,20,0,,True,0.5,0,0.0,1.0,9.058355209544544,0.9094164479045546,171.44276857858816,7.609744161987182,0.2558911922625203,0.355494915585668,157,20.1,20.0,306,19.13015433354886,16.491236261763444,7.016666654784239e-06,7.345172776584561,0.0,3.0477707006369426,3.605095541401274,nan,nan,1.0,30,30,speed,1,0.75,1.5
auc,27,20,0,,True,0.5,0,0.0,1.0,9.655087130220918,0.9034491286977908,166.05364591221684,9.093582142023479,0.1399932459819198,0.22634145507800152,156,20.700000000000003,20.0,307,19.768035585648292,18.77049601361277,6.887622206325488e-06,7.3869468743377,0.0,3.017094017094017,3.4935897435897436,nan,nan,1.0,30,30,speed,1,0.75,1.5
auc,28,20,0,,True,0.5,0,0.0,1.0,11.549525357943724,0.8845047464205628,161.7734848715524,8.61074419532477,0.206393048142342,0.29528539490090305,142,20.3,20.0,300,19.380851934299404,17.644991418306404,7.527333461136247e-06,7.440099167523931,0.0,5.62793427230047,6.288732394366197,nan,nan,1.0,30,30,speed,1,0.75,1.5
auc,29,20,0,,True,0.5,0,0.0,1.0,9.27730750896556,0.9072269249103444,170.6550729479903,9.232772947179484,0.1988435680389556,0.27875865688832235,163,21.700000000000003,20.0,318,19.515500725565833,17.92340105051517,6.9685533814646194e-06,7.377845973988973,0.0,5.254601226993865,6.2392638036809815,nan,nan,1.0,30,30,speed,1,0.75,1.5
auc,30,20,0,,True,0.5,0,0.0,1.0,7.355005827898442,0.9264499417210156,185.41599840133773,9.805571189386809,0.2234034782449214,0.2987315544396858,164,21.1,20.0,313,19.77028300883371,18.25895026085756,7.049840215345125e-06,7.293361668668576,0.0,2.758130081300813,3.7134146341463414,nan,nan,1.0,30,30,speed,1,0.75,1.5
auc,1,20,0,,True,0.5,0,0.0,1.0,9.586835124858107,0.9041316487514189,178.8126513026955,8.187135740056435,0.19114511122864908,0.2509927449404233,136,19.700000000000003,20.0,289,20.05115646805317,18.757285842072417,7.243598661277521e-06,7.814008466099244,0.0,3.4742647058823533,4.5588235294117645,nan,nan,1.0,30,30,speed,1,1.0,2.0
auc,2,20,0,,True,0.5,0,0.0,1.0,9.806921686406389,0.9019307831359361,170.65268291208366,6.929193358741448,0.2359988706060216,0.35931054441856564,158,20.6,20.0,307,19.432592071237753,17.652135327831505,7.394788376186862e-06,7.7946111393553155,0.0,4.233122362869198,4.60126582278481,nan,nan,1.0,30,30,speed,1,1.0,2.0
auc,3,20,0,,True,0.5,0,0.0,1.0,9.496822679256434,0.9050317732074357,169.30154488989996,10.0,0.13910575717979795,0.21726879507630345,165,21.700000000000003,20.0,318,19.625831812434882,18.635617891493656,6.712893162375907e-06,7.866286592740914,0.0,2.902020202020202,3.6606060606060606,nan,nan,1.0,30,30,speed,1,1.0,2.0
auc,4,20,0,,True,0.5,0,0.0,1.0,8.962895759431333,0.9103710424056867,172.009138690258,6.995565928060085,0.3005810436907588,0.4446267794322749,181,22.3,20.0,336,18.420467869928377,15.248662097428328,6.981249942414468e-06,7.737924218803046,0.0,3.1721915285451194,3.5801104972375692,nan,nan,1.0,30,30,speed,1,1.0,2.0
auc,5,20,0,,True,0.5,0,0.0,1.0,9.409350000891692,0.9059064999910831,164.0300766100102,9.927322461848517,0.14417404334055228,0.2437925070529019,153,20.3,20.0,304,19.461639060266222,18.287310054993227,6.8934211149577385e-06,7.841818266885154,0.0,2.5599128540305007,3.084967320261438,nan,nan,1.0,30,30,speed,1,1.0,2.0
auc,6,20,0,,True,0.5,0,0.0,1.0,8.89786032231228,0.9110213967768772,170.53703979065966,7.764655872606423,0.20054132690645388,0.32157787220166467,150,20.200000000000003,20.0,303,19.633515723931744,17.685194044772203,7.157425673063015e-06,7.788389277223786,0.0,2.451111111111111,3.2266666666666666,nan,nan,1.0,30,30,speed,1,1.0,2.0
auc,7,20,0,,True,0.5,0,0.0,1.0,9.774455757741606,0.9022554424225839,181.96067031714844,8.958026754820025,0.23296357649665045,0.2837511048247989,145,20.6,20.0,307,20.05287748368762,18.866283021218724,6.868403795245786e-06,7.7784049136967575,0.0,3.1011494252873564,3.7448275862068967,nan,nan,1.0,30,30,speed,1,1.0,2.0
auc,8,20,0,,True,0.5,0,0.0,1.0,10.418728007037792,0.8958127199296221,180.14116798893815,8.26384030722736,0.20312550423391268,0.2628521208392882,141,20.6,20.0,298,20.146145776637187,18.943014507196462,7.112080561608114e-06,7.811990881660625,0.0,3.882978723404255,5.120567375886525,nan,nan,1.0,30,30,speed,1,1.0,2.0
auc,9,20,0,,True,0.5,0,0.0,1.0,7.649054868259652,0.9235094513174035,171.66468258466148,6.993607560899634,0.2100828787330719,0.3199556871221989,157,20.6,20.0,309,19.223963997250433,16.831530104599803,6.993203846817613e-06,7.796774442486219,0.0,2.357749469214437,3.3184713375796178,nan,nan,1.0,30,30,speed,1,1.0,2.0
auc,10,20,0,,True,0.5,0,0.0,1.0,7.709927490223423,0.9229007250977658,172.5480300009993,7.964619676464885,0.2272072334111689,0.32080300908792736,152,19.900000000000002,20.0,301,19.61572453492759,17.9853021473882,7.122259234032591e-06,7.80096138083475,0.0,1.944078947368421,2.4210526315789473,nan,nan,1.0,30,30,speed,1,1.0,2.0
auc,11,20,0,,True,0.5,0,0.0,1.0,9.044965941111771,0.9095503405888823,171.18711391844644,8.947602865002391,0.18429340427172747,0.2744164252704715,155,21.400000000000002,20.0,311,19.372387637417056,17.395799752535577,6.918006421626812e-06,7.826072461526874,0.0,3.0951612903225807,4.012903225806451,nan,nan,1.0,30,30,speed,1,1.0,2.0
auc,12,20,0,,True,0.5,0,0.0,1.0,11.221058599993029,0.8877894140000697,167.4550674212678,8.2657390885073,0.1903283092213809,0.2573064639399551,151,21.1,20.0,304,19.870229869809997,18.47672072784763,6.849341987521927e-06,7.8406846081814265,0.0,4.321192052980132,4.490066225165563,nan,nan,1.0,30,30,speed,1,1.0,2.0
auc,13,20,0,,True,0.5,0,0.0,1.0,7.33603383880671,0.9266396616119329,170.79708477982234,8.111400016175148,0.19266711586664795,0.32648650124193707,158,22.1,20.0,322,19.048237080419227,17.1418462750934,6.777329154993026e-06,7.720153640281912,0.0,2.6951476793248945,3.607594936708861,nan,nan,1.0,30,30,speed,1,1.0,2.0
auc,14,20,0,,True,0.5,0,0.0,1.0,11.17221973653617,0.8882778026346383,163.10257691573253,7.8862850919269185,0.1752053877060245,0.23618855761379132,145,19.700000000000003,20.0,295,19.88219147628682,18.769515100739284,7.111525522659422e-06,7.814164319893776,0.0,2.947701149425287,3.8551724137931034,nan,nan,1.0,30,30,speed,1,1.0,2.0
auc,15,20,0,,True,0.5,0,0.0,1.0,10.445273124986032,0.8955472687501397,168.25837915316075,9.22945181654962,0.19343378995488575,0.28420823820487867,142,20.0,20.0,300,20.05066723472193,18.53058931038907,6.933666651699847e-06,7.896129201333548,0.0,4.204225352112676,5.26056338028169,nan,nan,1.0,30,30,speed,1,1.0,2.0
auc,16,20,0,,True,0.5,0,0.0,1.0,8.676620069184937,0.9132337993081506,180.03943898252797,8.777615557003715,0.2538531684309168,0.3106872219752027,146,19.200000000000003,20.0,292,19.92464543991254,18.542637578754288,7.077397104657306e-06,7.836489536799627,0.0,2.8801369863013697,3.4863013698630136,nan,nan,1.0,30,30,speed,1,1.0,2.0
auc,17,20,0,,True,0.5,0,0.0,1.0,8.863704958783348,0.9113629504121665,176.8688291718449,8.259280909501483,0.21363179804534796,0.27573964945761137,145,19.3,20.0,295,20.04414285233264,19.0068982921785,7.0369491892298525e-06,7.820033742972065,0.0,3.6551724137931036,4.63448275862069,nan,nan,1.0,30,30,speed,1,1.0,2.0
auc,18,20,0,,True,0.5,0,0.0,1.0,9.875568973257353,0.9012443102674265,178.58030070844342,8.50582662804326,0.20768279042449658,0.2878603679416992,149,19.400000000000002,20.0,294,19.705254964688297,18.0281874355016,6.9959182806984604e-06,7.851522414787117,0.0,5.225391498881432,6.429530201342282,nan,nan,1.0,30,30,speed,1,1.0,2.0
auc,19,20,0,,True,0.5,0,0.0,1.0,6.268449665343201,0.937315503346568,182.1775514528693,10.0,0.24628068762728986,0.32882843021345454,163,20.900000000000002,20.0,311,19.678243618324053,17.595997503779085,6.7527331146067214e-06,7.787657539735048,0.0,2.602249488752556,3.2883435582822087,nan,nan,1.0,30,30,speed,1,1.0,2.0
auc,20,20,0,,True,0.5,0,0.0,1.0,9.34878234970884,0.9065121765029116,166.92218127113443,7.994599014019486,0.16526408375088183,0.24188758668691926,134,18.5,20.0,284,19.976025844578324,18.6108393607787,7.432394392106315e-06,7.8240854688877794,0.0,2.958333333333334,3.925373134328358,nan,nan,1.0,30,30,speed,1,1.0,2.0
auc,21,20,0,,True,0.5,0,0.0,1.0,8.53937741216132,0.9146062258783868,167.62102907870704,8.76301932390351,0.1805107136342868,0.29151090603320123,152,20.0,20.0,300,19.75125437578717,18.031977469270387,7.162000013825794e-06,7.823233043209248,0.0,2.5032894736842106,3.151315789473684,nan,nan,1.0,30,30,speed,1,1.0,2.0
auc,22,20,0,,True,0.5,0,0.0,1.0,7.789374369804547,0.9221062563019545,172.18312421223234,6.170644224317078,0.21551718052048172,0.3269792017303749,147,19.900000000000002,20.0,300,19.67319965812671,17.62119553581973,7.384000091406051e-06,7.775964383245361,0.0,2.510204081632653,3.5238095238095237,nan,nan,1.0,30,30,speed,1,1.0,2.0
auc,23,20,0,,True,0.5,0,0.0,1.0,10.612618763445225,0.8938738123655477,160.71251337638657,7.462860809017316,0.16281188523102327,0.23710255592203414,135,19.1,20.0,289,19.935989409331338,18.594012988585728,7.231833777695759e-06,7.85608640865392,0.0,3.2364197530864196,4.037037037037037,nan,nan,1.0,30,30,speed,1,1.0,2.0
auc,24,20,0,,True,0.5,0,0.0,1.0,11.807320633583752,0.8819267936641625,168.50528709974327,9.519637725904401,0.21293439825518662,0.32118841065995735,157,20.900000000000002,20.0,310,19.364553580987067,17.671891353454924,7.124838779301142e-06,7.898278405053789,0.0,6.085987261146497,6.643312101910828,nan,nan,1.0,30,30,speed,1,1.0,2.0
auc,25,20,0,,True,0.5,0,0.0,1.0,6.976155249017413,0.9302384475098259,172.08270618310272,8.414469614511946,0.18766706651178208,0.3118310257815427,172,22.8,20.0,329,19.229957560544847,17.27485265655393,6.833130559752381e-06,7.768177981466347,0.0,2.2761627906976742,2.86046511627907,nan,nan,1.0,30,30,speed,1,1.0,2.0
auc,26,20,0,,True,0.5,0,0.0,1.0,9.479629500716058,0.9052037049928394,171.59593553345937,7.343726877258726,0.24611998357702225,0.3452629974144419,155,20.1,20.0,303,19.116136864443522,16.479997571705493,7.106270756351181e-06,7.837822358662884,0.0,3.076344086021505,3.6580645161290324,nan,nan,1.0,30,30,speed,1,1.0,2.0
auc,27,20,0,,True,0.5,0,0.0,1.0,9.676416582346059,0.9032358341765394,165.69344697327017,9.125358974590084,0.142010879335438,0.22785576519064044,156,20.700000000000003,20.0,307,19.791114172973234,18.807504677895146,6.878175892175481e-06,7.875583408293105,0.0,3.0202991452991452,3.5,nan,nan,1.0,30,30,speed,1,1.0,2.0
auc,28,20,0,,True,0.5,0,0.0,1.0,8.781872999163909,0.9121812700083609,175.66657243873877,9.403833884654052,0.23108228102647188,0.29613849022282757,136,19.8,20.0,294,19.827302712032655,18.39993546279495,7.043537468179034e-06,7.8267736155486345,0.0,2.633578431372549,3.3308823529411766,nan,nan,1.0,30,30,speed,1,1.0,2.0
auc,29,20,0,,True,0.5,0,0.0,1.0,9.538848459353622,0.9046115154064638,170.47575006002074,8.876066606895801,0.19832089050377918,0.2775630055458289,161,21.5,20.0,317,19.53356556676377,17.88971301412252,7.017350111858867e-06,7.858743639762797,0.0,5.298136645962733,6.3229813664596275,nan,nan,1.0,30,30,speed,1,1.0,2.0
auc,30,20,0,,True,0.5,0,0.0,1.0,7.765458827880223,0.9223454117211978,182.70197081906318,10.0,0.2165624690331604,0.2906543856805542,163,21.1,20.0,313,19.787003890613555,18.287545194856495,6.793610254725138e-06,7.780525984949885,0.0,2.723926380368098,3.3006134969325154,nan,nan,1.0,30,30,speed,1,1.0,2.0
auc,1,20,0,,True,0.5,0,0.0,1.0,9.517471121592546,0.9048252887840745,175.73859935874555,8.719756498896656,0.19058478185766825,0.25110729946883614,137,19.700000000000003,20.0,291,20.05880903404093,18.744753379271756,7.070446803688178e-06,8.782221064702826,0.0,3.009732360097324,4.131386861313868,nan,nan,1.0,30,30,speed,1,1.5,3.0
auc,2,20,0,,True,0.5,0,0.0,1.0,9.997615976326601,0.900023840236734,168.33024918565596,9.917734898689677,0.1843148786911153,0.27250819909676827,155,20.400000000000002,20.0,305,19.783694231661656,18.64874662473998,7.117049256625937e-06,8.8634745145567,0.0,5.243010752688172,6.2709677419354835,nan,nan,1.0,30,30,speed,1,1.5,3.0
auc,3,20,0,,True,0.5,0,0.0,1.0,9.61993118881036,0.9038006881118964,163.75000253480653,10.0,0.1136347576395312,0.19137304133658584,165,21.700000000000003,20.0,318,19.660957188523536,18.66764729575928,6.708490601689526e-06,8.854745335660793,0.0,2.303030303030303,2.6303030303030304,nan,nan,1.0,30,30,speed,1,1.5,3.0
auc,4,20,0,,True,0.5,0,0.0,1.0,9.234338502172324,0.9076566149782768,166.314414816898,8.020667325418156,0.26472260530987246,0.4155393459492801,177,22.1,20.0,332,18.574947082521163,15.432452480427793,7.120783079863689e-06,8.715888370246319,0.0,3.5875706214689265,4.090395480225989,nan,nan,1.0,30,30,speed,1,1.5,3.0
auc,5,20,0,,True,0.5,0,0.0,1.0,9.483454478957343,0.9051654552104266,163.71192272791168,9.88201547853078,0.14534132103982048,0.24235231617861758,152,20.3,20.0,304,19.463716276933955,18.342505672635,6.835526380056858e-06,8.825758254990332,0.0,2.713815789473684,3.401315789473684,nan,nan,1.0,30,30,speed,1,1.5,3.0
auc,6,20,0,,True,0.5,0,0.0,1.0,9.05840185789134,0.9094159814210866,169.29182620352896,8.527751542320548,0.1949181030810051,0.31353967258469584,150,20.200000000000003,20.0,303,19.692855669462624,17.699103845766636,6.9250824465301105e-06,8.76221999670747,0.0,2.4811111111111113,3.2133333333333334,nan,nan,1.0,30,30,speed,1,1.5,3.0
auc,7,20,0,,True,0.5,0,0.0,1.0,8.756808376804127,0.9124319162319587,175.94035348631172,9.131221584580906,0.24797650625024834,0.2949263100196144,145,20.6,20.0,307,20.03553857650082,18.854349167621724,6.870032543242918e-06,8.764086738732779,0.0,2.1735632183908047,2.8551724137931034,nan,nan,1.0,30,30,speed,1,1.5,3.0
auc,8,20,0,,True,0.5,0,0.0,1.0,9.38087801867975,0.9061912198132025,176.9144022684221,10.0,0.2041964497715304,0.26304037487684384,144,20.6,20.0,302,20.11272497989667,18.925246602688077,7.0039735247754175e-06,8.819196153321977,0.0,4.28587962962963,5.736111111111111,nan,nan,1.0,30,30,speed,1,1.5,3.0
auc,9,20,0,,True,0.5,0,0.0,1.0,8.045201685339197,0.919547983146608,170.51704079242887,7.449231876516829,0.20566070031823439,0.3066205913690791,154,20.400000000000002,20.0,306,19.375302127393976,17.05820276781914,7.296405254510913e-06,8.775204444925832,0.0,2.439393939393939,3.3896103896103895,nan,nan,1.0,30,30,speed,1,1.5,3.0
auc,10,20,0,,True,0.5,0,0.0,1.0,8.232703959020881,0.9176729604097912,176.4645160393932,9.178150962323246,0.23595453511015685,0.3189854429696086,153,19.900000000000002,20.0,300,19.677948090362204,18.12575440276512,7.103666660744542e-06,8.7495376667326,0.0,3.8703703703703707,5.189542483660131,nan,nan,1.0,30,30,speed,1,1.5,3.0
auc,11,20,0,,True,0.5,0,0.0,1.0,9.120506368694803,0.908794936313052,169.98647221927854,9.99489547802361,0.1869719871414021,0.27201543810433637,155,21.3,20.0,310,19.430336610311908,17.509231606237893,6.903548297310819e-06,8.809335767436238,0.0,2.801075268817204,3.5806451612903225,nan,nan,1.0,30,30,speed,1,1.5,3.0
auc,12,20,0,,True,0.5,0,0.0,1.0,11.564116716014949,0.8843588328398505,166.64255228933717,9.205844569310244,0.19657407599525323,0.2620903717009201,154,21.1,20.0,309,19.824996036464412,18.47664773499461,6.806796202741256e-06,8.820402335179711,0.0,4.303030303030304,4.694805194805195,nan,nan,1.0,30,30,speed,1,1.5,3.0
auc,13,20,0,,True,0.5,0,0.0,1.0,7.640463191574398,0.923595368084256,172.00858468812623,10.0,0.18797689938767728,0.3076269501484505,158,22.0,20.0,322,19.159727383974026,17.41423768822496,6.716770128280457e-06,8.672439261351245,0.0,2.1782700421940926,3.0,nan,nan,1.0,30,30,speed,1,1.5,3.0
auc,14,20,0,,True,0.5,0,0.0,1.0,9.214360761092188,0.9078563923890781,167.94209134542953,9.54127297000054,0.1614494087923658,0.22530499230969844,148,19.8,20.0,296,19.80791158751291,18.725248571024057,7.09087840437565e-06,8.763548010482957,0.0,2.232545045045045,2.8445945945945947,nan,nan,1.0,30,30,speed,1,1.5,3.0
auc,15,20,0,,True,0.5,0,0.0,1.0,9.899650601575448,0.9010034939842455,169.9614476615877,9.237007305058516,0.21216389713432565,0.2976226247936957,140,20.1,20.0,296,20.064565504629748,18.484463019701504,7.020945869609588e-06,8.829441240236775,0.0,2.7994047619047615,3.7642857142857142,nan,nan,1.0,30,30,speed,1,1.5,3.0
auc,16,20,0,,True,0.5,0,0.0,1.0,8.757682866321215,0.9124231713367879,175.71382173199567,9.461057075005359,0.25418489390436805,0.3055982969588303,146,19.200000000000003,20.0,292,19.90019885006819,18.547696639329867,7.19760287647161e-06,8.788227601003953,0.0,2.4549086757990866,3.143835616438356,nan,nan,1.0,30,30,speed,1,1.5,3.0
auc,17,20,0,,True,0.5,0,0.0,1.0,8.962022592276387,0.9103797740772361,171.5723926918948,8.309488907061986,0.2014321714422575,0.2610079000011823,145,19.3,20.0,294,20.037600017573784,19.025068141727125,7.090136029367132e-06,8.790458110234736,0.0,2.0804597701149428,2.7103448275862068,nan,nan,1.0,30,30,speed,1,1.5,3.0
auc,18,20,0,,True,0.5,0,0.0,1.0,9.036980289071417,0.9096301971092858,178.3989759856456,8.571665857728519,0.20417348472518174,0.26330808085436425,144,18.8,20.0,290,19.97970539074544,18.57853781358951,6.957586171258049e-06,8.788421874623221,0.0,4.752314814814815,5.895833333333333,nan,nan,1.0,30,30,speed,1,1.5,3.0
auc,19,20,0,,True,0.5,0,0.0,1.0,7.801892092153384,0.9219810790784662,176.98892819677738,10.0,0.23783417804998894,0.30033495423096274,147,19.700000000000003,20.0,295,19.909565903546273,18.664465706260444,7.033898367870094e-06,8.781895926169007,0.0,2.578231292517007,3.2312925170068025,nan,nan,1.0,30,30,speed,1,1.5,3.0
auc,20,20,0,,True,0.5,0,0.0,1.0,9.008095405543292,0.9099190459445671,180.22530438707886,9.072691751224179,0.264898487665895,0.31033768005756696,130,18.3,20.0,279,20.505044192227242,19.30588715046332,7.1584229032287045e-06,8.776631606231081,0.0,3.0493589743589746,4.153846153846154,nan,nan,1.0,30,30,speed,1,1.5,3.0
auc,21,20,0,,True,0.5,0,0.0,1.0,8.162152328803796,0.918378476711962,170.81809765538688,8.706740934541429,0.21223631969407528,0.2991854313249542,152,20.0,20.0,298,19.93458155469347,18.184335916253286,7.510067153883779e-06,8.77836910847888,0.0,2.2960526315789473,2.9539473684210527,nan,nan,1.0,30,30,speed,1,1.5,3.0
auc,22,20,0,,True,0.5,0,0.0,1.0,7.554003159058087,0.9244599684094191,170.7883002739713,7.361126303883838,0.17314190677218305,0.2893939387500755,147,19.8,20.0,299,19.72790760354136,17.931257165441487,7.082943164180485e-06,8.72093897736307,0.0,2.0232426303854876,2.7142857142857144,nan,nan,1.0,30,30,speed,1,1.5,3.0
auc,23,20,0,,True,0.5,0,0.0,1.0,10.846810516278904,0.891531894837211,161.68305837658565,7.85064381416439,0.15032176561621569,0.22399487704709786,135,19.1,20.0,288,19.961579693077855,18.63700988936854,7.3604167280589336e-06,8.839841362867812,0.0,2.982098765432099,3.6666666666666665,nan,nan,1.0,30,30,speed,1,1.5,3.0
auc,24,20,0,,True,0.5,0,0.0,1.0,9.079880031868049,0.9092011996813195,173.19463623670399,6.286907927030711,0.25651440614063425,0.3670517519755819,152,20.3,20.0,304,19.122604963261264,16.765911233415096,7.349013099213296e-06,8.741862418655035,0.0,3.5383771929824563,4.230263157894737,nan,nan,1.0,30,30,speed,1,1.5,3.0
auc,25,20,0,,True,0.5,0,0.0,1.0,6.350026099412087,0.9364997390058791,172.42005170558122,8.236772090026129,0.19093701808044222,0.30704059746092427,172,22.700000000000003,20.0,329,19.21091250703388,17.306430433496324,7.091489188195458e-06,8.70985419770492,0.0,2.070251937984496,2.622093023255814,nan,nan,1.0,30,30,speed,1,1.5,3.0
auc,26,20,0,,True,0.5,0,0.0,1.0,9.419279803547887,0.9058072019645211,173.2888375017302,8.743836303864072,0.2660735515335754,0.3548586343372268,154,20.0,20.0,302,19.13353288655417,16.513051966846753,7.269867505151193e-06,8.798653946395294,0.0,3.2824675324675323,4.064935064935065,nan,nan,1.0,30,30,speed,1,1.5,3.0
auc,27,20,0,,True,0.5,0,0.0,1.0,10.763694777630716,0.8923630522236928,164.22462790913593,9.158100332627335,0.14865999545988623,0.22353746629478327,155,20.6,20.0,306,19.829787029253595,18.856062199738364,6.96470598603471e-06,8.854858287718757,0.0,3.282795698924731,3.529032258064516,nan,nan,1.0,30,30,speed,1,1.5,3.0
auc,28,20,0,,True,0.5,0,0.0,1.0,10.003754395240616,0.8999624560475938,173.9278511253642,9.239144627187022,0.2301952978790652,0.29857778947741387,134,19.8,20.0,290,19.821597074815138,18.429785320272902,7.146206879606952e-06,8.812406074533703,0.0,2.878109452736318,3.7686567164179103,nan,nan,1.0,30,30,speed,1,1.5,3.0
auc,29,20,0,,True,0.5,0,0.0,1.0,9.16699845200759,0.9083300154799241,170.7607548098676,9.453442152544529,0.19303456664529414,0.2678543337123109,162,21.6,20.0,318,19.53708893211199,17.951386815974278,6.82169818718414e-06,8.824767967825393,0.0,4.438271604938271,5.401234567901234,nan,nan,1.0,30,30,speed,1,1.5,3.0
auc,30,20,0,,True,0.5,0,0.0,1.0,7.508279060758582,0.9249172093924142,178.40360371225367,10.0,0.2173984363123627,0.29216346935235976,164,21.1,20.0,312,19.805666007331315,18.389917027482213,6.790705251310451e-06,8.747213786638882,0.0,2.5691056910569103,3.908536585365854,nan,nan,1.0,30,30,speed,1,1.5,3.0
auc,1,20,0,,True,0.5,0,0.0,1.0,9.256309368399407,0.9074369063160059,171.87811379868677,10.0,0.15914186252967696,0.2222805389454259,140,19.700000000000003,20.0,295,20.003313825250096,18.72781085085321,6.976271143392265e-06,9.76336191829245,0.0,3.304166666666667,4.35,nan,nan,1.0,30,30,speed,1,2.0,4.0
auc,2,20,0,,True,0.5,0,0.0,1.0,9.35180071248981,0.9064819928751019,167.8789752585252,10.0,0.17676938022812896,0.26752824714579726,155,20.400000000000002,20.0,305,19.777420665247966,18.651935521005015,7.171147432823314e-06,9.828212320632689,0.0,4.357526881720431,5.464516129032258,nan,nan,1.0,30,30,speed,1,2.0,4.0
auc,3,20,0,,True,0.5,0,0.0,1.0,9.589205906488797,0.904107940935112,163.97956173076858,10.0,0.11087199547397986,0.18536828265239103,165,21.700000000000003,20.0,318,19.657843558045343,18.66800551965678,6.722012557068828e-06,9.840828023200258,0.0,2.297979797979798,2.6424242424242426,nan,nan,1.0,30,30,speed,1,2.0,4.0
auc,4,20,0,,True,0.5,0,0.0,1.0,9.607908617321826,0.9039209138267817,171.60569532235647,9.728235492911155,0.21160239242061737,0.28069190645038566,150,20.3,20.0,305,19.862809110263445,18.28053103654118,6.918688569519455e-06,9.777036772005918,0.0,4.6433333333333335,5.826666666666667,nan,nan,1.0,30,30,speed,1,2.0,4.0
auc,5,20,0,,True,0.5,0,0.0,1.0,9.495873857733518,0.9050412614226648,163.62333096473418,9.951054167841937,0.14473603072031305,0.24176178247172447,152,20.3,20.0,303,19.473751133747914,18.36353518246722,6.855115517393744e-06,9.80467938379884,0.0,2.549342105263158,3.0921052631578947,nan,nan,1.0,30,30,speed,1,2.0,4.0
auc,6,20,0,,True,0.5,0,0.0,1.0,9.029913931286027,0.9097008606871397,168.84161681030346,9.206624706595608,0.17663017975594716,0.29545128428766004,149,20.200000000000003,20.0,303,19.73039656852767,17.836336456379392,6.976237591366028e-06,9.74545786317375,0.0,2.8579418344519016,3.6912751677852347,nan,nan,1.0,30,30,speed,1,2.0,4.0
auc,7,20,0,,True,0.5,0,0.0,1.0,8.786825309248314,0.9121317469075169,176.11088782419165,10.0,0.24287253368441794,0.28539748172622104,142,20.6,20.0,304,20.005865286317654,18.887841794703114,6.934868475869543e-06,9.718833663187999,0.0,2.5827464788732395,3.647887323943662,nan,nan,1.0,30,30,speed,1,2.0,4.0
auc,8,20,0,,True,0.5,0,0.0,1.0,8.748764096676142,0.9125123590332386,174.17790173673063,10.0,0.20004401442555042,0.26168867038515226,148,20.700000000000003,20.0,305,19.961600497016658,18.808551241429658,7.126229475481344e-06,9.784702848315533,0.0,2.514752252252252,3.310810810810811,nan,nan,1.0,30,30,speed,1,2.0,4.0
auc,9,20,0,,True,0.5,0,0.0,1.0,7.962956333029503,0.920370436669705,168.3857418039873,8.903343411551516,0.18906875406241125,0.29300730546428033,154,20.3,20.0,306,19.358679019086907,17.090796465333902,7.407516213015994e-06,9.762173354917998,0.0,1.9404761904761902,2.9220779220779223,nan,nan,1.0,30,30,speed,1,2.0,4.0
auc,10,20,0,,True,0.5,0,0.0,1.0,9.660777890005534,0.9033922210999447,171.53765661984448,9.528218298070621,0.22612363776116404,0.32576335357147695,150,20.0,20.0,296,19.305098730631567,17.45865539648039,7.242229752886783e-06,9.745226091139001,0.0,3.223333333333333,4.1866666666666665,nan,nan,1.0,30,30,speed,1,2.0,4.0
auc,11,20,0,,True,0.5,0,0.0,1.0,8.114415163328125,0.9188558483667187,169.25970705377708,10.0,0.1714379998181043,0.25365212963461786,155,21.3,20.0,310,19.43716749847557,17.57420086249198,6.921290461773864e-06,9.785744752142978,0.0,2.3559139784946237,3.2129032258064516,nan,nan,1.0,30,30,speed,1,2.0,4.0
auc,12,20,0,,True,0.5,0,0.0,1.0,10.673816478955034,0.8932618352104497,170.86756271696592,9.814434504507219,0.20838456895774995,0.26635734716202353,155,21.200000000000003,20.0,310,19.79096073415503,18.5468495520724,6.841612881661633e-06,9.790352125442988,0.0,3.9494623655913976,4.503225806451613,nan,nan,1.0,30,30,speed,1,2.0,4.0
auc,13,20,0,,True,0.5,0,0.0,1.0,7.719770703853868,0.9228022929614613,166.13448266979924,10.0,0.1608941177713186,0.28286088049359326,158,22.0,20.0,321,19.198359816449607,17.542887117971066,6.729594986331635e-06,9.655834636663837,0.0,1.8222573839662448,2.3354430379746836,nan,nan,1.0,30,30,speed,1,2.0,4.0
auc,14,20,0,,True,0.5,0,0.0,1.0,9.00945489115258,0.9099054510884742,168.6116707185826,10.0,0.14707374796071226,0.20822428291272374,149,19.900000000000002,20.0,298,19.744682690352864,18.72665489011856,7.008389241570738e-06,9.748052762411803,0.0,2.683445190156599,3.1476510067114094,nan,nan,1.0,30,30,speed,1,2.0,4.0
auc,15,20,0,,True,0.5,0,0.0,1.0,11.421569777733897,0.885784302222661,170.93073836169955,9.664531152051495,0.19992135263765118,0.2587919387758333,139,20.0,20.0,295,20.14865974317913,18.8838004707966,7.103728853122694e-06,9.837226632136913,0.0,4.392086330935252,5.561151079136691,nan,nan,1.0,30,30,speed,1,2.0,4.0
auc,16,20,0,,True,0.5,0,0.0,1.0,9.79053165869862,0.9020946834130138,174.13504732318674,10.0,0.21955704772661064,0.27600526081617516,146,19.200000000000003,20.0,292,19.81002245841822,18.553212782118802,7.483219209686081e-06,9.782033557471717,0.0,2.849885844748859,3.76027397260274,nan,nan,1.0,30,30,speed,1,2.0,4.0
auc,17,20,0,,True,0.5,0,0.0,1.0,8.965917798187073,0.9103408220181293,168.60114001887544,9.142561243851892,0.18232407348555257,0.24165401406031756,145,19.3,20.0,294,19.98664806482182,19.034590090545745,7.089795816478282e-06,9.812641798988226,0.0,2.8459770114942526,3.5310344827586206,nan,nan,1.0,30,30,speed,1,2.0,4.0
auc,18,20,0,,True,0.5,0,0.0,1.0,10.434003700539895,0.895659962994601,171.33026519413306,10.0,0.19229994096269112,0.245022924571098,144,18.8,20.0,289,19.906321928925752,18.547771130768577,6.999654181190415e-06,9.791210311191447,0.0,3.4282407407407405,4.361111111111111,nan,nan,1.0,30,30,speed,1,2.0,4.0
auc,19,20,0,,True,0.5,0,0.0,1.0,10.012476002399072,0.8998752399760093,170.8893461160747,10.0,0.21987596117290514,0.278681069651338,149,19.900000000000002,20.0,295,19.801151293123564,18.59790437202441,7.464067694253557e-06,9.79066782281126,0.0,3.7494407158836687,4.825503355704698,nan,nan,1.0,30,30,speed,1,2.0,4.0
auc,20,20,0,,True,0.5,0,0.0,1.0,8.355600422133369,0.9164439957786663,174.97190206894436,10.0,0.2130184823308815,0.2632127585481967,131,18.3,20.0,281,20.383714898795493,19.24580683003821,7.26868335256648e-06,9.760065670228501,0.0,2.3142493638676847,3.549618320610687,nan,nan,1.0,30,30,speed,1,2.0,4.0
auc,21,20,0,,True,0.5,0,0.0,1.0,9.868864473467786,0.9013113552653221,170.30873589063657,9.284587179293203,0.21973090660425798,0.29340254846570935,155,20.200000000000003,20.0,301,19.927355424798154,18.154074408029285,7.356478413218862e-06,9.760242288272838,0.0,4.523655913978495,5.316129032258065,nan,nan,1.0,30,30,speed,1,2.0,4.0
auc,22,20,0,,True,0.5,0,0.0,1.0,7.582501948435572,0.9241749805156443,171.87988346737203,8.819590978320786,0.16962455911345398,0.28124482461597367,150,19.8,20.0,299,19.757239308275597,18.092340402119305,7.0257526042716995e-06,9.691824519890783,0.0,2.070222222222222,2.8066666666666666,nan,nan,1.0,30,30,speed,1,2.0,4.0
auc,23,20,0,,True,0.5,0,0.0,1.0,10.772907249325458,0.8922709275067454,164.47486811603738,8.752111139942912,0.14476393087213527,0.21444806672405456,136,19.1,20.0,289,19.85592593635363,18.61218671861092,7.220415244802227e-06,9.822330955903324,0.0,3.3192401960784315,3.9779411764705883,nan,nan,1.0,30,30,speed,1,2.0,4.0
auc,24,20,0,,True,0.5,0,0.0,1.0,9.891423803991916,0.9010857619600808,168.8815277070018,6.897862001395734,0.25282392871810394,0.35597008448609074,157,20.700000000000003,20.0,308,18.982696349983474,16.857326866186693,7.516883067785181e-06,9.725687495872156,0.0,3.301486199575372,3.9554140127388533,nan,nan,1.0,30,30,speed,1,2.0,4.0
auc,25,20,0,,True,0.5,0,0.0,1.0,6.3547498014980714,0.9364525019850193,169.26070424624234,8.874909336649889,0.15924562790640925,0.26979638642912734,172,22.700000000000003,20.0,328,19.306119099556103,17.573391205973795,7.063109766998578e-06,9.709263126940458,0.0,1.4576550387596898,1.7209302325581395,nan,nan,1.0,30,30,speed,1,2.0,4.0
auc,26,20,0,,True,0.5,0,0.0,1.0,9.656545693480334,0.9034345430651967,165.9660220438945,10.0,0.19256703471870024,0.28356227727131467,152,19.8,20.0,300,19.319495184939015,17.027162110480273,7.337000012436572e-06,9.80463460208263,0.0,2.0997807017543857,2.513157894736842,nan,nan,1.0,30,30,speed,1,2.0,4.0
auc,27,20,0,,True,0.5,0,0.0,1.0,10.007244461644493,0.8999275553835551,165.10607415270704,10.0,0.13946162585692257,0.2095809519097412,155,20.6,20.0,306,19.802102472945858,18.891204269778452,6.919607734197318e-06,9.837137150155135,0.0,2.898924731182796,3.458064516129032,nan,nan,1.0,30,30,speed,1,2.0,4.0
auc,28,20,0,,True,0.5,0,0.0,1.0,9.007698228696748,0.9099230177130325,172.19922938871102,10.0,0.22725311739987786,0.2866655840663941,136,19.8,20.0,293,19.76861435354307,18.40639086710431,7.196587085570511e-06,9.75970789983256,0.0,2.5488970588235293,3.838235294117647,nan,nan,1.0,30,30,speed,1,2.0,4.0
auc,29,20,0,,True,0.5,0,0.0,1.0,9.00308671000345,0.9099691328999655,170.41512476256096,10.0,0.18682064346125316,0.26341506852014046,162,21.6,20.0,318,19.537283620482757,17.968994286148035,6.832389978094483e-06,9.798563312135503,0.0,4.138374485596708,5.308641975308642,nan,nan,1.0,30,30,speed,1,2.0,4.0
auc,30,20,0,,True,0.5,0,0.0,1.0,7.078735280473881,0.9292126471952612,172.22036931033438,10.0,0.19135128941042995,0.26296017777086705,164,21.1,20.0,312,19.755422650988844,18.44506507659298,6.81442308912385e-06,9.73669126811115,0.0,1.7520325203252032,2.2804878048780486,nan,nan,1.0,30,30,speed,1,2.0,4.0
auc,1,20,0,,True,0.5,0,0.0,1.0,9.592998330075819,0.9040700166992418,178.79425821642053,8.203520630346569,0.19087127132294068,0.2506652247124744,136,19.700000000000003,20.0,289,20.050362713084724,18.757027630640938,7.109688677012141e-06,7.820670981052089,0.0,4.102328431372548,5.110294117647059,nan,nan,1.0,30,30,coll_buffer,3,0.5,0.05
auc,2,20,0,,True,0.5,0,0.0,1.0,10.003000455451538,0.8999699954454846,169.94028258276745,9.653195747437403,0.1906373398727566,0.2830905828549846,156,20.400000000000002,20.0,305,19.760664154990753,18.61797890354933,7.246229530418994e-06,7.891326843655327,0.0,5.5256410256410255,6.435897435897436,nan,nan,1.0,30,30,coll_buffer,3,0.5,0.05
auc,3,20,0,,True,0.5,0,0.0,1.0,9.527291297851448,0.9047270870214855,169.33567561652868,10.0,0.1392292967868723,0.2158812891382682,165,21.700000000000003,20.0,318,19.64438460711294,18.66745527389344,6.723899341008257e-06,7.868999266242827,0.0,3.056565656565657,3.83030303030303,nan,nan,1.0,30,30,coll_buffer,3,0.5,0.05
auc,4,20,0,,True,0.5,0,0.0,1.0,9.239043651386902,0.907609563486131,163.6511882079697,7.189912620767268,0.28495870286059627,0.425097563007177,185,23.0,20.0,339,18.182753425321213,15.3223892950334,6.733628273714927e-06,7.779898427651908,0.0,2.4036036036036035,2.72972972972973,nan,nan,1.0,30,30,coll_buffer,3,0.5,0.05
auc,5,20,0,,True,0.5,0,0.0,1.0,9.92007191640406,0.9007992808359594,164.76909529586905,9.597873585693087,0.1879326051981684,0.2890765975068641,154,20.5,20.0,306,19.297633600159195,17.92475037646275,7.249673229191008e-06,7.8673819816981805,0.0,3.405844155844156,4.298701298701299,nan,nan,1.0,30,30,coll_buffer,3,0.5,0.05
auc,6,20,0,,True,0.5,0,0.0,1.0,8.8353786825494,0.911646213174506,166.6079504504037,9.11528226376123,0.17585934692240668,0.2953563622485136,151,20.3,20.0,305,19.542625136132596,17.67670917647294,6.9839343119443196e-06,7.789860035347258,0.0,2.643487858719647,3.2781456953642385,nan,nan,1.0,30,30,coll_buffer,3,0.5,0.05
auc,7,20,0,,True,0.5,0,0.0,1.0,9.128357609089477,0.9087164239091052,185.65610599088708,8.969789273775541,0.2571628101257016,0.30133775213479413,144,20.700000000000003,20.0,306,20.19382517193709,18.830795183733848,6.743464147648469e-06,7.754049388965066,0.0,3.5520833333333335,4.298611111111111,nan,nan,1.0,30,30,coll_buffer,3,0.5,0.05
auc,8,20,0,,True,0.5,0,0.0,1.0,10.418435195836217,0.8958156480416378,180.10327195584964,8.264584067817186,0.20425124347817383,0.263502684921964,141,20.6,20.0,298,20.145446647177685,18.943542582187586,7.141610719232301e-06,7.812925351947449,0.0,3.99645390070922,5.290780141843972,nan,nan,1.0,30,30,coll_buffer,3,0.5,0.05
auc,9,20,0,,True,0.5,0,0.0,1.0,8.546452713493235,0.9145354728650676,167.576116623532,7.0787637353060155,0.20830213993461505,0.31670841143317585,156,20.6,20.0,309,19.20459420152942,16.85646687262428,6.969579342247098e-06,7.82348223077739,0.0,2.1698717948717947,2.7243589743589745,nan,nan,1.0,30,30,coll_buffer,3,0.5,0.05
auc,10,20,0,,True,0.5,0,0.0,1.0,8.251835855302069,0.9174816414469793,177.11051074233686,8.489666974925363,0.22128808928648377,0.29793420643543234,152,19.900000000000002,20.0,300,19.654841180035877,18.122683765834644,7.133666525381462e-06,7.814493662060047,0.0,4.30701754385965,5.598684210526316,nan,nan,1.0,30,30,coll_buffer,3,0.5,0.05
auc,11,20,0,,True,0.5,0,0.0,1.0,9.127287580803522,0.9087271241919648,170.5684302494907,9.01370631104038,0.1807623355585761,0.266288040991346,155,21.3,20.0,310,19.397936570878745,17.440843248367873,6.920967902143245e-06,7.8371045656076985,0.0,3.3301075268817204,4.258064516129032,nan,nan,1.0,30,30,coll_buffer,3,0.5,0.05
auc,12,20,0,,True,0.5,0,0.0,1.0,12.372770559165613,0.8762722944083439,164.39228680208666,8.918633150309356,0.20413291562927469,0.27007461343696476,159,21.400000000000002,20.0,314,19.644887434660767,18.162556707530353,6.825477658781359e-06,7.886784096945341,0.0,4.4926624737945495,4.6415094339622645,nan,nan,1.0,30,30,coll_buffer,3,0.5,0.05
auc,13,20,0,,True,0.5,0,0.0,1.0,7.694911158847361,0.9230508884115264,165.58170658886942,10.0,0.1616670438717971,0.2879399176576404,158,22.1,20.0,323,19.111407147977452,17.45609353307602,6.763777097661175e-06,7.740229816956837,0.0,1.8322784810126582,2.3417721518987342,nan,nan,1.0,30,30,coll_buffer,3,0.5,0.05
auc,14,20,0,,True,0.5,0,0.0,1.0,11.066607459737533,0.8893339254026247,166.30092099292324,7.428915254924358,0.1964291436397806,0.2608645278495058,150,20.200000000000003,20.0,298,19.606659010560584,18.133748034515484,7.237919420511743e-06,7.827462998315192,0.0,3.9605555555555556,4.713333333333333,nan,nan,1.0,30,30,coll_buffer,3,0.5,0.05
auc,15,20,0,,True,0.5,0,0.0,1.0,10.463997601706087,0.8953600239829391,168.2431537081633,9.249005797440947,0.19446146520514826,0.2873266775879646,142,20.1,20.0,300,20.04862666562869,18.51046928506933,6.85266668976207e-06,7.903066105898321,0.0,4.215962441314554,5.267605633802817,nan,nan,1.0,30,30,coll_buffer,3,0.5,0.05
auc,16,20,0,,True,0.5,0,0.0,1.0,8.693855409219886,0.9130614459078011,179.96215417168887,8.773294965738295,0.25366145739996115,0.31063901807816,146,19.200000000000003,20.0,292,19.92503869321595,18.547227630890223,7.303082184827797e-06,7.844177426822332,0.0,3.085616438356164,3.76027397260274,nan,nan,1.0,30,30,coll_buffer,3,0.5,0.05
auc,17,20,0,,True,0.5,0,0.0,1.0,8.892369530739341,0.9110763046926066,176.27586848713722,8.062754063552953,0.21446455307657625,0.27599120780961683,145,19.3,20.0,295,20.04414285233264,19.0068982921785,7.334576280377174e-06,7.835526632016215,0.0,4.136781609195403,5.3517241379310345,nan,nan,1.0,30,30,coll_buffer,3,0.5,0.05
auc,18,20,0,,True,0.5,0,0.0,1.0,10.012939762548779,0.8998706023745122,177.5379156482687,8.188567848791905,0.205028640237444,0.29352999549157616,149,19.400000000000002,20.0,294,19.673652035866574,17.93595076366367,7.111564640222643e-06,7.850095298689546,0.0,5.114093959731544,6.093959731543624,nan,nan,1.0,30,30,coll_buffer,3,0.5,0.05
auc,19,20,0,,True,0.5,0,0.0,1.0,6.316560838616303,0.936834391613837,184.9323314703608,10.0,0.24247224153647748,0.3259119501357911,163,20.900000000000002,20.0,311,19.682447083100666,17.56584342956675,6.731832739197083e-06,7.783073290289268,0.0,2.8435582822085887,3.3006134969325154,nan,nan,1.0,30,30,coll_buffer,3,0.5,0.05
auc,20,20,0,,True,0.5,0,0.0,1.0,9.331867080524825,0.9066813291947518,166.0317184614613,8.102127334560564,0.1751627126496097,0.25511437976292867,134,18.5,20.0,284,19.962421836373128,18.5969241622847,7.352464833697731e-06,7.827737136840176,0.0,3.4888059701492535,4.701492537313433,nan,nan,1.0,30,30,coll_buffer,3,0.5,0.05
auc,21,20,0,,True,0.5,0,0.0,1.0,8.813744867302987,0.9118625513269701,177.00564775856725,8.837466054080892,0.20007898085237,0.2862034653238053,159,20.5,20.0,306,20.002754164734117,18.08729287122641,7.006862658563715e-06,7.804294534643311,0.0,3.532494758909853,4.446540880503145,nan,nan,1.0,30,30,coll_buffer,3,0.5,0.05
auc,22,20,0,,True,0.5,0,0.0,1.0,8.53821285276759,0.9146178714723241,166.44996932577598,6.987592066477665,0.17102051123600376,0.2774617774731639,151,19.8,20.0,300,19.715498543861106,17.92526891738547,7.27399995715435e-06,7.819528388302761,0.0,3.0033112582781456,4.543046357615894,nan,nan,1.0,30,30,coll_buffer,3,0.5,0.05
auc,23,20,0,,True,0.5,0,0.0,1.0,10.848291454883096,0.891517085451169,160.04856514026395,7.563493936468994,0.15976146049684922,0.23464370851854935,136,19.1,20.0,289,19.933886997101848,18.594012988585728,7.300692055858575e-06,7.860597687771424,0.0,3.224877450980392,3.9191176470588234,nan,nan,1.0,30,30,coll_buffer,3,0.5,0.05
auc,24,20,0,,True,0.5,0,0.0,1.0,10.943814333456015,0.8905618566654399,185.1617466972526,7.675342499353839,0.2695828450175041,0.3687279189847536,147,20.900000000000002,20.0,296,19.540975733225082,18.040571841833383,7.358108104125603e-06,7.8393306816717665,0.0,7.333333333333333,8.156462585034014,nan,nan,1.0,30,30,coll_buffer,3,0.5,0.05
auc,25,20,0,,True,0.5,0,0.0,1.0,7.200402584450439,0.9279959741554956,167.85813723051916,8.676779756828722,0.1685613002501024,0.2853492401215318,172,22.8,20.0,329,19.212616151124845,17.46655334188472,7.2674771649111915e-06,7.76938561947928,0.0,1.8275193798449612,2.0813953488372094,nan,nan,1.0,30,30,coll_buffer,3,0.5,0.05
auc,26,20,0,,True,0.5,0,0.0,1.0,9.455011331111585,0.9054498866888842,171.66797823966286,6.902162357585218,0.24243125609939065,0.3418762987392639,154,20.1,20.0,302,19.134605271928468,16.54433465779068,7.147019851312121e-06,7.84053835480676,0.0,3.0725108225108224,3.688311688311688,nan,nan,1.0,30,30,coll_buffer,3,0.5,0.05
auc,27,20,0,,True,0.5,0,0.0,1.0,9.671919096589498,0.903280809034105,165.72919144470606,9.125358974590084,0.14228133234422768,0.22819675766904832,156,20.700000000000003,20.0,307,19.79015042577036,18.80233659282557,6.944951135380776e-06,7.875490916393002,0.0,3.0202991452991452,3.5,nan,nan,1.0,30,30,coll_buffer,3,0.5,0.05
auc,28,20,0,,True,0.5,0,0.0,1.0,8.651727504555073,0.9134827249544493,178.4414452222165,9.477228113157778,0.23396079611221499,0.30289742259013375,136,19.8,20.0,294,19.818493083380055,18.413556728539444,7.111904704622563e-06,7.826135406568288,0.0,2.781862745098039,3.4926470588235294,nan,nan,1.0,30,30,coll_buffer,3,0.5,0.05
auc,29,20,0,,True,0.5,0,0.0,1.0,9.323085758007077,0.9067691424199292,169.40239524653813,8.878307591948456,0.19721811466701283,0.2791492276570373,160,21.400000000000002,20.0,316,19.542655289186566,17.882772982422047,6.986708780735896e-06,7.856050799807472,0.0,4.709375,5.90625,nan,nan,1.0,30,30,coll_buffer,3,0.5,0.05
auc,30,20,0,,True,0.5,0,0.0,1.0,7.8117414912520005,0.92188258508748,182.5130169723054,10.0,0.21664828964922134,0.28931239675162534,163,21.1,20.0,313,19.79499962303236,18.31140648429022,6.9408946635816005e-06,7.78323092849133,0.0,3.014314928425358,3.5337423312883436,nan,nan,1.0,30,30,coll_buffer,3,0.5,0.05
auc,1,20,0,,True,0.5,0,0.0,1.0,9.590468877747737,0.9040953112225226,178.75301463080143,8.20388299356229,0.19124790730314928,0.25110876478678934,136,19.700000000000003,20.0,289,20.051057044750433,18.757284350101774,7.187543286531874e-06,7.816939523141579,0.0,3.813725490196078,4.823529411764706,nan,nan,1.0,30,30,coll_buffer,3,0.75,0.07500000000000001
auc,2,20,0,,True,0.5,0,0.0,1.0,9.848536611592007,0.9015146338840799,170.2510607880444,9.12917634087483,0.19060000720581502,0.28362709676852693,156,20.400000000000002,20.0,305,19.776101925249534,18.63495636728625,7.26393444013217e-06,7.890655500070304,0.0,5.44551282051282,6.416666666666667,nan,nan,1.0,30,30,coll_buffer,3,0.75,0.07500000000000001
auc,3,20,0,,True,0.5,0,0.0,1.0,9.5175249614742,0.904824750385258,169.36515244609134,10.0,0.13926228036934016,0.2158888096723694,165,21.700000000000003,20.0,318,19.6450105431627,18.667076520595973,6.726729619879065e-06,7.867071901928928,0.0,3.0535353535353535,3.824242424242424,nan,nan,1.0,30,30,coll_buffer,3,0.75,0.07500000000000001
auc,4,20,0,,True,0.5,0,0.0,1.0,9.063193041646056,0.9093680695835394,168.9131234986701,7.265508014335889,0.28583488986339867,0.4289979525670895,181,22.700000000000003,20.0,335,18.336976202173997,15.514798326849695,6.8716417390804515e-06,7.781269058313084,0.0,3.130755064456722,3.8232044198895028,nan,nan,1.0,30,30,coll_buffer,3,0.75,0.07500000000000001
auc,5,20,0,,True,0.5,0,0.0,1.0,9.40206927939371,0.9059793072060629,164.0325127082601,9.904126436826909,0.14481747907046377,0.2453586242197134,153,20.3,20.0,304,19.4588807226439,18.275785881039162,6.87828948062624e-06,7.8434280195592905,0.0,2.5588235294117645,3.084967320261438,nan,nan,1.0,30,30,coll_buffer,3,0.75,0.07500000000000001
auc,6,20,0,,True,0.5,0,0.0,1.0,8.31261392659506,0.9168738607340494,176.1547867932885,8.41762930562968,0.22455132084679638,0.3352423130260629,150,20.200000000000003,20.0,303,19.679136484694467,17.63854012806554,6.950495145268271e-06,7.780148077013336,0.0,3.771111111111111,4.933333333333334,nan,nan,1.0,30,30,coll_buffer,3,0.75,0.07500000000000001
auc,7,20,0,,True,0.5,0,0.0,1.0,9.843304932983676,0.9015669506701632,181.77699340463565,8.97204692864621,0.23520731120914617,0.28499567144234733,144,20.6,20.0,306,20.07057994532182,18.886260051807962,6.833006504689514e-06,7.77902901311465,0.0,3.258101851851852,3.8541666666666665,nan,nan,1.0,30,30,coll_buffer,3,0.75,0.07500000000000001
auc,8,20,0,,True,0.5,0,0.0,1.0,10.411610614988941,0.8958838938501106,180.2310662713322,8.277831668216566,0.20408006890823546,0.2635464575760717,141,20.6,20.0,298,20.145079359842004,18.943014507196462,7.124832336558029e-06,7.810390299374184,0.0,3.900709219858156,5.156028368794326,nan,nan,1.0,30,30,coll_buffer,3,0.75,0.07500000000000001
auc,9,20,0,,True,0.5,0,0.0,1.0,7.747312447852983,0.9225268755214702,169.2444888028776,7.1002473082839,0.20209397999158754,0.3152876407449623,156,20.6,20.0,308,19.244036069697973,16.851584441476867,6.969155912010102e-06,7.805205824580425,0.0,2.0309829059829063,2.6666666666666665,nan,nan,1.0,30,30,coll_buffer,3,0.75,0.07500000000000001
auc,10,20,0,,True,0.5,0,0.0,1.0,8.026308476864264,0.9197369152313574,177.04975024277917,8.144802933861625,0.23394929237270456,0.3194863713470557,153,20.0,20.0,301,19.638981607282563,18.03618407381306,7.03986713605116e-06,7.802884797369645,0.0,4.2559912854030495,5.705882352941177,nan,nan,1.0,30,30,coll_buffer,3,0.75,0.07500000000000001
auc,11,20,0,,True,0.5,0,0.0,1.0,9.004628644634494,0.9099537135536551,171.79980865276056,8.981809708096474,0.18649673197874728,0.2781405204733841,156,21.400000000000002,20.0,311,19.348667227106667,17.330355621617176,6.921221891891996e-06,7.827177337914924,0.0,3.3466880341880336,4.256410256410256,nan,nan,1.0,30,30,coll_buffer,3,0.75,0.07500000000000001
auc,12,20,0,,True,0.5,0,0.0,1.0,12.025714456113622,0.8797428554388638,163.70012279744486,8.458395412952163,0.18366783085223537,0.25375051027529394,153,21.1,20.0,308,19.855860272967643,18.444045052470237,6.837662290131625e-06,7.852953188452442,0.0,4.699346405228758,5.019607843137255,nan,nan,1.0,30,30,coll_buffer,3,0.75,0.07500000000000001
auc,13,20,0,,True,0.5,0,0.0,1.0,7.9215930445426075,0.9207840695545739,168.18071669582602,6.97886612251981,0.20923758741313903,0.3304277030386238,158,22.1,20.0,322,19.110411030170987,17.29788075076626,6.8891303898854855e-06,7.725973612880544,0.0,2.460970464135021,3.0632911392405062,nan,nan,1.0,30,30,coll_buffer,3,0.75,0.07500000000000001
auc,14,20,0,,True,0.5,0,0.0,1.0,10.780006424395816,0.8921999357560418,173.57694022823623,7.549854947458015,0.21199900432812532,0.2733294343214018,148,20.200000000000003,20.0,294,19.61787695335099,18.170478497377207,7.296258550601359e-06,7.808675897671288,0.0,3.8902027027027026,4.47972972972973,nan,nan,1.0,30,30,coll_buffer,3,0.75,0.07500000000000001
auc,15,20,0,,True,0.5,0,0.0,1.0,10.442487656739164,0.8955751234326084,168.26985470058472,9.24783252522033,0.19382349242240832,0.2854137794880401,142,20.0,20.0,300,20.047510736541106,18.516747751059725,6.9933333482670905e-06,7.899467198219845,0.0,4.207746478873239,5.267605633802817,nan,nan,1.0,30,30,coll_buffer,3,0.75,0.07500000000000001
auc,16,20,0,,True,0.5,0,0.0,1.0,8.704828343521065,0.9129517165647894,179.93574065907393,8.749119155200935,0.25366145739996115,0.31068358629835585,146,19.200000000000003,20.0,292,19.92416158623728,18.542123464223558,7.014383461939534e-06,7.839714905381325,0.0,3.0821917808219177,3.7534246575342465,nan,nan,1.0,30,30,coll_buffer,3,0.75,0.07500000000000001
auc,17,20,0,,True,0.5,0,0.0,1.0,8.872789295251494,0.9112721070474851,176.50533714597665,8.160811926260223,0.2144992512028774,0.2762488173839771,145,19.3,20.0,295,20.04414285233264,19.0068982921785,6.98576249444652e-06,7.8322316141193955,0.0,3.803448275862069,4.875862068965517,nan,nan,1.0,30,30,coll_buffer,3,0.75,0.07500000000000001
auc,18,20,0,,True,0.5,0,0.0,1.0,9.8783666777709,0.901216333222291,178.53598911055113,8.558691500800231,0.2081661979761534,0.28811248771432946,149,19.400000000000002,20.0,294,19.70306712999181,18.028084342718095,7.031292489355234e-06,7.852595193175751,0.0,5.248881431767338,6.449664429530201,nan,nan,1.0,30,30,coll_buffer,3,0.75,0.07500000000000001
auc,19,20,0,,True,0.5,0,0.0,1.0,6.280291126472337,0.9371970887352766,182.06993635274958,10.0,0.24588934738498058,0.3303107981944336,163,20.900000000000002,20.0,312,19.667852125524774,17.540243355009054,6.729807806457244e-06,7.788008505921691,0.0,2.598159509202454,3.2883435582822087,nan,nan,1.0,30,30,coll_buffer,3,0.75,0.07500000000000001
auc,20,20,0,,True,0.5,0,0.0,1.0,9.408194508951262,0.9059180549104874,166.43416962012168,8.101900853171502,0.1661680112825675,0.2424688901229945,135,18.5,20.0,284,19.96822764405786,18.594768483405336,7.399999971389213e-06,7.8258033024585565,0.0,3.3962962962962964,4.54074074074074,nan,nan,1.0,30,30,coll_buffer,3,0.75,0.07500000000000001
auc,21,20,0,,True,0.5,0,0.0,1.0,9.597393804191157,0.9040260619580884,176.08128807079615,9.421567235446918,0.2121584155701522,0.32720101783079175,158,20.400000000000002,20.0,305,19.828903550694548,17.856784967909007,7.058032700070562e-06,7.826002575421141,0.0,4.008438818565401,5.348101265822785,nan,nan,1.0,30,30,coll_buffer,3,0.75,0.07500000000000001
auc,22,20,0,,True,0.5,0,0.0,1.0,7.804029271837576,0.9219597072816242,172.98220928953492,6.645442080303103,0.21391874547350626,0.32354245844195634,147,19.900000000000002,20.0,300,19.713922277381624,17.760680457010718,7.280999986202611e-06,7.771245252697593,0.0,2.6077097505668934,3.639455782312925,nan,nan,1.0,30,30,coll_buffer,3,0.75,0.07500000000000001
auc,23,20,0,,True,0.5,0,0.0,1.0,10.792190011749913,0.8920780998825009,160.3418736546322,7.563725970708275,0.15959316699297849,0.23446433245891063,135,19.1,20.0,289,19.933564141177357,18.594012988585728,7.256401338107774e-06,7.850000618553364,0.0,3.035185185185185,3.7333333333333334,nan,nan,1.0,30,30,coll_buffer,3,0.75,0.07500000000000001
auc,24,20,0,,True,0.5,0,0.0,1.0,12.371456152839633,0.8762854384716037,175.44359074596477,8.338144708558065,0.25752339210931846,0.3534845923698658,148,20.900000000000002,20.0,297,19.657887334037333,18.114398705249847,7.48720519524538e-06,7.887768249700765,0.0,9.033783783783784,9.20945945945946,nan,nan,1.0,30,30,coll_buffer,3,0.75,0.07500000000000001
auc,25,20,0,,True,0.5,0,0.0,1.0,7.589891649024794,0.9241010835097521,168.75897096300545,8.674867501192171,0.17891257727395618,0.30543618384308807,172,22.8,20.0,329,19.26448355041521,17.294027303418094,6.9942250161355295e-06,7.771513377655623,0.0,2.1482558139534884,2.5232558139534884,nan,nan,1.0,30,30,coll_buffer,3,0.75,0.07500000000000001
auc,26,20,0,,True,0.5,0,0.0,1.0,9.475945740735758,0.9052405425926424,171.48055356920992,7.607993249087129,0.24750724400673965,0.34898341858312715,155,20.1,20.0,303,19.127356352715044,16.47149429509147,7.125412636200617e-06,7.839228918383094,0.0,3.0709677419354837,3.6580645161290324,nan,nan,1.0,30,30,coll_buffer,3,0.75,0.07500000000000001
auc,27,20,0,,True,0.5,0,0.0,1.0,9.676420373427852,0.9032357962657215,165.6932357459696,9.125358974590084,0.14197707270933924,0.22774446160436962,156,20.700000000000003,20.0,307,19.791148679529478,18.807504677895146,6.959934832478179e-06,7.8756100682222225,0.0,3.0202991452991452,3.5,nan,nan,1.0,30,30,coll_buffer,3,0.75,0.07500000000000001
auc,28,20,0,,True,0.5,0,0.0,1.0,8.652383918426521,0.9134761608157348,178.66782989769243,9.359942549622554,0.23448763056845326,0.30401109581198626,136,19.8,20.0,294,19.8140736242444,18.41763854713587,7.060544264283455e-06,7.82398304343734,0.0,2.7892156862745097,3.5073529411764706,nan,nan,1.0,30,30,coll_buffer,3,0.75,0.07500000000000001
auc,29,20,0,,True,0.5,0,0.0,1.0,9.538865764215288,0.9046113423578471,170.4754726564433,8.876066606895801,0.19832089050377918,0.2775630055458289,161,21.5,20.0,317,19.53356556676377,17.88971301412252,6.957413320766016e-06,7.860181162920288,0.0,5.298136645962733,6.3229813664596275,nan,nan,1.0,30,30,coll_buffer,3,0.75,0.07500000000000001
auc,30,20,0,,True,0.5,0,0.0,1.0,7.769397970597025,0.9223060202940297,182.59948630832898,10.0,0.2165967516025695,0.2906838713752917,163,21.1,20.0,313,19.787003840726094,18.287545163124275,6.827795493101088e-06,7.782095914456282,0.0,2.9345603271983642,3.5337423312883436,nan,nan,1.0,30,30,coll_buffer,3,0.75,0.07500000000000001
auc,1,20,0,,True,0.5,0,0.0,1.0,9.586835124858107,0.9041316487514189,178.8126513026955,8.187135740056435,0.19114511122864908,0.2509927449404233,136,19.700000000000003,20.0,289,20.05115646805317,18.757285842072417,7.055709253820175e-06,7.814008466099244,0.0,3.4742647058823533,4.5588235294117645,nan,nan,1.0,30,30,coll_buffer,3,1.0,0.1
auc,2,20,0,,True,0.5,0,0.0,1.0,9.806921686406389,0.9019307831359361,170.65268291208366,6.929193358741448,0.2359988706060216,0.35931054441856564,158,20.6,20.0,307,19.432592071237753,17.652135327831505,7.224104246136002e-06,7.7946111393553155,0.0,4.233122362869198,4.60126582278481,nan,nan,1.0,30,30,coll_buffer,3,1.0,0.1
auc,3,20,0,,True,0.5,0,0.0,1.0,9.496822679256434,0.9050317732074357,169.30154488989996,10.0,0.13910575717979795,0.21726879507630345,165,21.700000000000003,20.0,318,19.625831812434882,18.635617891493656,6.7050313757719335e-06,7.866286592740914,0.0,2.902020202020202,3.6606060606060606,nan,nan,1.0,30,30,coll_buffer,3,1.0,0.1
auc,4,20,0,,True,0.5,0,0.0,1.0,8.962895759431333,0.9103710424056867,172.009138690258,6.995565928060085,0.3005810436907588,0.4446267794322749,181,22.3,20.0,336,18.420467869928377,15.248662097428328,6.949999899353272e-06,7.737924218803046,0.0,3.1721915285451194,3.5801104972375692,nan,nan,1.0,30,30,coll_buffer,3,1.0,0.1
auc,5,20,0,,True,0.5,0,0.0,1.0,9.409350000891692,0.9059064999910831,164.0300766100102,9.927322461848517,0.14417404334055228,0.2437925070529019,153,20.3,20.0,304,19.461639060266222,18.287310054993227,6.840460424715083e-06,7.841818266885154,0.0,2.5599128540305007,3.084967320261438,nan,nan,1.0,30,30,coll_buffer,3,1.0,0.1
auc,6,20,0,,True,0.5,0,0.0,1.0,8.89786032231228,0.9110213967768772,170.53703979065966,7.764655872606423,0.20054132690645388,0.32157787220166467,150,20.200000000000003,20.0,303,19.633515723931744,17.685194044772203,7.15544566407603e-06,7.788389277223786,0.0,2.451111111111111,3.2266666666666666,nan,nan,1.0,30,30,coll_buffer,3,1.0,0.1
auc,7,20,0,,True,0.5,0,0.0,1.0,9.774455757741606,0.9022554424225839,181.96067031714844,8.958026754820025,0.23296357649665045,0.2837511048247989,145,20.6,20.0,307,20.05287748368762,18.866283021218724,6.85570024580358e-06,7.7784049136967575,0.0,3.1011494252873564,3.7448275862068967,nan,nan,1.0,30,30,coll_buffer,3,1.0,0.1
auc,8,20,0,,True,0.5,0,0.0,1.0,10.418728007037792,0.8958127199296221,180.14116798893815,8.26384030722736,0.20312550423391268,0.2628521208392882,141,20.6,20.0,298,20.146145776637187,18.943014507196462,7.104362516320973e-06,7.811990881660625,0.0,3.882978723404255,5.120567375886525,nan,nan,1.0,30,30,coll_buffer,3,1.0,0.1
auc,9,20,0,,True,0.5,0,0.0,1.0,7.649054868259652,0.9235094513174035,171.66468258466148,6.993607560899634,0.2100828787330719,0.3199556871221989,157,20.6,20.0,309,19.223963997250433,16.831530104599803,7.175080853338808e-06,7.796774442486219,0.0,2.357749469214437,3.3184713375796178,nan,nan,1.0,30,30,coll_buffer,3,1.0,0.1
auc,10,20,0,,True,0.5,0,0.0,1.0,7.709927490223423,0.9229007250977658,172.5480300009993,7.964619676464885,0.2272072334111689,0.32080300908792736,152,19.900000000000002,20.0,301,19.61572453492759,17.9853021473882,7.104983415409762e-06,7.80096138083475,0.0,1.944078947368421,2.4210526315789473,nan,nan,1.0,30,30,coll_buffer,3,1.0,0.1
auc,11,20,0,,True,0.5,0,0.0,1.0,9.044965941111771,0.9095503405888823,171.18711391844644,8.947602865002391,0.18429340427172747,0.2744164252704715,155,21.400000000000002,20.0,311,19.372387637417056,17.395799752535577,6.893890657835757e-06,7.826072461526874,0.0,3.0951612903225807,4.012903225806451,nan,nan,1.0,30,30,coll_buffer,3,1.0,0.1
auc,12,20,0,,True,0.5,0,0.0,1.0,11.221058599993029,0.8877894140000697,167.4550674212678,8.2657390885073,0.1903283092213809,0.2573064639399551,151,21.1,20.0,304,19.870229869809997,18.47672072784763,6.821381379938286e-06,7.8406846081814265,0.0,4.321192052980132,4.490066225165563,nan,nan,1.0,30,30,coll_buffer,3,1.0,0.1
auc,13,20,0,,True,0.5,0,0.0,1.0,7.33603383880671,0.9266396616119329,170.79708477982234,8.111400016175148,0.19266711586664795,0.32648650124193707,158,22.1,20.0,322,19.048237080419227,17.1418462750934,6.773291970151245e-06,7.720153640281912,0.0,2.6951476793248945,3.607594936708861,nan,nan,1.0,30,30,coll_buffer,3,1.0,0.1
auc,14,20,0,,True,0.5,0,0.0,1.0,11.17221973653617,0.8882778026346383,163.10257691573253,7.8862850919269185,0.1752053877060245,0.23618855761379132,145,19.700000000000003,20.0,295,19.88219147628682,18.769515100739284,7.160677983015144e-06,7.814164319893776,0.0,2.947701149425287,3.8551724137931034,nan,nan,1.0,30,30,coll_buffer,3,1.0,0.1
auc,15,20,0,,True,0.5,0,0.0,1.0,10.445273124986032,0.8955472687501397,168.25837915316075,9.22945181654962,0.19343378995488575,0.28420823820487867,142,20.0,20.0,300,20.05066723472193,18.53058931038907,6.945333370822482e-06,7.896129201333548,0.0,4.204225352112676,5.26056338028169,nan,nan,1.0,30,30,coll_buffer,3,1.0,0.1
auc,16,20,0,,True,0.5,0,0.0,1.0,8.676620069184937,0.9132337993081506,180.03943898252797,8.777615557003715,0.2538531684309168,0.3106872219752027,146,19.200000000000003,20.0,292,19.92464543991254,18.542637578754288,7.047602805757117e-06,7.836489536799627,0.0,2.8801369863013697,3.4863013698630136,nan,nan,1.0,30,30,coll_buffer,3,1.0,0.1
auc,17,20,0,,True,0.5,0,0.0,1.0,8.863704958783348,0.9113629504121665,176.8688291718449,8.259280909501483,0.21363179804534796,0.27573964945761137,145,19.3,20.0,295,20.04414285233264,19.0068982921785,7.036609981619453e-06,7.820033742972065,0.0,3.6551724137931036,4.63448275862069,nan,nan,1.0,30,30,coll_buffer,3,1.0,0.1
auc,18,20,0,,True,0.5,0,0.0,1.0,9.875568973257353,0.9012443102674265,178.58030070844342,8.50582662804326,0.20768279042449658,0.2878603679416992,149,19.400000000000002,20.0,294,19.705254964688297,18.0281874355016,7.018367270364895e-06,7.851522414787117,0.0,5.225391498881432,6.429530201342282,nan,nan,1.0,30,30,coll_buffer,3,1.0,0.1
auc,19,20,0,,True,0.5,0,0.0,1.0,6.268449665343201,0.937315503346568,182.1775514528693,10.0,0.24628068762728986,0.32882843021345454,163,20.900000000000002,20.0,311,19.678243618324053,17.595997503779085,6.749839260384375e-06,7.787657539735048,0.0,2.602249488752556,3.2883435582822087,nan,nan,1.0,30,30,coll_buffer,3,1.0,0.1
auc,20,20,0,,True,0.5,0,0.0,1.0,9.34878234970884,0.9065121765029116,166.92218127113443,7.994599014019486,0.16526408375088183,0.24188758668691926,134,18.5,20.0,284,19.976025844578324,18.6108393607787,7.397183022911916e-06,7.8240854688877794,0.0,2.958333333333334,3.925373134328358,nan,nan,1.0,30,30,coll_buffer,3,1.0,0.1
auc,21,20,0,,True,0.5,0,0.0,1.0,8.53937741216132,0.9146062258783868,167.62102907870704,8.76301932390351,0.1805107136342868,0.29151090603320123,152,20.0,20.0,300,19.75125437578717,18.031977469270387,7.1640000290547805e-06,7.823233043209248,0.0,2.5032894736842106,3.151315789473684,nan,nan,1.0,30,30,coll_buffer,3,1.0,0.1
auc,22,20,0,,True,0.5,0,0.0,1.0,7.789374369804547,0.9221062563019545,172.18312421223234,6.170644224317078,0.21551718052048172,0.3269792017303749,147,19.900000000000002,20.0,300,19.67319965812671,17.62119553581973,7.3599999692911905e-06,7.775964383245361,0.0,2.510204081632653,3.5238095238095237,nan,nan,1.0,30,30,coll_buffer,3,1.0,0.1
auc,23,20,0,,True,0.5,0,0.0,1.0,10.612618763445225,0.8938738123655477,160.71251337638657,7.462860809017316,0.16281188523102327,0.23710255592203414,135,19.1,20.0,289,19.935989409331338,18.594012988585728,7.29550171750646e-06,7.85608640865392,0.0,3.2364197530864196,4.037037037037037,nan,nan,1.0,30,30,coll_buffer,3,1.0,0.1
auc,24,20,0,,True,0.5,0,0.0,1.0,11.807320633583752,0.8819267936641625,168.50528709974327,9.519637725904401,0.21293439825518662,0.32118841065995735,157,20.900000000000002,20.0,310,19.364553580987067,17.671891353454924,7.142903174803172e-06,7.898278405053789,0.0,6.085987261146497,6.643312101910828,nan,nan,1.0,30,30,coll_buffer,3,1.0,0.1
auc,25,20,0,,True,0.5,0,0.0,1.0,6.976155249017413,0.9302384475098259,172.08270618310272,8.414469614511946,0.18766706651178208,0.3118310257815427,172,22.8,20.0,329,19.229957560544847,17.27485265655393,6.838298059849912e-06,7.768177981466347,0.0,2.2761627906976742,2.86046511627907,nan,nan,1.0,30,30,coll_buffer,3,1.0,0.1
auc,26,20,0,,True,0.5,0,0.0,1.0,9.479629500716058,0.9052037049928394,171.59593553345937,7.343726877258726,0.24611998357702225,0.3452629974144419,155,20.1,20.0,303,19.116136864443522,16.479997571705493,7.106930635279358e-06,7.837822358662884,0.0,3.076344086021505,3.6580645161290324,nan,nan,1.0,30,30,coll_buffer,3,1.0,0.1
auc,27,20,0,,True,0.5,0,0.0,1.0,9.676416582346059,0.9032358341765394,165.69344697327017,9.125358974590084,0.142010879335438,0.22785576519064044,156,20.700000000000003,20.0,307,19.791114172973234,18.807504677895146,6.893811095581793e-06,7.875583408293105,0.0,3.0202991452991452,3.5,nan,nan,1.0,30,30,coll_buffer,3,1.0,0.1
auc,28,20,0,,True,0.5,0,0.0,1.0,8.781872999163909,0.9121812700083609,175.66657243873877,9.403833884654052,0.23108228102647188,0.29613849022282757,136,19.8,20.0,294,19.827302712032655,18.39993546279495,7.0336734598659324e-06,7.8267736155486345,0.0,2.633578431372549,3.3308823529411766,nan,nan,1.0,30,30,coll_buffer,3,1.0,0.1
auc,29,20,0,,True,0.5,0,0.0,1.0,9.538848459353622,0.9046115154064638,170.47575006002074,8.876066606895801,0.19832089050377918,0.2775630055458289,161,21.5,20.0,317,19.53356556676377,17.88971301412252,6.937224179493816e-06,7.858743639762797,0.0,5.298136645962733,6.3229813664596275,nan,nan,1.0,30,30,coll_buffer,3,1.0,0.1
auc,30,20,0,,True,0.5,0,0.0,1.0,7.765458827880223,0.9223454117211978,182.70197081906318,10.0,0.2165624690331604,0.2906543856805542,163,21.1,20.0,313,19.787003890613555,18.287545194856495,6.7428115875454255e-06,7.780525984949885,0.0,2.723926380368098,3.3006134969325154,nan,nan,1.0,30,30,coll_buffer,3,1.0,0.1
auc,1,20,0,,True,0.5,0,0.0,1.0,9.461510205153989,0.9053848979484601,180.89568620930913,8.484701914157572,0.20169596047280322,0.2583708594110303,136,19.700000000000003,20.0,289,20.054981736934636,18.757285842082634,7.110380623098882e-06,7.803423049864344,0.0,2.730269607843137,3.8161764705882355,nan,nan,1.0,30,30,coll_buffer,3,1.5,0.15000000000000002
auc,2,20,0,,True,0.5,0,0.0,1.0,10.311079319969462,0.8968892068003054,166.6021379496841,7.068699541198814,0.2176277231944636,0.3414111217107868,158,20.6,20.0,307,19.396287372989466,17.70835290015471,6.98697076231038e-06,7.810385064017814,0.0,3.778481012658228,4.417721518987341,nan,nan,1.0,30,30,coll_buffer,3,1.5,0.15000000000000002
auc,3,20,0,,True,0.5,0,0.0,1.0,9.450229983541892,0.9054977001645811,169.43654217574993,10.0,0.13885468292495792,0.21847397557561565,165,21.8,20.0,319,19.61679595784248,18.623392763237987,6.753291673706494e-06,7.865158122669327,0.0,2.6505050505050507,3.412121212121212,nan,nan,1.0,30,30,coll_buffer,3,1.5,0.15000000000000002
auc,4,20,0,,True,0.5,0,0.0,1.0,9.16751136639956,0.9083248863360044,168.48399449950483,7.841897849327624,0.2980150108352497,0.44529685374157235,180,22.400000000000002,20.0,335,18.43016318741665,15.210248072405065,7.0411939875035085e-06,7.764383107941203,0.0,2.8324074074074073,3.1777777777777776,nan,nan,1.0,30,30,coll_buffer,3,1.5,0.15000000000000002
auc,5,20,0,,True,0.5,0,0.0,1.0,9.416816618991986,0.9058318338100801,163.996756715545,9.828269148119732,0.14583558860586304,0.24613814260219724,153,20.3,20.0,304,19.457439055757366,18.269268375682742,6.8430920117335565e-06,7.841554488277723,0.0,2.5599128540305007,3.084967320261438,nan,nan,1.0,30,30,coll_buffer,3,1.5,0.15000000000000002
auc,6,20,0,,True,0.5,0,0.0,1.0,8.772945812591049,0.9122705418740895,171.6496207275586,7.658568668457436,0.19731372438165687,0.32025644244966067,150,20.200000000000003,20.0,303,19.634573612347744,17.683468124283028,7.113861381122381e-06,7.784616297941325,0.0,2.149555555555555,2.6666666666666665,nan,nan,1.0,30,30,coll_buffer,3,1.5,0.15000000000000002
auc,7,20,0,,True,0.5,0,0.0,1.0,9.642424115579729,0.9035757588442027,182.36711970018143,8.949228250509032,0.23732783159607412,0.2896205966737488,145,20.6,20.0,308,20.040632416801415,18.84632018303211,6.983116974596043e-06,7.778075812500351,0.0,3.1310344827586207,3.7517241379310344,nan,nan,1.0,30,30,coll_buffer,3,1.5,0.15000000000000002
auc,8,20,0,,True,0.5,0,0.0,1.0,10.421115541052718,0.8957888445894728,180.1998811764213,8.284682424811015,0.20295577586994515,0.2627575925288801,141,20.6,20.0,298,20.144606323051715,18.938576188316034,7.20805375090247e-06,7.817804255503871,0.0,4.1063829787234045,5.368794326241135,nan,nan,1.0,30,30,coll_buffer,3,1.5,0.15000000000000002
auc,9,20,0,,True,0.5,0,0.0,1.0,7.53416123270677,0.9246583876729323,172.6405747882989,6.927392217618297,0.21642931678062854,0.32729178712417356,158,20.700000000000003,20.0,310,19.154940542472087,16.75842576033089,7.1122581439633526e-06,7.793989929516155,0.0,2.3581223628691985,3.329113924050633,nan,nan,1.0,30,30,coll_buffer,3,1.5,0.15000000000000002
auc,10,20,0,,True,0.5,0,0.0,1.0,7.755953018936735,0.9224404698106327,173.8632112971513,7.410395087045232,0.23437668875075093,0.3259082173265843,152,19.900000000000002,20.0,301,19.587801202743343,17.924932342120403,7.003986790499331e-06,7.801664640339178,0.0,2.202850877192983,2.6710526315789473,nan,nan,1.0,30,30,coll_buffer,3,1.5,0.15000000000000002
auc,11,20,0,,True,0.5,0,0.0,1.0,7.758021253071057,0.9224197874692894,173.07085855544028,9.352180950807728,0.1805681116930796,0.2646510618088098,155,21.0,20.0,311,19.586631998165497,18.402128789712965,6.802893917329334e-06,7.7747718645966675,0.0,2.093010752688172,3.0580645161290323,nan,nan,1.0,30,30,coll_buffer,3,1.5,0.15000000000000002
auc,12,20,0,,True,0.5,0,0.0,1.0,11.22135508029054,0.8877864491970946,167.3834555046256,8.2657390885073,0.19032830922138086,0.25728017638703926,151,21.1,20.0,304,19.870229869809997,18.47672072784763,6.887828847443177e-06,7.840005179612619,0.0,4.3532008830022075,4.52317880794702,nan,nan,1.0,30,30,coll_buffer,3,1.5,0.15000000000000002
auc,13,20,0,,True,0.5,0,0.0,1.0,7.249253272850876,0.9275074672714912,171.8275726971151,7.0819973986024625,0.1914800389594648,0.3219055975237919,158,22.1,20.0,322,19.055223891137466,17.119383808185287,7.019565069776098e-06,7.68710894218895,0.0,2.579113924050633,2.9050632911392404,nan,nan,1.0,30,30,coll_buffer,3,1.5,0.15000000000000002
auc,14,20,0,,True,0.5,0,0.0,1.0,11.141146818174253,0.8885885318182575,164.229885250614,7.90321858191224,0.1727053877060246,0.23397541368088803,145,19.700000000000003,20.0,295,19.881524405301672,18.769515100739284,7.1291525658788315e-06,7.812389960040035,0.0,2.668390804597701,3.586206896551724,nan,nan,1.0,30,30,coll_buffer,3,1.5,0.15000000000000002
auc,15,20,0,,True,0.5,0,0.0,1.0,10.370830319221003,0.89629169680779,168.93719461176366,9.470044079595272,0.19192850973766343,0.2824372884409537,142,20.0,20.0,300,20.051830791925923,18.537801887347303,7.010666595306248e-06,7.889498220635799,0.0,3.36924882629108,3.9788732394366195,nan,nan,1.0,30,30,coll_buffer,3,1.5,0.15000000000000002
auc,16,20,0,,True,0.5,0,0.0,1.0,8.991792205892335,0.9100820779410767,180.9937490446198,8.726703168180402,0.25061584704831585,0.30710818987220073,146,19.200000000000003,20.0,292,19.92523861496665,18.541960495420952,7.013698637346763e-06,7.8230612040926335,0.0,2.4783105022831053,3.095890410958904,nan,nan,1.0,30,30,coll_buffer,3,1.5,0.15000000000000002
auc,17,20,0,,True,0.5,0,0.0,1.0,8.85634253378914,0.9114365746621086,177.53097242370546,8.574814079585135,0.21141111796207282,0.27332560410305784,145,19.3,20.0,295,20.04414285233264,19.0068982921785,7.1115254240023695e-06,7.8130830916223415,0.0,3.3625287356321842,4.158620689655172,nan,nan,1.0,30,30,coll_buffer,3,1.5,0.15000000000000002
auc,18,20,0,,True,0.5,0,0.0,1.0,9.872850920084264,0.9012714907991574,178.61171137366284,8.454709692803295,0.20709919962463375,0.2874128126966145,149,19.400000000000002,20.0,294,19.70567577940252,18.0281874355016,6.9904761490068356e-06,7.849114519792785,0.0,5.141498881431768,6.295302013422819,nan,nan,1.0,30,30,coll_buffer,3,1.5,0.15000000000000002
auc,19,20,0,,True,0.5,0,0.0,1.0,6.259038186044174,0.9374096181395583,184.60006965347367,10.0,0.24243965911337723,0.3250446648775658,163,20.900000000000002,20.0,311,19.68485676421352,17.608629790065613,6.681993552517308e-06,7.782052666660326,0.0,2.735173824130879,3.2822085889570554,nan,nan,1.0,30,30,coll_buffer,3,1.5,0.15000000000000002
auc,20,20,0,,True,0.5,0,0.0,1.0,9.363399545951367,0.9063660045404863,167.11907548498624,8.015325947678118,0.1643152418732174,0.24073272479283594,135,18.5,20.0,284,19.968184061333798,18.594247392272077,7.42605637972535e-06,7.826422906190497,0.0,2.9098765432098763,3.7555555555555555,nan,nan,1.0,30,30,coll_buffer,3,1.5,0.15000000000000002
auc,21,20,0,,True,0.5,0,0.0,1.0,8.33011600844753,0.9166988399155247,178.68203105853058,8.43405550935336,0.22114505277969554,0.327709546141598,152,19.900000000000002,20.0,300,19.90763349129936,17.987897193682603,6.893999998283107e-06,7.765013600563683,0.0,2.3947368421052633,3.1776315789473686,nan,nan,1.0,30,30,coll_buffer,3,1.5,0.15000000000000002
auc,22,20,0,,True,0.5,0,0.0,1.0,7.368658052203825,0.9263134194779618,173.9932914806989,6.124195168969248,0.22317360540314124,0.3299642025856619,147,19.900000000000002,20.0,300,19.760580923853862,17.662734808834912,7.2370000634691676e-06,7.7445627971184,0.0,1.8266439909297054,2.2993197278911564,nan,nan,1.0,30,30,coll_buffer,3,1.5,0.15000000000000002
auc,23,20,0,,True,0.5,0,0.0,1.0,10.333897541788728,0.8966610245821127,162.19993262796496,7.239329471613059,0.17123379429991792,0.25041024271570766,136,19.1,20.0,289,19.92475376368514,18.578329934636894,7.202768051605285e-06,7.8696509921850595,0.0,3.349264705882353,4.161764705882353,nan,nan,1.0,30,30,coll_buffer,3,1.5,0.15000000000000002
auc,24,20,0,,True,0.5,0,0.0,1.0,11.374939548038476,0.8862506045196152,169.45340328496562,7.469363434975975,0.22089252772449872,0.33104189771131837,158,20.900000000000002,20.0,310,19.2896571921513,17.4018220819987,7.197742079076687e-06,7.8979743414619055,0.0,5.9525316455696204,6.39873417721519,nan,nan,1.0,30,30,coll_buffer,3,1.5,0.15000000000000002
auc,25,20,0,,True,0.5,0,0.0,1.0,7.078381403214273,0.9292161859678573,167.94748122474468,8.111719271181872,0.17684060916609684,0.30599007860638683,172,22.8,20.0,329,19.07893612069983,17.07183788626786,7.022492376851105e-06,7.773452660953291,0.0,1.927325581395349,2.5872093023255816,nan,nan,1.0,30,30,coll_buffer,3,1.5,0.15000000000000002
auc,26,20,0,,True,0.5,0,0.0,1.0,9.480768976423937,0.9051923102357606,171.63436681683987,7.315992991400595,0.24535192921263366,0.3437068244802443,155,20.1,20.0,303,19.122931330084036,16.501488942570358,7.142904242416137e-06,7.834906825566608,0.0,2.9731182795698925,3.535483870967742,nan,nan,1.0,30,30,coll_buffer,3,1.5,0.15000000000000002
auc,27,20,0,,True,0.5,0,0.0,1.0,9.67887188248725,0.9032112811751275,165.6780862815299,9.125358974590084,0.14190945945714184,0.2276108254553955,156,20.700000000000003,20.0,307,19.791703974476082,18.80982255492921,6.939413657632629e-06,7.875642612187288,0.0,3.0202991452991452,3.5,nan,nan,1.0,30,30,coll_buffer,3,1.5,0.15000000000000002
auc,28,20,0,,True,0.5,0,0.0,1.0,8.782567614874992,0.9121743238512501,175.66842909693085,9.406177078935674,0.23104859965227187,0.2960986802225158,136,19.8,20.0,294,19.827348735033226,18.39993546279495,7.042176950723725e-06,7.8258823988911885,0.0,2.633578431372549,3.3308823529411766,nan,nan,1.0,30,30,coll_buffer,3,1.5,0.15000000000000002
auc,29,20,0,,True,0.5,0,0.0,1.0,9.569477249325208,0.9043052275067479,170.53194843081826,8.897426778369502,0.1979870006874186,0.2772139353534463,161,21.5,20.0,317,19.530054006891813,17.883480455982983,6.9700315182812644e-06,7.857925173533721,0.0,5.268115942028986,6.267080745341615,nan,nan,1.0,30,30,coll_buffer,3,1.5,0.15000000000000002
auc,30,20,0,,True,0.5,0,0.0,1.0,7.755878488930568,0.9224412151106943,182.97292908383028,10.0,0.2158191154972071,0.2898914908534046,163,21.1,20.0,313,19.78656230418267,18.28721344692195,6.7875399790777145e-06,7.775686882485669,0.0,2.539877300613497,3.1717791411042944,nan,nan,1.0,30,30,coll_buffer,3,1.5,0.15000000000000002
auc,1,20,0,,True,0.5,0,0.0,1.0,9.248997817890036,0.9075100218210996,182.34066609987738,8.536821080693507,0.20512645080197955,0.2616691444756002,136,19.700000000000003,20.0,289,20.05606080035546,18.757286662495435,7.496539636367648e-06,7.801584660882651,0.0,2.7946078431372543,3.7058823529411766,nan,nan,1.0,30,30,coll_buffer,3,2.0,0.2
auc,2,20,0,,True,0.5,0,0.0,1.0,9.685250428397097,0.903147495716029,166.29503251122492,7.401164621539204,0.20202652941267935,0.33164391103603075,158,20.6,20.0,307,19.35422183929464,17.746276486664495,6.901302985605823e-06,7.7848348054913,0.0,3.8660337552742616,4.784810126582278,nan,nan,1.0,30,30,coll_buffer,3,2.0,0.2
auc,3,20,0,,True,0.5,0,0.0,1.0,9.452468241036026,0.9054753175896397,169.48078063813983,10.0,0.13909147353061696,0.21868784622472892,165,21.8,20.0,319,19.614747210576336,18.623106542663603,6.7680252369801254e-06,7.864633412447399,0.0,2.55959595959596,3.327272727272727,nan,nan,1.0,30,30,coll_buffer,3,2.0,0.2
auc,4,20,0,,True,0.5,0,0.0,1.0,9.041610801713396,0.909583891982866,169.55092672914225,6.999330666631293,0.2956042117546136,0.44015120312476363,181,22.5,20.0,336,18.374102154056647,15.15261482962199,7.054464330871096e-06,7.755452384172272,0.0,2.8480662983425415,3.1215469613259668,nan,nan,1.0,30,30,coll_buffer,3,2.0,0.2
auc,5,20,0,,True,0.5,0,0.0,1.0,9.377705559608795,0.906222944403912,164.08902756215852,9.795386209075826,0.14770577904481952,0.24822399086851238,153,20.3,20.0,304,19.45318147433044,18.25476656991511,6.838815914689851e-06,7.842504820378281,0.0,2.5588235294117645,3.084967320261438,nan,nan,1.0,30,30,coll_buffer,3,2.0,0.2
auc,6,20,0,,True,0.5,0,0.0,1.0,8.62284407425028,0.9137715592574972,170.5210464674984,7.628344012416001,0.18564068294273947,0.309158191612558,150,20.200000000000003,20.0,303,19.6292018576572,17.675764009811736,7.579207809168612e-06,7.78888785549296,0.0,2.402222222222222,3.0,nan,nan,1.0,30,30,coll_buffer,3,2.0,0.2
auc,7,20,0,,True,0.5,0,0.0,1.0,9.639260953845575,0.9036073904615443,182.48762444032243,8.964771647922118,0.23712199691497823,0.289407307695606,145,20.6,20.0,308,20.04063284678838,18.84632018303211,7.353246674737621e-06,7.779760508307937,0.0,3.174712643678161,3.7517241379310344,nan,nan,1.0,30,30,coll_buffer,3,2.0,0.2
auc,8,20,0,,True,0.5,0,0.0,1.0,10.414514268442531,0.8958548573155747,180.44327543524244,8.29092957899686,0.20261429783952642,0.26256242577574757,141,20.6,20.0,298,20.144292543863266,18.938378397547734,7.335570499347054e-06,7.819337778775256,0.0,4.166666666666667,5.390070921985815,nan,nan,1.0,30,30,coll_buffer,3,2.0,0.2
auc,9,20,0,,True,0.5,0,0.0,1.0,7.4967133797143815,0.9250328662028562,173.04577142461545,6.945922484611915,0.21742571607953728,0.32823333920367004,158,20.700000000000003,20.0,310,19.14003479628528,16.727513824499106,7.19516136732343e-06,7.79399080277044,0.0,2.3607594936708862,3.329113924050633,nan,nan,1.0,30,30,coll_buffer,3,2.0,0.2
auc,10,20,0,,True,0.5,0,0.0,1.0,6.808408102858143,0.9319159189714186,183.2190349099722,8.724636781225499,0.25766341946350757,0.34218270514387555,152,19.900000000000002,20.0,301,19.6406911423055,17.915720556492587,6.870764151619332e-06,7.757939551954468,0.0,3.050438596491228,4.151315789473684,nan,nan,1.0,30,30,coll_buffer,3,2.0,0.2
auc,11,20,0,,True,0.5,0,0.0,1.0,7.660677222066781,0.9233932277793322,173.73044008659585,9.025024713852481,0.18846663796546034,0.27148139817232164,155,21.0,20.0,312,19.56068955979661,18.35050770839114,7.1099360609831565e-06,7.772048059655229,0.0,2.067741935483871,2.9612903225806453,nan,nan,1.0,30,30,coll_buffer,3,2.0,0.2
auc,12,20,0,,True,0.5,0,0.0,1.0,11.21008969329269,0.8878991030670731,167.31629205165373,8.282989997735143,0.18988867445641638,0.25674727434797495,151,21.1,20.0,304,19.870229869809997,18.47672072784763,6.9016447301500624e-06,7.845929756555401,0.0,4.572847682119205,4.735099337748345,nan,nan,1.0,30,30,coll_buffer,3,2.0,0.2
auc,13,20,0,,True,0.5,0,0.0,1.0,7.248592136761545,0.9275140786323846,171.77930805552782,7.132296627910204,0.1915124433664642,0.3216387264619311,158,22.1,20.0,322,19.054419052732143,17.119383808185287,7.0015527701160075e-06,7.681442910136399,0.0,2.6044303797468356,2.930379746835443,nan,nan,1.0,30,30,coll_buffer,3,2.0,0.2
auc,14,20,0,,True,0.5,0,0.0,1.0,10.081530984731957,0.8991846901526804,165.1244321052642,7.894552796846743,0.17116107653152074,0.23183314439477168,145,19.700000000000003,20.0,295,19.88127392196421,18.769515100739284,7.2820340376939246e-06,7.81313198773474,0.0,2.571264367816092,3.5586206896551724,nan,nan,1.0,30,30,coll_buffer,3,2.0,0.2
auc,15,20,0,,True,0.5,0,0.0,1.0,10.370585210606064,0.8962941478939394,169.16290668606086,9.499280001618434,0.19124846893521527,0.28170196487136034,142,20.0,20.0,300,20.051830791925923,18.537801887347303,7.043999976303894e-06,7.882666480160551,0.0,3.2568075117370894,3.8450704225352115,nan,nan,1.0,30,30,coll_buffer,3,2.0,0.2
auc,16,20,0,,True,0.5,0,0.0,1.0,8.99010028075925,0.9100989971924075,181.19551537738974,8.725856536477686,0.2507026855261566,0.3062349752250039,146,19.200000000000003,20.0,292,19.92523861496665,18.541960495420952,7.0198630055529065e-06,7.822665969921545,0.0,2.353881278538813,3.041095890410959,nan,nan,1.0,30,30,coll_buffer,3,2.0,0.2
auc,17,20,0,,True,0.5,0,0.0,1.0,8.877214081024466,0.9112278591897554,177.54290552606568,8.452270603023518,0.2109985567395674,0.273131686369672,145,19.3,20.0,295,20.04414285233264,19.0068982921785,7.090847510094675e-06,7.7964403265621405,0.0,3.4034482758620688,4.248275862068965,nan,nan,1.0,30,30,coll_buffer,3,2.0,0.2
auc,18,20,0,,True,0.5,0,0.0,1.0,9.872603946044512,0.9012739605395549,178.61397070936272,8.454709692803295,0.20709919962463375,0.2874128126966145,149,19.400000000000002,20.0,294,19.70567577940252,18.0281874355016,6.972789162232186e-06,7.848280401043961,0.0,5.02572706935123,6.1610738255033555,nan,nan,1.0,30,30,coll_buffer,3,2.0,0.2
auc,19,20,0,,True,0.5,0,0.0,1.0,6.285956887314114,0.9371404311268589,184.77992144127415,10.0,0.24531592260217322,0.3266920893404343,162,20.8,20.0,311,19.69319905487334,17.634620206936283,6.706430756885984e-06,7.780430685964438,0.0,2.7119341563786006,3.2777777777777777,nan,nan,1.0,30,30,coll_buffer,3,2.0,0.2
auc,20,20,0,,True,0.5,0,0.0,1.0,9.30741854376368,0.9069258145623632,166.95663300937082,7.9990590254103715,0.16458743570074968,0.2408540275981753,134,18.5,20.0,284,19.971139915326845,18.6023938728882,7.52852107760985e-06,7.831184468356158,0.0,3.460199004975124,4.582089552238806,nan,nan,1.0,30,30,coll_buffer,3,2.0,0.2
auc,21,20,0,,True,0.5,0,0.0,1.0,8.670429531033875,0.9132957046896613,168.8565965985828,8.677462380887647,0.18520466382310363,0.315020263730714,153,19.900000000000002,20.0,300,19.78797177049624,18.0518612100045,7.328333219144649e-06,7.797711470201063,0.0,2.193899782135076,2.7058823529411766,nan,nan,1.0,30,30,coll_buffer,3,2.0,0.2
auc,22,20,0,,True,0.5,0,0.0,1.0,7.302222183416374,0.9269777781658363,174.33542776010023,5.942396724738689,0.22260546540903894,0.33190334542321553,147,19.8,20.0,300,19.70997872721207,17.53265729389423,7.607000018955053e-06,7.7404831985836475,0.0,1.823922902494331,2.1700680272108843,nan,nan,1.0,30,30,coll_buffer,3,2.0,0.2
auc,23,20,0,,True,0.5,0,0.0,1.0,10.337589138246695,0.896624108617533,162.1587561841907,7.144486040811214,0.17186657821518136,0.25175278298983833,137,19.1,20.0,289,19.914833842420116,18.573814078941417,7.268166133572402e-06,7.869962614834412,0.0,3.338199513381995,4.145985401459854,nan,nan,1.0,30,30,coll_buffer,3,2.0,0.2
auc,24,20,0,,True,0.5,0,0.0,1.0,11.357946233284967,0.8864205376671503,169.4287824891941,7.3920449745225865,0.2211933797281174,0.331102743137255,158,20.900000000000002,20.0,310,19.277604782536756,17.382656005676413,7.308387155776032e-06,7.897311766253625,0.0,5.9525316455696204,6.39873417721519,nan,nan,1.0,30,30,coll_buffer,3,2.0,0.2
auc,25,20,0,,True,0.5,0,0.0,1.0,7.089359599728917,0.9291064040027108,167.9148092931063,8.075612463889827,0.17740213867093632,0.3064667997843522,172,22.8,20.0,329,19.070640284267636,17.062474188714756,7.106383007085573e-06,7.771808340391869,0.0,1.936046511627907,2.5872093023255816,nan,nan,1.0,30,30,coll_buffer,3,2.0,0.2
auc,26,20,0,,True,0.5,0,0.0,1.0,9.470987501337358,0.9052901249866264,172.2894333722152,7.42794594937966,0.24405322791393244,0.342576254895757,155,20.1,20.0,303,19.12225365165087,16.501488942570358,7.141914159880195e-06,7.829624139867428,0.0,2.709247311827957,3.329032258064516,nan,nan,1.0,30,30,coll_buffer,3,2.0,0.2
auc,27,20,0,,True,0.5,0,0.0,1.0,9.676597721023972,0.9032340227897603,165.69284284292937,9.125358974590084,0.14207849258763539,0.22791510487787164,156,20.700000000000003,20.0,307,19.79113149059925,18.8062486392478,6.93843652259525e-06,7.875647655764577,0.0,3.0202991452991452,3.5,nan,nan,1.0,30,30,coll_buffer,3,2.0,0.2
auc,28,20,0,,True,0.5,0,0.0,1.0,8.798260199953456,0.9120173980004654,175.73003738929765,9.373290961337895,0.23094755544062037,0.29611574227720405,136,19.8,20.0,294,19.829044206931403,18.399935473744566,7.0010204098605535e-06,7.824708984274592,0.0,2.644607843137255,3.338235294117647,nan,nan,1.0,30,30,coll_buffer,3,2.0,0.2
auc,29,20,0,,True,0.5,0,0.0,1.0,9.962672743201207,0.9003732725679879,168.3618869854128,9.526192637372812,0.19137947573990294,0.2712749193932425,161,21.400000000000002,20.0,316,19.44636642227011,17.862013170411494,7.114873427136571e-06,7.878391549453178,0.0,6.073498964803312,6.46583850931677,nan,nan,1.0,30,30,coll_buffer,3,2.0,0.2
auc,30,20,0,,True,0.5,0,0.0,1.0,7.743431533243839,0.9225656846675616,183.3566476201655,10.0,0.2151330091507233,0.2892517571979612,163,21.1,20.0,313,19.78656230418267,18.28721344692195,6.9750798554658095e-06,7.774383138419379,0.0,2.457873210633947,3.0920245398773005,nan,nan,1.0,30,30,coll_buffer,3,2.0,0.2
auc,1,20,0,,True,0.5,0,0.0,1.0,9.630255845287339,0.9036974415471266,178.70178875586538,8.180955061818453,0.19658910725857143,0.25426961175404816,136,19.700000000000003,20.0,289,20.054107701625952,18.757286662495435,7.086505172419713e-06,7.5650681466984135,0.0,3.533088235294118,4.661764705882353,nan,nan,1.0,30,30,in_main,4,0.5,0.25
auc,2,20,0,,True,0.5,0,0.0,1.0,9.852888998338006,0.90147111001662,170.5925310504105,7.044402368172366,0.23714197134804288,0.3575065492331378,158,20.6,20.0,307,19.43933786851808,17.72405844327414,7.288599092834129e-06,7.549074112488446,0.0,4.039029535864978,4.39873417721519,nan,nan,1.0,30,30,in_main,4,0.5,0.25
auc,3,20,0,,True,0.5,0,0.0,1.0,9.496822679256434,0.9050317732074357,169.30154488989996,10.0,0.13910575717979795,0.21726879507630345,165,21.700000000000003,20.0,318,19.625831812434882,18.635617891493656,6.76855354027313e-06,7.616286592740914,0.0,2.902020202020202,3.6606060606060606,nan,nan,1.0,30,30,in_main,4,0.5,0.25
auc,4,20,0,,True,0.5,0,0.0,1.0,8.980235562335881,0.9101976443766412,170.35695517841557,7.775925063844623,0.2991800231021711,0.44016389201823003,185,23.0,20.0,339,18.18372993143244,15.320029059188437,6.757522067796867e-06,7.522580554366335,0.0,3.1576576576576576,3.5513513513513515,nan,nan,1.0,30,30,in_main,4,0.5,0.25
auc,5,20,0,,True,0.5,0,0.0,1.0,9.385328134849736,0.9061467186515026,164.07179363793426,9.918698782046473,0.1436663447198287,0.24201151627302278,153,20.3,20.0,304,19.462215536350186,18.292385658190447,6.869407905852361e-06,7.5941373588456145,0.0,2.5588235294117645,3.084967320261438,nan,nan,1.0,30,30,in_main,4,0.5,0.25
auc,6,20,0,,True,0.5,0,0.0,1.0,8.25286939215969,0.9174713060784031,176.77833566330486,8.10099464598739,0.22506450806321918,0.33723386419988,150,20.200000000000003,20.0,303,19.641348670330682,17.69018176554311,7.041584215378204e-06,7.53173189429919,0.0,3.224444444444444,4.36,nan,nan,1.0,30,30,in_main,4,0.5,0.25
auc,7,20,0,,True,0.5,0,0.0,1.0,9.644967840463014,0.9035503215953699,182.32734200109076,8.917968243706113,0.23746505008822008,0.2897271793621886,145,20.6,20.0,308,20.04063284678838,18.84632018303211,6.851623399964044e-06,7.52705975735036,0.0,3.088505747126437,3.7103448275862068,nan,nan,1.0,30,30,in_main,4,0.5,0.25
auc,8,20,0,,True,0.5,0,0.0,1.0,10.418728007037792,0.8958127199296221,180.14116798893815,8.26384030722736,0.20312550423391268,0.2628521208392882,141,20.6,20.0,298,20.146145776637187,18.943014507196462,7.102013395274145e-06,7.561990881660625,0.0,3.882978723404255,5.120567375886525,nan,nan,1.0,30,30,in_main,4,0.5,0.25
auc,9,20,0,,True,0.5,0,0.0,1.0,8.414672903869857,0.9158532709613014,170.5135931357242,7.117577374334048,0.21799262498030614,0.32348362812259995,157,20.6,20.0,309,19.186329432748494,16.84701057930351,7.080906156008207e-06,7.567295699488827,0.0,2.5010615711252657,3.375796178343949,nan,nan,1.0,30,30,in_main,4,0.5,0.25
auc,10,20,0,,True,0.5,0,0.0,1.0,7.851094607227871,0.9214890539277213,172.0688212703069,7.991334820690538,0.2258349307010583,0.3189451053759181,152,19.900000000000002,20.0,301,19.609383993463627,17.986438210311906,7.042857167868723e-06,7.5513233794067975,0.0,1.944078947368421,2.4210526315789473,nan,nan,1.0,30,30,in_main,4,0.5,0.25
auc,11,20,0,,True,0.5,0,0.0,1.0,9.09568463623912,0.9090431536376088,170.76732660494832,8.975597676475221,0.18291732751129972,0.2723686573906542,155,21.400000000000002,20.0,311,19.39061349146402,17.443164296671103,6.929582025679098e-06,7.577766494771956,0.0,3.0951612903225807,4.012903225806451,nan,nan,1.0,30,30,in_main,4,0.5,0.25
auc,12,20,0,,True,0.5,0,0.0,1.0,11.061332463448847,0.8893866753655115,169.13541257764146,8.26691704632576,0.1995195476275067,0.26310013653835673,151,21.1,20.0,304,19.877727294317978,18.52337901583875,6.83453959027247e-06,7.581298705748734,0.0,3.984547461368653,4.172185430463577,nan,nan,1.0,30,30,in_main,4,0.5,0.25
auc,13,20,0,,True,0.5,0,0.0,1.0,7.329388190684794,0.9267061180931521,171.26811131895806,8.052414376499822,0.19175476655234142,0.3228972304523814,158,22.1,20.0,322,19.059081450542415,17.174154638527767,6.785093211863184e-06,7.475207632950568,0.0,2.611814345991561,3.518987341772152,nan,nan,1.0,30,30,in_main,4,0.5,0.25
auc,14,20,0,,True,0.5,0,0.0,1.0,11.17221973653617,0.8882778026346383,163.10257691573253,7.8862850919269185,0.1752053877060245,0.23618855761379132,145,19.700000000000003,20.0,295,19.88219147628682,18.769515100739284,7.1342373750235695e-06,7.564164319893776,0.0,2.947701149425287,3.8551724137931034,nan,nan,1.0,30,30,in_main,4,0.5,0.25
auc,15,20,0,,True,0.5,0,0.0,1.0,10.445085764946537,0.8955491423505346,168.24953175114027,9.184206844555131,0.19318658522219243,0.283536698217565,142,20.0,20.0,300,20.051830791925923,18.537801887347303,6.99133328453172e-06,7.647070472297789,0.0,4.204225352112676,5.26056338028169,nan,nan,1.0,30,30,in_main,4,0.5,0.25
auc,16,20,0,,True,0.5,0,0.0,1.0,8.677274264507219,0.9132272573549278,180.00406767903664,8.727549799883116,0.25381854239213564,0.31084878222559315,146,19.200000000000003,20.0,292,19.92523861496665,18.541960495420952,7.0678082895576825e-06,7.586581771541152,0.0,2.8801369863013697,3.4863013698630136,nan,nan,1.0,30,30,in_main,4,0.5,0.25
auc,17,20,0,,True,0.5,0,0.0,1.0,8.863704958783348,0.9113629504121665,176.8688291718449,8.259280909501483,0.21363179804534796,0.27573964945761137,145,19.3,20.0,295,20.04414285233264,19.0068982921785,7.0505084048648826e-06,7.570033742972065,0.0,3.6551724137931036,4.63448275862069,nan,nan,1.0,30,30,in_main,4,0.5,0.25
auc,18,20,0,,True,0.5,0,0.0,1.0,10.22222626399013,0.8977777373600987,177.21140494677434,8.366759223143456,0.2146132968958475,0.3064440183013758,149,19.3,20.0,294,19.654095350650326,17.838171865490455,7.004081608163713e-06,7.600735985430278,0.0,5.3294183445190155,6.429530201342282,nan,nan,1.0,30,30,in_main,4,0.5,0.25
auc,19,20,0,,True,0.5,0,0.0,1.0,6.268371081927803,0.937316289180722,182.1794051184927,10.0,0.24604161658903848,0.32756406775447433,163,20.900000000000002,20.0,311,19.68209430113406,17.61274391526234,6.7327973416742905e-06,7.539765667770745,0.0,2.602249488752556,3.2883435582822087,nan,nan,1.0,30,30,in_main,4,0.5,0.25
auc,20,20,0,,True,0.5,0,0.0,1.0,9.325942141521349,0.9067405785847865,167.11159108687076,7.914713664763197,0.1656210907612995,0.24209118871983545,134,18.5,20.0,284,19.976549275910926,18.613203730113984,7.438380417227909e-06,7.577510349961185,0.0,2.9141791044776117,3.8507462686567164,nan,nan,1.0,30,30,in_main,4,0.5,0.25
auc,21,20,0,,True,0.5,0,0.0,1.0,7.874894976743684,0.9212510502325632,177.09365550268555,8.802610088987725,0.21358884758273353,0.318079117499116,152,20.0,20.0,299,19.956610256406,18.056570461556795,6.82073584165935e-06,7.5459950116248296,0.0,2.3892543859649122,3.039473684210526,nan,nan,1.0,30,30,in_main,4,0.5,0.25
auc,22,20,0,,True,0.5,0,0.0,1.0,7.442688182456003,0.92557311817544,173.23673748370513,6.205654626790549,0.2244043840706975,0.33011937482099246,146,19.8,20.0,300,19.761905333358175,17.656116711477306,7.447999996657017e-06,7.510910041700434,0.0,2.3732876712328768,3.0821917808219177,nan,nan,1.0,30,30,in_main,4,0.5,0.25
auc,23,20,0,,True,0.5,0,0.0,1.0,10.612618763445225,0.8938738123655477,160.71251337638657,7.462860809017316,0.16281188523102327,0.23710255592203414,135,19.1,20.0,289,19.935989409331338,18.594012988585728,7.366782109088758e-06,7.60608640865392,0.0,3.2364197530864196,4.037037037037037,nan,nan,1.0,30,30,in_main,4,0.5,0.25
auc,24,20,0,,True,0.5,0,0.0,1.0,11.782095349483901,0.882179046505161,168.5149231053711,9.464299233747774,0.21159110587945237,0.3184496950723241,157,20.900000000000002,20.0,310,19.36341596636486,17.680202231913388,7.1012903302494855e-06,7.652286127235611,0.0,6.10828025477707,6.6687898089171975,nan,nan,1.0,30,30,in_main,4,0.5,0.25
auc,25,20,0,,True,0.5,0,0.0,1.0,6.95646983901792,0.9304353016098208,172.13922476825198,8.465834978746186,0.18712536745094713,0.3098154867957463,172,22.8,20.0,329,19.234259755495483,17.308710131383794,6.903039652335466e-06,7.51949668745359,0.0,2.268410852713178,2.86046511627907,nan,nan,1.0,30,30,in_main,4,0.5,0.25
auc,26,20,0,,True,0.5,0,0.0,1.0,9.349455314981803,0.906505446850182,172.3504397754887,6.2701686612879834,0.24718535772211986,0.34401995753215003,152,20.0,20.0,301,19.142666901671603,16.47868691354768,7.176411962674225e-06,7.588226725926279,0.0,3.0975877192982453,3.6907894736842106,nan,nan,1.0,30,30,in_main,4,0.5,0.25
auc,27,20,0,,True,0.5,0,0.0,1.0,9.676416582346059,0.9032358341765394,165.69344697327017,9.125358974590084,0.142010879335438,0.22785576519064044,156,20.700000000000003,20.0,307,19.791114172973234,18.807504677895146,6.950162913299891e-06,7.625583408293105,0.0,3.0202991452991452,3.5,nan,nan,1.0,30,30,in_main,4,0.5,0.25
auc,28,20,0,,True,0.5,0,0.0,1.0,8.932030192812046,0.9106796980718795,174.07614962991738,9.462596617898287,0.22854614957159552,0.2928560071580785,136,19.8,20.0,294,19.810158952399007,18.403669991194903,7.048299372078199e-06,7.5847312835121246,0.0,2.458946078431372,2.8676470588235294,nan,nan,1.0,30,30,in_main,4,0.5,0.25
auc,29,20,0,,True,0.5,0,0.0,1.0,10.025472703920169,0.8997452729607983,168.61650081517368,8.5811739793765,0.19968913278264197,0.2981253712083747,154,20.8,20.0,309,19.672005745260318,17.913582217134756,7.046602040881135e-06,7.652670239155207,0.0,4.987012987012987,6.266233766233766,nan,nan,1.0,30,30,in_main,4,0.5,0.25
auc,30,20,0,,True,0.5,0,0.0,1.0,7.803254308729024,0.9219674569127098,182.61087324052374,9.964468197199917,0.21574781713393523,0.2875517694974143,163,21.1,20.0,312,19.816774687752687,18.360537154622588,6.807692280301872e-06,7.530601604923847,0.0,2.7116564417177913,3.2883435582822087,nan,nan,1.0,30,30,in_main,4,0.5,0.25
auc,1,20,0,,True,0.5,0,0.0,1.0,9.586835124858107,0.9041316487514189,178.8126513026955,8.187135740056435,0.19114511122864908,0.2509927449404233,136,19.700000000000003,20.0,289,20.05115646805317,18.757285842072417,7.1186849580164096e-06,7.689650600781172,0.0,3.4742647058823533,4.5588235294117645,nan,nan,1.0,30,30,in_main,4,0.75,0.375
auc,2,20,0,,True,0.5,0,0.0,1.0,9.822230865244464,0.9017776913475554,170.5580590097871,7.0212519599511864,0.23520917923709694,0.3582136699480877,158,20.6,20.0,307,19.436856377353102,17.671576380779,7.253420134021898e-06,7.6729865742280525,0.0,4.220464135021096,4.6075949367088604,nan,nan,1.0,30,30,in_main,4,0.75,0.375
auc,3,20,0,,True,0.5,0,0.0,1.0,9.496822679256434,0.9050317732074357,169.30154488989996,10.0,0.13910575717979795,0.21726879507630345,165,21.700000000000003,20.0,318,19.625831812434882,18.635617891493656,6.724528242294302e-06,7.741286592740914,0.0,2.902020202020202,3.6606060606060606,nan,nan,1.0,30,30,in_main,4,0.75,0.375
auc,4,20,0,,True,0.5,0,0.0,1.0,9.024793305353906,0.9097520669464609,170.4205589834924,7.7257318560591965,0.2982517810565732,0.43951340445906184,184,22.900000000000002,20.0,338,18.218207279544934,15.353188760452872,6.737869905639225e-06,7.64560428074827,0.0,3.1612318840579707,3.5652173913043477,nan,nan,1.0,30,30,in_main,4,0.75,0.375
auc,5,20,0,,True,0.5,0,0.0,1.0,9.385328134849736,0.9061467186515026,164.07179363793426,9.918698782046473,0.1436663447198287,0.24201151627302278,153,20.3,20.0,304,19.462215536350186,18.292385658190447,6.845723706455349e-06,7.7179227040742155,0.0,2.5588235294117645,3.084967320261438,nan,nan,1.0,30,30,in_main,4,0.75,0.375
auc,6,20,0,,True,0.5,0,0.0,1.0,8.859480738825788,0.9114051926117421,170.60063318541876,7.664369618703444,0.1995644838049128,0.32181207839213466,150,20.200000000000003,20.0,303,19.637505593850207,17.694890843919005,7.1762375414091785e-06,7.665357143730713,0.0,2.4477777777777776,3.2266666666666666,nan,nan,1.0,30,30,in_main,4,0.75,0.375
auc,7,20,0,,True,0.5,0,0.0,1.0,9.644973543138724,0.9035502645686128,182.3277107989727,8.917969415703691,0.2374650528653709,0.2897271813082814,145,20.6,20.0,308,20.040632416801415,18.84632018303211,6.86266223244995e-06,7.65186322094248,0.0,3.088505747126437,3.7103448275862068,nan,nan,1.0,30,30,in_main,4,0.75,0.375
auc,8,20,0,,True,0.5,0,0.0,1.0,10.418728007037792,0.8958127199296221,180.14116798893815,8.26384030722736,0.20312550423391268,0.2628521208392882,141,20.6,20.0,298,20.146145776637187,18.943014507196462,7.1298658831010656e-06,7.686990881660625,0.0,3.882978723404255,5.120567375886525,nan,nan,1.0,30,30,in_main,4,0.75,0.375
auc,9,20,0,,True,0.5,0,0.0,1.0,7.611340636695396,0.923886593633046,171.7915741550272,7.155331411715111,0.21325376229642937,0.3232436074774378,157,20.6,20.0,309,19.206353397820383,16.819441458466173,7.1783171357092685e-06,7.672113356702162,0.0,2.3503184713375798,3.3184713375796178,nan,nan,1.0,30,30,in_main,4,0.75,0.375
auc,10,20,0,,True,0.5,0,0.0,1.0,7.715470307536709,0.9228452969246329,172.5293990428219,7.977437864537149,0.22720947233150338,0.3212164267249367,152,19.900000000000002,20.0,301,19.615651385744854,17.98351115624873,7.135880225534517e-06,7.675416898839775,0.0,1.944078947368421,2.4210526315789473,nan,nan,1.0,30,30,in_main,4,0.75,0.375
auc,11,20,0,,True,0.5,0,0.0,1.0,9.044965941111771,0.9095503405888823,171.18711391844644,8.947602865002391,0.18429340427172747,0.2744164252704715,155,21.400000000000002,20.0,311,19.372387637417056,17.395799752535577,7.036334548259328e-06,7.701291054633435,0.0,3.0951612903225807,4.012903225806451,nan,nan,1.0,30,30,in_main,4,0.75,0.375
auc,12,20,0,,True,0.5,0,0.0,1.0,11.221058599993029,0.8877894140000697,167.4550674212678,8.2657390885073,0.1903283092213809,0.2573064639399551,151,21.1,20.0,304,19.870229869809997,18.47672072784763,6.928289442504665e-06,7.715821669584937,0.0,4.321192052980132,4.490066225165563,nan,nan,1.0,30,30,in_main,4,0.75,0.375
auc,13,20,0,,True,0.5,0,0.0,1.0,7.288320659534331,0.9271167934046567,170.09004694210293,8.293191933996686,0.19085994599727793,0.324392492798496,158,22.1,20.0,322,19.050492157964978,17.157130176703532,6.818944175336481e-06,7.6010935341435415,0.0,2.55168776371308,3.0,nan,nan,1.0,30,30,in_main,4,0.75,0.375
auc,14,20,0,,True,0.5,0,0.0,1.0,11.17221973653617,0.8882778026346383,163.10257691573253,7.8862850919269185,0.1752053877060245,0.23618855761379132,145,19.700000000000003,20.0,295,19.88219147628682,18.769515100739284,7.125084812287241e-06,7.689164319893776,0.0,2.947701149425287,3.8551724137931034,nan,nan,1.0,30,30,in_main,4,0.75,0.375
auc,15,20,0,,True,0.5,0,0.0,1.0,10.445085764946537,0.8955491423505346,168.24953175114027,9.184206844555131,0.19318658522219243,0.283536698217565,142,20.0,20.0,300,20.051830791925923,18.537801887347303,6.961000023390322e-06,7.77153925454753,0.0,4.204225352112676,5.26056338028169,nan,nan,1.0,30,30,in_main,4,0.75,0.375
auc,16,20,0,,True,0.5,0,0.0,1.0,8.677274264507219,0.9132272573549278,180.00406767903664,8.727549799883116,0.25381854239213564,0.31084878222559315,146,19.200000000000003,20.0,292,19.92523861496665,18.541960495420952,7.022602652771277e-06,7.711453346883617,0.0,2.8801369863013697,3.4863013698630136,nan,nan,1.0,30,30,in_main,4,0.75,0.375
auc,17,20,0,,True,0.5,0,0.0,1.0,8.863704958783348,0.9113629504121665,176.8688291718449,8.259280909501483,0.21363179804534796,0.27573964945761137,145,19.3,20.0,295,20.04414285233264,19.0068982921785,7.048135567101318e-06,7.695033742972065,0.0,3.6551724137931036,4.63448275862069,nan,nan,1.0,30,30,in_main,4,0.75,0.375
auc,18,20,0,,True,0.5,0,0.0,1.0,9.87555676245172,0.9012444323754828,178.58032245423345,8.497968916420348,0.20768279042449653,0.28787229322330843,149,19.400000000000002,20.0,294,19.70526183754053,18.0281874355016,7.2921765156464054e-06,7.7274272053761575,0.0,5.225391498881432,6.429530201342282,nan,nan,1.0,30,30,in_main,4,0.75,0.375
auc,19,20,0,,True,0.5,0,0.0,1.0,6.268371081927803,0.937316289180722,182.1794051184927,10.0,0.24604161658903848,0.32756406775447433,163,20.900000000000002,20.0,311,19.68209430113406,17.61274391526234,6.787459844879812e-06,7.6638441154681525,0.0,2.602249488752556,3.2883435582822087,nan,nan,1.0,30,30,in_main,4,0.75,0.375
auc,20,20,0,,True,0.5,0,0.0,1.0,9.34878234970884,0.9065121765029116,166.92218127113443,7.994599014019486,0.16526408375088183,0.24188758668691926,134,18.5,20.0,284,19.976025844578324,18.6108393607787,7.433098584391393e-06,7.699664463689926,0.0,2.958333333333334,3.925373134328358,nan,nan,1.0,30,30,in_main,4,0.75,0.375
auc,21,20,0,,True,0.5,0,0.0,1.0,7.874894976743684,0.9212510502325632,177.09365550268555,8.802610088987725,0.21358884758273353,0.318079117499116,152,20.0,20.0,299,19.956610256406,18.056570461556795,6.882608820973151e-06,7.669837000182537,0.0,2.3892543859649122,3.039473684210526,nan,nan,1.0,30,30,in_main,4,0.75,0.375
auc,22,20,0,,True,0.5,0,0.0,1.0,7.773000404451425,0.9222699959554858,172.28059189124295,6.2709512037897,0.21547746603668702,0.32637297103103663,147,19.8,20.0,300,19.676447575091263,17.62477790056989,7.381000104942359e-06,7.652483866537999,0.0,2.5011337868480723,3.496598639455782,nan,nan,1.0,30,30,in_main,4,0.75,0.375
auc,23,20,0,,True,0.5,0,0.0,1.0,10.612618763445225,0.8938738123655477,160.71251337638657,7.462860809017316,0.16281188523102327,0.23710255592203414,135,19.1,20.0,289,19.935989409331338,18.594012988585728,7.275778509815027e-06,7.73108640865392,0.0,3.2364197530864196,4.037037037037037,nan,nan,1.0,30,30,in_main,4,0.75,0.375
auc,24,20,0,,True,0.5,0,0.0,1.0,11.807320633583752,0.8819267936641625,168.50528709974327,9.519637725904401,0.21293439825518662,0.32118841065995735,157,20.900000000000002,20.0,310,19.364553580987067,17.671891353454924,7.95838696508473e-06,7.774366241948077,0.0,6.085987261146497,6.643312101910828,nan,nan,1.0,30,30,in_main,4,0.75,0.375
auc,25,20,0,,True,0.5,0,0.0,1.0,6.985580481334008,0.9301441951866599,172.07732964153774,8.389043569430847,0.1871352558432863,0.31063501913613506,172,22.8,20.0,329,19.231077275628998,17.281636714915614,6.904863186448099e-06,7.643773429795159,0.0,2.2800387596899223,2.86046511627907,nan,nan,1.0,30,30,in_main,4,0.75,0.375
auc,26,20,0,,True,0.5,0,0.0,1.0,9.514863158783083,0.9048513684121692,171.19464310982298,7.342920684374551,0.2447063850977842,0.34204435113422654,155,20.1,20.0,303,19.136294400901043,16.504870068021372,7.81353123679299e-06,7.715676041855304,0.0,3.0688172043010753,3.638709677419355,nan,nan,1.0,30,30,in_main,4,0.75,0.375
auc,27,20,0,,True,0.5,0,0.0,1.0,9.676416582346059,0.9032358341765394,165.69344697327017,9.125358974590084,0.142010879335438,0.22785576519064044,156,20.700000000000003,20.0,307,19.791114172973234,18.807504677895146,7.640716667853581e-06,7.750583408293105,0.0,3.0202991452991452,3.5,nan,nan,1.0,30,30,in_main,4,0.75,0.375
auc,28,20,0,,True,0.5,0,0.0,1.0,8.781872999163909,0.9121812700083609,175.66657243873877,9.403833884654052,0.23108228102647188,0.29613849022282757,136,19.8,20.0,294,19.827302712032655,18.39993546279495,7.71700674982751e-06,7.702692221696832,0.0,2.633578431372549,3.3308823529411766,nan,nan,1.0,30,30,in_main,4,0.75,0.375
auc,29,20,0,,True,0.5,0,0.0,1.0,11.0243064175381,0.889756935824619,168.20905423290435,8.776987616444485,0.1983460259019909,0.27654175880399373,154,20.8,20.0,309,19.639559325952977,17.849463091202146,7.168608441652013e-06,7.779622100618494,0.0,5.672077922077922,6.720779220779221,nan,nan,1.0,30,30,in_main,4,0.75,0.375
auc,30,20,0,,True,0.5,0,0.0,1.0,7.7714814329203685,0.9222851856707963,182.64200567435432,10.0,0.2157570665343009,0.2885480569271668,163,21.1,20.0,313,19.802401386449535,18.325831657548555,6.831948832867625e-06,7.655267288143368,0.0,2.7177914110429446,3.2883435582822087,nan,nan,1.0,30,30,in_main,4,0.75,0.375
auc,1,20,0,,True,0.5,0,0.0,1.0,9.586835124858107,0.9041316487514189,178.8126513026955,8.187135740056435,0.19114511122864908,0.2509927449404233,136,19.700000000000003,20.0,289,20.05115646805317,18.757285842072417,7.1539791933523494e-06,7.814008466099244,0.0,3.4742647058823533,4.5588235294117645,nan,nan,1.0,30,30,in_main,4,1.0,0.5
auc,2,20,0,,True,0.5,0,0.0,1.0,9.806921686406389,0.9019307831359361,170.65268291208366,6.929193358741448,0.2359988706060216,0.35931054441856564,158,20.6,20.0,307,19.432592071237753,17.652135327831505,7.325732760174588e-06,7.7946111393553155,0.0,4.233122362869198,4.60126582278481,nan,nan,1.0,30,30,in_main,4,1.0,0.5
auc,3,20,0,,True,0.5,0,0.0,1.0,9.496822679256434,0.9050317732074357,169.30154488989996,10.0,0.13910575717979795,0.21726879507630345,165,21.700000000000003,20.0,318,19.625831812434882,18.635617891493656,6.730817598360298e-06,7.866286592740914,0.0,2.902020202020202,3.6606060606060606,nan,nan,1.0,30,30,in_main,4,1.0,0.5
auc,4,20,0,,True,0.5,0,0.0,1.0,8.962895759431333,0.9103710424056867,172.009138690258,6.995565928060085,0.3005810436907588,0.4446267794322749,181,22.3,20.0,336,18.420467869928377,15.248662097428328,7.707142826586191e-06,7.737924218803046,0.0,3.1721915285451194,3.5801104972375692,nan,nan,1.0,30,30,in_main,4,1.0,0.5
auc,5,20,0,,True,0.5,0,0.0,1.0,9.409350000891692,0.9059064999910831,164.0300766100102,9.927322461848517,0.14417404334055228,0.2437925070529019,153,20.3,20.0,304,19.461639060266222,18.287310054993227,7.1944079751885605e-06,7.841818266885154,0.0,2.5599128540305007,3.084967320261438,nan,nan,1.0,30,30,in_main,4,1.0,0.5
auc,6,20,0,,True,0.5,0,0.0,1.0,8.89786032231228,0.9110213967768772,170.53703979065966,7.764655872606423,0.20054132690645388,0.32157787220166467,150,20.200000000000003,20.0,303,19.633515723931744,17.685194044772203,7.648844846867013e-06,7.788389277223786,0.0,2.451111111111111,3.2266666666666666,nan,nan,1.0,30,30,in_main,4,1.0,0.5
auc,7,20,0,,True,0.5,0,0.0,1.0,9.774455757741606,0.9022554424225839,181.96067031714844,8.958026754820025,0.23296357649665045,0.2837511048247989,145,20.6,20.0,307,20.05287748368762,18.866283021218724,7.715635153340594e-06,7.7784049136967575,0.0,3.1011494252873564,3.7448275862068967,nan,nan,1.0,30,30,in_main,4,1.0,0.5
auc,8,20,0,,True,0.5,0,0.0,1.0,10.418728007037792,0.8958127199296221,180.14116798893815,8.26384030722736,0.20312550423391268,0.2628521208392882,141,20.6,20.0,298,20.146145776637187,18.943014507196462,9.10872476374271e-06,7.811990881660625,0.0,3.882978723404255,5.120567375886525,nan,nan,1.0,30,30,in_main,4,1.0,0.5
auc,9,20,0,,True,0.5,0,0.0,1.0,7.649054868259652,0.9235094513174035,171.66468258466148,6.993607560899634,0.2100828787330719,0.3199556871221989,157,20.6,20.0,309,19.223963997250433,16.831530104599803,7.899352644146706e-06,7.796774442486219,0.0,2.357749469214437,3.3184713375796178,nan,nan,1.0,30,30,in_main,4,1.0,0.5
auc,10,20,0,,True,0.5,0,0.0,1.0,7.709927490223423,0.9229007250977658,172.5480300009993,7.964619676464885,0.2272072334111689,0.32080300908792736,152,19.900000000000002,20.0,301,19.61572453492759,17.9853021473882,7.604318910237383e-06,7.80096138083475,0.0,1.944078947368421,2.4210526315789473,nan,nan,1.0,30,30,in_main,4,1.0,0.5
auc,11,20,0,,True,0.5,0,0.0,1.0,9.044965941111771,0.9095503405888823,171.18711391844644,8.947602865002391,0.18429340427172747,0.2744164252704715,155,21.400000000000002,20.0,311,19.372387637417056,17.395799752535577,7.137298988069069e-06,7.826072461526874,0.0,3.0951612903225807,4.012903225806451,nan,nan,1.0,30,30,in_main,4,1.0,0.5
auc,12,20,0,,True,0.5,0,0.0,1.0,11.221058599993029,0.8877894140000697,167.4550674212678,8.2657390885073,0.1903283092213809,0.2573064639399551,151,21.1,20.0,304,19.870229869809997,18.47672072784763,7.442763107016952e-06,7.8406846081814265,0.0,4.321192052980132,4.490066225165563,nan,nan,1.0,30,30,in_main,4,1.0,0.5
auc,13,20,0,,True,0.5,0,0.0,1.0,7.33603383880671,0.9266396616119329,170.79708477982234,8.111400016175148,0.19266711586664795,0.32648650124193707,158,22.1,20.0,322,19.048237080419227,17.1418462750934,7.015527997915026e-06,7.720153640281912,0.0,2.6951476793248945,3.607594936708861,nan,nan,1.0,30,30,in_main,4,1.0,0.5
auc,14,20,0,,True,0.5,0,0.0,1.0,11.17221973653617,0.8882778026346383,163.10257691573253,7.8862850919269185,0.1752053877060245,0.23618855761379132,145,19.700000000000003,20.0,295,19.88219147628682,18.769515100739284,7.275593175031876e-06,7.814164319893776,0.0,2.947701149425287,3.8551724137931034,nan,nan,1.0,30,30,in_main,4,1.0,0.5
auc,15,20,0,,True,0.5,0,0.0,1.0,10.445273124986032,0.8955472687501397,168.25837915316075,9.22945181654962,0.19343378995488575,0.28420823820487867,142,20.0,20.0,300,20.05066723472193,18.53058931038907,6.948666741664056e-06,7.896129201333548,0.0,4.204225352112676,5.26056338028169,nan,nan,1.0,30,30,in_main,4,1.0,0.5
auc,16,20,0,,True,0.5,0,0.0,1.0,8.676620069184937,0.9132337993081506,180.03943898252797,8.777615557003715,0.2538531684309168,0.3106872219752027,146,19.200000000000003,20.0,292,19.92464543991254,18.542637578754288,7.109589155520989e-06,7.836489536799627,0.0,2.8801369863013697,3.4863013698630136,nan,nan,1.0,30,30,in_main,4,1.0,0.5
auc,17,20,0,,True,0.5,0,0.0,1.0,8.863704958783348,0.9113629504121665,176.8688291718449,8.259280909501483,0.21363179804534796,0.27573964945761137,145,19.3,20.0,295,20.04414285233264,19.0068982921785,7.092542413590571e-06,7.820033742972065,0.0,3.6551724137931036,4.63448275862069,nan,nan,1.0,30,30,in_main,4,1.0,0.5
auc,18,20,0,,True,0.5,0,0.0,1.0,9.875568973257353,0.9012443102674265,178.58030070844342,8.50582662804326,0.20768279042449658,0.2878603679416992,149,19.400000000000002,20.0,294,19.705254964688297,18.0281874355016,7.098299233091609e-06,7.851522414787117,0.0,5.225391498881432,6.429530201342282,nan,nan,1.0,30,30,in_main,4,1.0,0.5
auc,19,20,0,,True,0.5,0,0.0,1.0,6.268449665343201,0.937315503346568,182.1775514528693,10.0,0.24628068762728986,0.32882843021345454,163,20.900000000000002,20.0,311,19.678243618324053,17.595997503779085,6.837942134970769e-06,7.787657539735048,0.0,2.602249488752556,3.2883435582822087,nan,nan,1.0,30,30,in_main,4,1.0,0.5
auc,20,20,0,,True,0.5,0,0.0,1.0,9.34878234970884,0.9065121765029116,166.92218127113443,7.994599014019486,0.16526408375088183,0.24188758668691926,134,18.5,20.0,284,19.976025844578324,18.6108393607787,7.469014043392594e-06,7.8240854688877794,0.0,2.958333333333334,3.925373134328358,nan,nan,1.0,30,30,in_main,4,1.0,0.5
auc,21,20,0,,True,0.5,0,0.0,1.0,8.53937741216132,0.9146062258783868,167.62102907870704,8.76301932390351,0.1805107136342868,0.29151090603320123,152,20.0,20.0,300,19.75125437578717,18.031977469270387,7.1893332885035005e-06,7.823233043209248,0.0,2.5032894736842106,3.151315789473684,nan,nan,1.0,30,30,in_main,4,1.0,0.5
auc,22,20,0,,True,0.5,0,0.0,1.0,7.789374369804547,0.9221062563019545,172.18312421223234,6.170644224317078,0.21551718052048172,0.3269792017303749,147,19.900000000000002,20.0,300,19.67319965812671,17.62119553581973,7.409333314474983e-06,7.775964383245361,0.0,2.510204081632653,3.5238095238095237,nan,nan,1.0,30,30,in_main,4,1.0,0.5
auc,23,20,0,,True,0.5,0,0.0,1.0,10.612618763445225,0.8938738123655477,160.71251337638657,7.462860809017316,0.16281188523102327,0.23710255592203414,135,19.1,20.0,289,19.935989409331338,18.594012988585728,7.3200693030948e-06,7.85608640865392,0.0,3.2364197530864196,4.037037037037037,nan,nan,1.0,30,30,in_main,4,1.0,0.5
auc,24,20,0,,True,0.5,0,0.0,1.0,11.807320633583752,0.8819267936641625,168.50528709974327,9.519637725904401,0.21293439825518662,0.32118841065995735,157,20.900000000000002,20.0,310,19.364553580987067,17.671891353454924,7.18580644564598e-06,7.898278405053789,0.0,6.085987261146497,6.643312101910828,nan,nan,1.0,30,30,in_main,4,1.0,0.5
auc,25,20,0,,True,0.5,0,0.0,1.0,6.976155249017413,0.9302384475098259,172.08270618310272,8.414469614511946,0.18766706651178208,0.3118310257815427,172,22.8,20.0,329,19.229957560544847,17.27485265655393,6.875987874137345e-06,7.768177981466347,0.0,2.2761627906976742,2.86046511627907,nan,nan,1.0,30,30,in_main,4,1.0,0.5
auc,26,20,0,,True,0.5,0,0.0,1.0,9.479629500716058,0.9052037049928394,171.59593553345937,7.343726877258726,0.24611998357702225,0.3452629974144419,155,20.1,20.0,303,19.116136864443522,16.479997571705493,7.2650164949766085e-06,7.837822358662884,0.0,3.076344086021505,3.6580645161290324,nan,nan,1.0,30,30,in_main,4,1.0,0.5
auc,27,20,0,,True,0.5,0,0.0,1.0,9.676416582346059,0.9032358341765394,165.69344697327017,9.125358974590084,0.142010879335438,0.22785576519064044,156,20.700000000000003,20.0,307,19.791114172973234,18.807504677895146,6.993811169725688e-06,7.875583408293105,0.0,3.0202991452991452,3.5,nan,nan,1.0,30,30,in_main,4,1.0,0.5
auc,28,20,0,,True,0.5,0,0.0,1.0,8.781872999163909,0.9121812700083609,175.66657243873877,9.403833884654052,0.23108228102647188,0.29613849022282757,136,19.8,20.0,294,19.827302712032655,18.39993546279495,7.109183657337867e-06,7.8267736155486345,0.0,2.633578431372549,3.3308823529411766,nan,nan,1.0,30,30,in_main,4,1.0,0.5
auc,29,20,0,,True,0.5,0,0.0,1.0,9.538848459353622,0.9046115154064638,170.47575006002074,8.876066606895801,0.19832089050377918,0.2775630055458289,161,21.5,20.0,317,19.53356556676377,17.88971301412252,7.030599194575889e-06,7.858743639762797,0.0,5.298136645962733,6.3229813664596275,nan,nan,1.0,30,30,in_main,4,1.0,0.5
auc,30,20,0,,True,0.5,0,0.0,1.0,7.765458827880223,0.9223454117211978,182.70197081906318,10.0,0.2165624690331604,0.2906543856805542,163,21.1,20.0,313,19.787003890613555,18.287545194856495,6.855591104054205e-06,7.780525984949885,0.0,2.723926380368098,3.3006134969325154,nan,nan,1.0,30,30,in_main,4,1.0,0.5
auc,1,20,0,,True,0.5,0,0.0,1.0,9.586649130719582,0.9041335086928042,178.81280535059614,8.187135740056435,0.19114518429699948,0.25100647799334064,136,19.700000000000003,20.0,289,20.0511402157392,18.7572837687043,7.1467126894478e-06,8.062741046121497,0.0,3.4742647058823533,4.5588235294117645,nan,nan,0.9666666666666667,29,30,in_main,4,1.5,0.75
auc,2,20,0,,True,0.5,0,0.0,1.0,9.786416596081116,0.9021358340391888,171.28575737793258,6.930109959478943,0.23793968021129713,0.3631079464255525,158,20.6,20.0,307,19.418600781275106,17.55418311044774,7.4052117424235905e-06,8.043028857427709,0.0,4.35970464135021,4.734177215189874,nan,nan,0.9666666666666667,29,30,in_main,4,1.5,0.75
auc,3,20,0,,True,0.5,0,0.0,1.0,9.496822679256434,0.9050317732074357,169.30154488989996,10.0,0.13910575717979795,0.21726879507630345,165,21.700000000000003,20.0,318,19.625831812434882,18.635617891493656,6.7650943486760925e-06,8.116286592740913,0.0,2.902020202020202,3.6606060606060606,nan,nan,0.9666666666666667,29,30,in_main,4,1.5,0.75
auc,4,20,1,planner_abort,True,0.5,0,0.0,1.0,8.996776630364112,0.9100322336963589,172.02765387858238,6.743884651583124,0.3138537723082946,0.48148076942461304,36,16.5,0.0,165,18.95798976865723,15.34016069537059,8.36727272006542e-06,7.935274355940934,0.0,4.444444444444445,4.888888888888889,nan,nan,0.9666666666666667,29,30,in_main,4,1.5,0.75
auc,5,20,0,,True,0.5,0,0.0,1.0,9.390744295834219,0.9060925570416578,164.05541938055697,9.934262691708803,0.14564767043250057,0.24928981081948848,153,20.3,20.0,304,19.45189425638178,18.252381163321154,6.9249999916409204e-06,8.088593158243029,0.0,2.565359477124183,3.084967320261438,nan,nan,0.9666666666666667,29,30,in_main,4,1.5,0.75
auc,6,20,0,,True,0.5,0,0.0,1.0,8.898894553596925,0.9110110544640307,170.5583863993395,7.7852015556755285,0.20087723540182162,0.32205801305238635,150,20.200000000000003,20.0,303,19.632709354987337,17.685193990552715,7.243564402532423e-06,8.03464455893393,0.0,2.451111111111111,3.2266666666666666,nan,nan,0.9666666666666667,29,30,in_main,4,1.5,0.75
auc,7,20,0,,True,0.5,0,0.0,1.0,9.881781947103196,0.901182180528968,182.31187342141857,8.99516728762024,0.242229238122522,0.2888835180975057,142,20.6,20.0,304,20.102325283647364,18.8934871619736,6.957236911674906e-06,8.026472668808731,0.0,3.1244131455399065,3.788732394366197,nan,nan,0.9666666666666667,29,30,in_main,4,1.5,0.75
auc,8,20,0,,True,0.5,0,0.0,1.0,10.418728007037792,0.8958127199296221,180.14116798893815,8.26384030722736,0.20312550423391268,0.2628521208392882,141,20.6,20.0,298,20.146145776637187,18.943014507196462,7.201677924467426e-06,8.061990881660625,0.0,3.882978723404255,5.120567375886525,nan,nan,0.9666666666666667,29,30,in_main,4,1.5,0.75
auc,9,20,0,,True,0.5,0,0.0,1.0,7.61410621820967,0.9238589378179033,171.67093862734305,7.0142198615661115,0.21200123280960223,0.32563559974608686,157,20.700000000000003,20.0,310,19.20322915677956,16.752367198550427,6.929677458115734e-06,8.04494049389853,0.0,2.3662420382165603,3.3184713375796178,nan,nan,0.9666666666666667,29,30,in_main,4,1.5,0.75
auc,10,20,0,,True,0.5,0,0.0,1.0,7.989388669308384,0.9201061133069162,174.52102367665836,8.098896750025432,0.22336770369327907,0.31940469829148327,153,20.0,20.0,301,19.601017565518276,17.965449877828622,7.118936925426441e-06,8.042939069014992,0.0,2.138344226579521,2.7908496732026142,nan,nan,0.9666666666666667,29,30,in_main,4,1.5,0.75
auc,11,20,0,,True,0.5,0,0.0,1.0,8.978569875060604,0.910214301249394,171.94426918692565,8.928743992790046,0.18604174769712806,0.2780446543353208,156,21.400000000000002,20.0,311,19.341022063355254,17.31613163943526,6.9331191353824805e-06,8.073970037765235,0.0,3.1009615384615383,4.012820512820513,nan,nan,0.9666666666666667,29,30,in_main,4,1.5,0.75
auc,12,20,0,,True,0.5,0,0.0,1.0,12.490863224105887,0.8750913677589411,161.78968521646328,8.922813373073144,0.179083401929381,0.2538626527907602,159,21.400000000000002,20.0,314,19.61110566617192,18.10953748651542,6.722292878033273e-06,8.172556335436488,0.0,5.059748427672956,5.2075471698113205,nan,nan,0.9666666666666667,29,30,in_main,4,1.5,0.75
auc,13,20,0,,True,0.5,0,0.0,1.0,7.171257812512943,0.9282874218748706,171.01237768070897,8.20862563684532,0.19225858825267964,0.3248692967202165,158,22.1,20.0,323,19.041550004838978,17.11530451222025,6.743034187235059e-06,7.965667591496842,0.0,2.779535864978903,3.6202531645569622,nan,nan,0.9666666666666667,29,30,in_main,4,1.5,0.75
auc,14,20,0,,True,0.5,0,0.0,1.0,11.17221973653617,0.8882778026346383,163.10257691573253,7.8862850919269185,0.1752053877060245,0.23618855761379132,145,19.700000000000003,20.0,295,19.88219147628682,18.769515100739284,7.1667795394097405e-06,8.064164319893777,0.0,2.947701149425287,3.8551724137931034,nan,nan,0.9666666666666667,29,30,in_main,4,1.5,0.75
auc,15,20,0,,True,0.5,0,0.0,1.0,10.436624014685215,0.8956337598531479,168.37571628722515,9.147897323992966,0.19475386029641678,0.2869385844495853,142,20.1,20.0,300,20.045277606130412,18.5219834052787,7.006333338116141e-06,8.146493308276485,0.0,4.204225352112676,5.26056338028169,nan,nan,0.9666666666666667,29,30,in_main,4,1.5,0.75
auc,16,20,0,,True,0.5,0,0.0,1.0,8.678719862969352,0.9132128013703065,179.99194318429727,8.783530481467764,0.2537839163533545,0.31062034487800616,146,19.200000000000003,20.0,292,19.924288300813213,18.542123464223558,7.249314826554364e-06,8.08625640561289,0.0,2.8801369863013697,3.4863013698630136,nan,nan,0.9666666666666667,29,30,in_main,4,1.5,0.75
auc,17,20,0,,True,0.5,0,0.0,1.0,8.863704958783348,0.9113629504121665,176.8688291718449,8.259280909501483,0.21363179804534796,0.27573964945761137,145,19.3,20.0,295,20.04414285233264,19.0068982921785,7.156949178059191e-06,8.070033742972065,0.0,3.6551724137931036,4.63448275862069,nan,nan,0.9666666666666667,29,30,in_main,4,1.5,0.75
auc,18,20,0,,True,0.5,0,0.0,1.0,9.45865146721021,0.9054134853278979,175.96703549915185,7.920563664952477,0.19069846768344323,0.2809019742878902,149,19.400000000000002,20.0,295,19.684151385893852,17.970788899617805,7.0077965851928404e-06,8.074261581666487,0.0,4.541387024608501,5.516778523489933,nan,nan,0.9666666666666667,29,30,in_main,4,1.5,0.75
auc,19,20,0,,True,0.5,0,0.0,1.0,6.3024879250746295,0.9369751207492537,182.00262941361873,10.0,0.24571868358405588,0.330563958821837,163,20.900000000000002,20.0,312,19.6702974825164,17.53983590099748,6.773077005233902e-06,8.034637099355303,0.0,2.602249488752556,3.2883435582822087,nan,nan,0.9666666666666667,29,30,in_main,4,1.5,0.75
auc,20,20,0,,True,0.5,0,0.0,1.0,9.304532020658085,0.9069546797934191,167.11869720620078,8.101900853171502,0.16508631011085723,0.24151723590435353,134,18.5,20.0,284,19.970286646435618,18.601620678410388,7.616197058589126e-06,8.070321435833952,0.0,2.9365671641791047,3.888059701492537,nan,nan,0.9666666666666667,29,30,in_main,4,1.5,0.75
auc,21,20,0,,True,0.5,0,0.0,1.0,9.467148769653145,0.9053285123034686,165.08767945714862,8.560283166304956,0.17810080333722952,0.2931394973266829,158,20.5,20.0,305,19.639361106992286,17.828774964221925,7.392458983154998e-06,8.104216087252675,0.0,2.7658227848101267,3.348101265822785,nan,nan,0.9666666666666667,29,30,in_main,4,1.5,0.75
auc,22,20,0,,True,0.5,0,0.0,1.0,7.342832951738565,0.9265716704826144,173.9465443952871,6.047856432104445,0.22464466138638092,0.3370650415382517,147,19.900000000000002,20.0,300,19.726264889117388,17.586604531066424,7.356666634829405e-06,8.003594697118455,0.0,2.36734693877551,3.0884353741496597,nan,nan,0.9666666666666667,29,30,in_main,4,1.5,0.75
auc,23,20,0,,True,0.5,0,0.0,1.0,10.612618763445225,0.8938738123655477,160.71251337638657,7.462860809017316,0.16281188523102327,0.23710255592203414,135,19.1,20.0,289,19.935989409331338,18.594012988585728,7.3124565869718015e-06,8.106086408653919,0.0,3.2364197530864196,4.037037037037037,nan,nan,0.9666666666666667,29,30,in_main,4,1.5,0.75
auc,24,20,0,,True,0.5,0,0.0,1.0,11.859581327104806,0.8814041867289519,179.9319592438326,8.89926714187254,0.2583289823016349,0.35598871768006074,144,20.6,20.0,293,19.707727097805968,17.920956310767966,7.335836286918791e-06,8.10068025302401,0.0,7.711805555555555,8.583333333333334,nan,nan,0.9666666666666667,29,30,in_main,4,1.5,0.75
auc,25,20,0,,True,0.5,0,0.0,1.0,7.0218245308490745,0.9297817546915093,172.0219541823253,8.497615451581462,0.1888748729145375,0.3147027250225553,172,22.8,20.0,329,19.221962092820323,17.217478263958398,6.888449853473686e-06,8.016896538275478,0.0,2.2877906976744184,2.86046511627907,nan,nan,0.9666666666666667,29,30,in_main,4,1.5,0.75
auc,26,20,0,,True,0.5,0,0.0,1.0,9.514995555960725,0.9048500444403927,171.13941272531028,7.619684248823068,0.24379429491771698,0.3486265373718495,154,20.1,20.0,303,19.127226182785463,16.476140109466506,7.119471888847821e-06,8.079505603763128,0.0,3.104978354978355,3.7012987012987013,nan,nan,0.9666666666666667,29,30,in_main,4,1.5,0.75
auc,27,20,0,,True,0.5,0,0.0,1.0,9.676416582346059,0.9032358341765394,165.69344697327017,9.125358974590084,0.142010879335438,0.22785576519064044,156,20.700000000000003,20.0,307,19.791114172973234,18.807504677895146,6.900325613566568e-06,8.125583408293105,0.0,3.0202991452991452,3.5,nan,nan,0.9666666666666667,29,30,in_main,4,1.5,0.75
auc,28,20,0,,True,0.5,0,0.0,1.0,8.673461533946469,0.9132653846605353,178.51095240643585,9.320589484503815,0.23273619911004975,0.3013962869535746,136,19.8,20.0,294,19.810228311935255,18.41763854713587,7.097278841906607e-06,8.071745122760566,0.0,2.785539215686274,3.5073529411764706,nan,nan,0.9666666666666667,29,30,in_main,4,1.5,0.75
auc,29,20,0,,True,0.5,0,0.0,1.0,9.263354165082195,0.9073664583491781,165.53883589548323,8.829942464555044,0.18533685670692893,0.270793210197759,163,21.700000000000003,20.0,319,19.499503123132765,17.826527107461555,6.999373136268532e-06,8.110010811795776,0.0,3.4764826175869126,4.50920245398773,nan,nan,0.9666666666666667,29,30,in_main,4,1.5,0.75
auc,30,20,0,,True,0.5,0,0.0,1.0,7.816280118554442,0.9218371988144556,182.76283976553998,10.0,0.21739599495089548,0.2911516479672148,162,21.1,20.0,313,19.776240747141163,18.264387553603083,6.8884984820340266e-06,8.029263306309845,0.0,2.7222222222222223,3.302469135802469,nan,nan,0.9666666666666667,29,30,in_main,4,1.5,0.75
auc,1,20,0,,True,0.5,0,0.0,1.0,9.589646314934763,0.9041035368506524,178.82989897125177,8.203779222159502,0.19032332670623922,0.2503781529243312,136,19.700000000000003,20.0,289,20.049796661892007,18.757027628461405,7.110380648275206e-06,8.310453327438767,0.0,3.476102941176471,4.5588235294117645,nan,nan,1.0,30,30,in_main,4,2.0,1.0
auc,2,20,0,,True,0.5,0,0.0,1.0,9.576124962270072,0.9042387503772993,169.097837904658,6.958975757299215,0.23405522922430091,0.3623988488581488,158,20.6,20.0,307,19.40222421208257,17.449869579321632,7.250814416888701e-06,8.276661010154394,0.0,3.6698312236286914,4.069620253164557,nan,nan,1.0,30,30,in_main,4,2.0,1.0
auc,3,20,0,,True,0.5,0,0.0,1.0,9.496822679256434,0.9050317732074357,169.30154488989996,10.0,0.13910575717979795,0.21726879507630345,165,21.700000000000003,20.0,318,19.625831812434882,18.635617891493656,6.7855346872494705e-06,8.366286592740913,0.0,2.902020202020202,3.6606060606060606,nan,nan,1.0,30,30,in_main,4,2.0,1.0
auc,4,20,0,,True,0.5,0,0.0,1.0,10.043726977145829,0.8995627302285417,172.71687976781138,7.466299264937757,0.2839956066577406,0.38090733450813496,147,20.5,20.0,301,19.574102130611493,17.08171673235387,7.00298997221988e-06,8.312228363572816,0.0,3.0873015873015874,3.4693877551020407,nan,nan,1.0,30,30,in_main,4,2.0,1.0
auc,5,20,0,,True,0.5,0,0.0,1.0,9.390624388159463,0.9060937561184054,164.0579176320984,10.0,0.14597552389162669,0.24824935236547205,153,20.3,20.0,304,19.453720898810268,18.26009528848887,6.862499934581329e-06,8.335976089077628,0.0,2.565359477124183,3.084967320261438,nan,nan,1.0,30,30,in_main,4,2.0,1.0
auc,6,20,0,,True,0.5,0,0.0,1.0,8.891564469328351,0.9110843553067165,170.3560348747822,7.542266312515675,0.20175011982293536,0.3212211947210226,150,20.200000000000003,20.0,303,19.640361678244282,17.643468228534594,7.182178180703199e-06,8.278719199765444,0.0,2.4555555555555553,3.22,nan,nan,1.0,30,30,in_main,4,2.0,1.0
auc,7,20,0,,True,0.5,0,0.0,1.0,9.110258517741066,0.9088974148225893,185.92495702602108,9.014797268463962,0.2567491596603448,0.30101728185906107,144,20.700000000000003,20.0,306,20.19382517193709,18.830795183733848,6.8330064809118744e-06,8.25295484972055,0.0,3.310185185185185,4.076388888888889,nan,nan,1.0,30,30,in_main,4,2.0,1.0
auc,8,20,0,,True,0.5,0,0.0,1.0,10.418728007037792,0.8958127199296221,180.14116798893815,8.26384030722736,0.20312550423391268,0.2628521208392882,141,20.6,20.0,298,20.146145776637187,18.943014507196462,7.17080553578316e-06,8.311990881660625,0.0,3.882978723404255,5.120567375886525,nan,nan,1.0,30,30,in_main,4,2.0,1.0
auc,9,20,0,,True,0.5,0,0.0,1.0,7.61410621820967,0.9238589378179033,171.67093862734305,7.0142198615661115,0.21200123280960223,0.32563559974608686,157,20.700000000000003,20.0,310,19.20322915677956,16.752367198550427,6.973548407850397e-06,8.294402859489926,0.0,2.3662420382165603,3.3184713375796178,nan,nan,1.0,30,30,in_main,4,2.0,1.0
auc,10,20,0,,True,0.5,0,0.0,1.0,8.319031529534193,0.9168096847046581,171.934633798826,8.24622670339599,0.22402336397757844,0.32008556294961404,153,20.0,20.0,302,19.591896560257787,17.96529116266246,7.171854332944421e-06,8.298328247034616,0.0,2.10239651416122,2.5686274509803924,nan,nan,1.0,30,30,in_main,4,2.0,1.0
auc,11,20,0,,True,0.5,0,0.0,1.0,8.85110716950277,0.9114889283049723,172.73715799210652,8.806019427412071,0.1870835259612564,0.2826622157928306,158,21.5,20.0,312,19.28650293500288,17.193553336256326,6.966025629924096e-06,8.315614754180283,0.0,3.1123417721518987,4.012658227848101,nan,nan,1.0,30,30,in_main,4,2.0,1.0
auc,12,20,0,,True,0.5,0,0.0,1.0,12.490863224105887,0.8750913677589411,161.78968521646328,8.922813373073144,0.179083401929381,0.2538626527907602,159,21.400000000000002,20.0,314,19.61110566617192,18.10953748651542,6.782165493546973e-06,8.422556335436488,0.0,5.059748427672956,5.2075471698113205,nan,nan,1.0,30,30,in_main,4,2.0,1.0
auc,13,20,0,,True,0.5,0,0.0,1.0,7.141234005460917,0.9285876599453908,171.02453735773304,8.182250464047943,0.19310899049339156,0.32571905457271794,158,22.1,20.0,323,19.034929827837935,17.10345269221808,6.769659495393489e-06,8.210292656033468,0.0,2.8285864978902953,3.651898734177215,nan,nan,1.0,30,30,in_main,4,2.0,1.0
auc,14,20,0,,True,0.5,0,0.0,1.0,11.17221973653617,0.8882778026346383,163.10257691573253,7.8862850919269185,0.1752053877060245,0.23618855761379132,145,19.700000000000003,20.0,295,19.88219147628682,18.769515100739284,7.0844068077503375e-06,8.314164319893777,0.0,2.947701149425287,3.8551724137931034,nan,nan,1.0,30,30,in_main,4,2.0,1.0
auc,15,20,0,,True,0.5,0,0.0,1.0,10.453915367798283,0.8954608463220172,168.48672748675554,8.75183596566438,0.19341294878442783,0.2872090282694498,142,20.1,20.0,299,20.034335495854336,18.498545079098996,6.9367894096873124e-06,8.39699370014762,0.0,4.21244131455399,5.26056338028169,nan,nan,1.0,30,30,in_main,4,2.0,1.0
auc,16,20,0,,True,0.5,0,0.0,1.0,8.667474656177154,0.9133252534382285,180.02569730088555,8.803717115808688,0.2537839163533545,0.31057575214608524,146,19.200000000000003,20.0,292,19.92516540779188,18.547227630890223,7.018835687681344e-06,8.336651995340539,0.0,2.8801369863013697,3.4863013698630136,nan,nan,1.0,30,30,in_main,4,2.0,1.0
auc,17,20,0,,True,0.5,0,0.0,1.0,8.863704958783348,0.9113629504121665,176.8688291718449,8.259280909501483,0.21363179804534796,0.27573964945761137,145,19.3,20.0,295,20.04414285233264,19.0068982921785,7.033559369905931e-06,8.320033742972065,0.0,3.6551724137931036,4.63448275862069,nan,nan,1.0,30,30,in_main,4,2.0,1.0
auc,18,20,0,,True,0.5,0,0.0,1.0,10.277140051429878,0.8972285994857012,173.82954171498736,8.378169836962922,0.19445798587400462,0.2905338507099601,149,19.400000000000002,20.0,295,19.677483798704888,17.85708313916984,7.188135584899209e-06,8.338260271607096,0.0,4.7964205816554815,5.74496644295302,nan,nan,1.0,30,30,in_main,4,2.0,1.0
auc,19,20,0,,True,0.5,0,0.0,1.0,6.263251809552384,0.9373674819044762,181.84464425763323,10.0,0.2457158662491093,0.3321870837756846,164,21.0,20.0,312,19.661948094396195,17.50992460153331,6.724358930417414e-06,8.282002542714054,0.0,2.583333333333333,3.274390243902439,nan,nan,1.0,30,30,in_main,4,2.0,1.0
auc,20,20,0,,True,0.5,0,0.0,1.0,9.304532020658085,0.9069546797934191,167.11869720620078,8.101900853171502,0.16508631011085723,0.24151723590435353,134,18.5,20.0,284,19.970286646435618,18.601620678410388,7.390492805505243e-06,8.319273481440927,0.0,2.9365671641791047,3.888059701492537,nan,nan,1.0,30,30,in_main,4,2.0,1.0
auc,21,20,0,,True,0.5,0,0.0,1.0,9.646646756046007,0.9035335324395399,164.68430593008074,7.6313973476103385,0.18850753868654732,0.3036642715996692,158,20.5,20.0,306,19.67909679092972,17.78633429044369,7.036927961641649e-06,8.342391096877469,0.0,2.514767932489452,3.1012658227848102,nan,nan,1.0,30,30,in_main,4,2.0,1.0
auc,22,20,0,,True,0.5,0,0.0,1.0,9.248641409544101,0.907513585904559,169.59862361202957,5.9852597346807785,0.22643177033045062,0.3384519610169463,150,20.200000000000003,20.0,304,19.595899577214777,17.495787811365766,7.256250096600668e-06,8.30489672112217,0.0,2.6766666666666667,3.6066666666666665,nan,nan,1.0,30,30,in_main,4,2.0,1.0
auc,23,20,0,,True,0.5,0,0.0,1.0,10.612618763445225,0.8938738123655477,160.71251337638657,7.462860809017316,0.16281188523102327,0.23710255592203414,135,19.1,20.0,289,19.935989409331338,18.594012988585728,7.431487854736112e-06,8.356086408653919,0.0,3.2364197530864196,4.037037037037037,nan,nan,1.0,30,30,in_main,4,2.0,1.0
auc,24,20,0,,True,0.5,0,0.0,1.0,10.51105585950165,0.8948894414049835,183.5662990039381,8.656913174409384,0.27639148614442105,0.3816504912929655,152,21.0,20.0,303,19.601093802721135,17.83054702214152,7.078877856521545e-06,8.324825067814919,0.0,6.634868421052632,7.552631578947368,nan,nan,1.0,30,30,in_main,4,2.0,1.0
auc,25,20,0,,True,0.5,0,0.0,1.0,7.01709534974867,0.9298290465025133,172.0287892314139,8.382560291829341,0.18887368769901677,0.3145713687636446,172,22.8,20.0,330,19.222038390256113,17.215874657755826,6.866363731784407e-06,8.265726064122607,0.0,2.2877906976744184,2.86046511627907,nan,nan,1.0,30,30,in_main,4,2.0,1.0
auc,26,20,0,,True,0.5,0,0.0,1.0,10.205749928815134,0.8979425007118487,166.92013117740018,6.953147912728769,0.2407933893590528,0.3463814239062085,158,20.3,20.0,306,18.966591881241314,16.43287583313309,7.175163440467194e-06,8.352297598553474,0.0,2.7025316455696204,3.132911392405063,nan,nan,1.0,30,30,in_main,4,2.0,1.0
auc,27,20,0,,True,0.5,0,0.0,1.0,9.676416582346059,0.9032358341765394,165.69344697327017,9.125358974590084,0.142010879335438,0.22785576519064044,156,20.700000000000003,20.0,307,19.791114172973234,18.807504677895146,7.073289914972813e-06,8.375583408293105,0.0,3.0202991452991452,3.5,nan,nan,1.0,30,30,in_main,4,2.0,1.0
auc,28,20,0,,True,0.5,0,0.0,1.0,8.638233987175624,0.9136176601282437,178.43376030822128,9.401172542345847,0.23192789252788873,0.3005570000878147,136,19.8,20.0,294,19.80804355281491,18.414747302938338,7.1693878385458505e-06,8.320619693770936,0.0,2.7745098039215685,3.4926470588235294,nan,nan,1.0,30,30,in_main,4,2.0,1.0
auc,29,20,0,,True,0.5,0,0.0,1.0,8.996032327147718,0.9100396767285228,166.47330680462707,8.669676812928127,0.18237915226660462,0.2711898663397016,163,21.700000000000003,20.0,319,19.49124205384707,17.757879654369628,6.9586207257579355e-06,8.35804053364574,0.0,3.460122699386503,4.533742331288344,nan,nan,1.0,30,30,in_main,4,2.0,1.0
auc,30,20,0,,True,0.5,0,0.0,1.0,7.743996219725902,0.922560037802741,182.8978361292952,10.0,0.2225158559352299,0.2964365999867692,162,21.200000000000003,20.0,313,19.73453604199835,18.17378284398496,6.838977698496314e-06,8.277575557724436,0.0,2.7160493827160495,3.302469135802469,nan,nan,1.0,30,30,in_main,4,2.0,1.0
auc,1,20,0,,True,0.5,0,0.0,1.0,9.60013969880491,0.9039986030119509,178.9252009671607,8.169364342002028,0.19090538520125175,0.2507948224031653,137,19.700000000000003,20.0,289,20.046870632906927,18.755469200681862,7.145674808082174e-06,7.816934296005894,0.0,3.463503649635037,4.54014598540146,nan,nan,1.0,30,30,curv,5,0.5,0.1
auc,2,20,0,,True,0.5,0,0.0,1.0,9.807786205616987,0.9019221379438301,170.73570084715072,6.929193358741448,0.23693220393935494,0.3599500900546714,158,20.6,20.0,307,19.430086374859126,17.652135327831505,7.331595997002237e-06,7.795720166168006,0.0,4.223628691983122,4.60126582278481,nan,nan,1.0,30,30,curv,5,0.5,0.1
auc,3,20,0,,True,0.5,0,0.0,1.0,9.45270927788684,0.9054729072211316,169.70944302257521,10.0,0.1374644630304189,0.21601187649422965,165,21.700000000000003,20.0,318,19.621329432067053,18.635617891493656,6.6811319714435525e-06,7.868210859207236,0.0,3.0171717171717174,3.787878787878788,nan,nan,1.0,30,30,curv,5,0.5,0.1
auc,4,20,0,,True,0.5,0,0.0,1.0,8.954513465295799,0.910454865347042,171.98952071658042,6.995565928060085,0.3006455215391418,0.4447355596147886,181,22.3,20.0,336,18.41910699468719,15.245329232971127,6.9952381441648214e-06,7.737913859084178,0.0,3.1721915285451194,3.5801104972375692,nan,nan,1.0,30,30,curv,5,0.5,0.1
auc,5,20,0,,True,0.5,0,0.0,1.0,9.410446902596082,0.9058955309740392,164.027996597134,9.923513321447372,0.14404038721301118,0.24361429927672004,153,20.3,20.0,304,19.46112652742275,18.285561407205833,6.884868466122977e-06,7.8422665505254825,0.0,2.5599128540305007,3.084967320261438,nan,nan,1.0,30,30,curv,5,0.5,0.1
auc,6,20,0,,True,0.5,0,0.0,1.0,8.898353820977533,0.9110164617902247,170.54249169092975,7.7659264795103145,0.20057491774139882,0.32163531809236745,150,20.200000000000003,20.0,303,19.63340724646521,17.685194021943445,7.20891091344792e-06,7.788810221238787,0.0,2.451111111111111,3.2266666666666666,nan,nan,1.0,30,30,curv,5,0.5,0.1
auc,7,20,0,,True,0.5,0,0.0,1.0,9.899145921738183,0.9010085407826182,181.5495136769591,8.819436934871373,0.2315795807600356,0.2842824357114843,145,20.6,20.0,307,20.048397643421122,18.866283021218724,7.020847004757139e-06,7.779803337501848,0.0,2.9827586206896552,3.579310344827586,nan,nan,1.0,30,30,curv,5,0.5,0.1
auc,8,20,0,,True,0.5,0,0.0,1.0,10.41879038602781,0.8958120961397219,179.86936148116772,8.285715378785724,0.20213467641676805,0.2623718503586525,141,20.6,20.0,298,20.144166367696613,18.943014507196462,7.1882550034675145e-06,7.813704919608957,0.0,3.882978723404255,5.120567375886525,nan,nan,1.0,30,30,curv,5,0.5,0.1
auc,9,20,0,,True,0.5,0,0.0,1.0,7.6745887553501095,0.9232541124464989,171.6694173645736,6.956286345075524,0.20994999278220583,0.3199245503210004,157,20.6,20.0,309,19.225675893912136,16.831530104599803,7.1407766793447645e-06,7.797231598054233,0.0,2.3609341825902335,3.3184713375796178,nan,nan,1.0,30,30,curv,5,0.5,0.1
auc,10,20,0,,True,0.5,0,0.0,1.0,8.433997368107281,0.9156600263189272,171.41991568731774,7.636685566937731,0.22557164418546527,0.32098892822178576,153,19.900000000000002,20.0,301,19.608047124200155,17.98530350601577,7.151162782274001e-06,7.810230497331504,0.0,2.1361655773420476,2.6405228758169934,nan,nan,1.0,30,30,curv,5,0.5,0.1
auc,11,20,0,,True,0.5,0,0.0,1.0,9.000952742327694,0.909990472576723,171.14658461754325,9.06512375668594,0.18486321715639303,0.27510220746067443,155,21.400000000000002,20.0,311,19.3686388432961,17.395799752535577,6.91672022650213e-06,7.82616570087891,0.0,3.120967741935484,4.019354838709678,nan,nan,1.0,30,30,curv,5,0.5,0.1
auc,12,20,0,,True,0.5,0,0.0,1.0,11.221504883202249,0.8877849511679775,167.44563799174531,8.277471981516884,0.19042976339791118,0.25735246069636447,151,21.1,20.0,304,19.87028256671814,18.47672072784763,6.920065863213447e-06,7.84148501561508,0.0,4.321192052980132,4.490066225165563,nan,nan,1.0,30,30,curv,5,0.5,0.1
auc,13,20,0,,True,0.5,0,0.0,1.0,7.54865359077005,0.9245134640922995,168.0794164551349,7.458716991559225,0.18745700527449508,0.31781584309078986,158,22.1,20.0,322,19.093063869371484,17.195940147269738,6.957142765222332e-06,7.716593206680627,0.0,2.298523206751055,3.2278481012658227,nan,nan,1.0,30,30,curv,5,0.5,0.1
auc,14,20,0,,True,0.5,0,0.0,1.0,11.169809309402169,0.8883019069059783,163.17906002827743,7.921588045283824,0.1746648471654841,0.23525697770415663,145,19.8,20.0,295,19.885515678739516,18.778882169335915,7.129152442557517e-06,7.816225216718629,0.0,2.938505747126437,3.8551724137931034,nan,nan,1.0,30,30,curv,5,0.5,0.1
auc,15,20,0,,True,0.5,0,0.0,1.0,10.402774781437573,0.8959722521856243,177.99545815379702,8.265883451933275,0.21473738291622485,0.2733426708417385,133,19.900000000000002,20.0,291,20.300829059552576,18.96679526643349,7.326460561052579e-06,7.852366418236528,0.0,4.130325814536341,4.894736842105263,nan,nan,1.0,30,30,curv,5,0.5,0.1
auc,16,20,0,,True,0.5,0,0.0,1.0,8.6727972599839,0.913272027400161,180.12109772026298,8.727549799883116,0.2536800382370109,0.3097105006615024,146,19.200000000000003,20.0,292,19.924806721352194,18.542637578754288,7.068493188903444e-06,7.837155967493283,0.0,2.881278538812785,3.4863013698630136,nan,nan,1.0,30,30,curv,5,0.5,0.1
auc,17,20,0,,True,0.5,0,0.0,1.0,8.862246239517269,0.9113775376048273,176.8577420355783,8.263616105052124,0.21345830741384206,0.27560748940798746,145,19.3,20.0,295,20.04403309172852,19.0068982921785,7.086779670178164e-06,7.8214491613832005,0.0,3.6551724137931036,4.63448275862069,nan,nan,1.0,30,30,curv,5,0.5,0.1
auc,18,20,0,,True,0.5,0,0.0,1.0,9.864742790219449,0.9013525720978055,178.70050863789334,8.44460187387856,0.20884997202422187,0.28894355309660275,149,19.400000000000002,20.0,294,19.701363096819627,18.0281874355016,7.100680451083859e-06,7.851164245475158,0.0,5.225391498881432,6.429530201342282,nan,nan,1.0,30,30,curv,5,0.5,0.1
auc,19,20,0,,True,0.5,0,0.0,1.0,6.263273569660677,0.9373672643033932,182.28051969841334,10.0,0.2488763160425903,0.33123959088745636,163,20.900000000000002,20.0,311,19.676980460429316,17.595997503779085,6.7572346864151394e-06,7.78774406683252,0.0,2.602249488752556,3.2883435582822087,nan,nan,1.0,30,30,curv,5,0.5,0.1
auc,20,20,0,,True,0.5,0,0.0,1.0,9.35289157487591,0.9064710842512409,166.9276090931194,7.681564908731961,0.1654684436702527,0.2420142797825882,134,18.5,20.0,284,19.9760582541183,18.61240680202495,7.433098648440316e-06,7.82472006587963,0.0,3.006840796019901,4.029850746268656,nan,nan,1.0,30,30,curv,5,0.5,0.1
auc,21,20,0,,True,0.5,0,0.0,1.0,8.586205303037264,0.9141379469696274,167.3471147660774,8.685694709811354,0.17845006941894553,0.2897398059080203,152,20.0,20.0,300,19.733941733163356,18.03366882917977,7.458333396546853e-06,7.827712135514578,0.0,2.5,3.151315789473684,nan,nan,1.0,30,30,curv,5,0.5,0.1
auc,22,20,0,,True,0.5,0,0.0,1.0,7.783632927698569,0.9221636707230143,172.0573247790608,6.158997681783368,0.2137419923448247,0.3258867028419118,147,19.900000000000002,20.0,300,19.677628225041225,17.61426228177397,7.506666637103383e-06,7.777450118188175,0.0,2.506802721088435,3.5238095238095237,nan,nan,1.0,30,30,curv,5,0.5,0.1
auc,23,20,0,,True,0.5,0,0.0,1.0,10.717644223159372,0.8928235577684063,160.38853276983315,7.307184510658418,0.1643487029761329,0.2401626942473886,135,19.1,20.0,289,19.944277437881887,18.594012988585728,7.337024147383817e-06,7.856216401541079,0.0,3.2364197530864196,4.051851851851852,nan,nan,1.0,30,30,curv,5,0.5,0.1
auc,24,20,0,,True,0.5,0,0.0,1.0,11.80733726562333,0.8819266273437667,168.50524597034425,9.543126269432603,0.21293441393099988,0.3211884555563279,157,20.900000000000002,20.0,310,19.364552770278056,17.671890528794986,7.248064608692432e-06,7.899175008436237,0.0,6.070063694267516,6.630573248407643,nan,nan,1.0,30,30,curv,5,0.5,0.1
auc,25,20,0,,True,0.5,0,0.0,1.0,6.042585951194324,0.9395741404880568,173.63258920616923,7.979211922876246,0.19117518604511674,0.3140722857104325,172,22.8,20.0,329,19.257150564830706,17.27103356002619,6.845592760242448e-06,7.75342910021025,0.0,2.0906007751937983,2.75,nan,nan,1.0,30,30,curv,5,0.5,0.1
auc,26,20,0,,True,0.5,0,0.0,1.0,9.481746689773018,0.9051825331022698,171.77249435763972,7.395958156673461,0.24552061816507686,0.3448770687045053,155,20.1,20.0,303,19.112433706801596,16.47437392474714,7.143894324952079e-06,7.838394860232922,0.0,3.0817204301075267,3.6580645161290324,nan,nan,1.0,30,30,curv,5,0.5,0.1
auc,27,20,0,,True,0.5,0,0.0,1.0,9.675158969301556,0.9032484103069844,165.73345504028657,9.129814041435365,0.1422813323442277,0.22785576519064046,156,20.700000000000003,20.0,307,19.79131409724381,18.807504677895146,7.004560389842668e-06,7.876425993034079,0.0,3.0202991452991452,3.5,nan,nan,1.0,30,30,curv,5,0.5,0.1
auc,28,20,0,,True,0.5,0,0.0,1.0,8.786802311733199,0.912131976882668,175.4685333807091,9.335506741043393,0.23040865354247062,0.2956945901985615,136,19.8,20.0,294,19.826967283852532,18.39993546279495,7.092516900885211e-06,7.828448444503445,0.0,2.613970588235294,3.2941176470588234,nan,nan,1.0,30,30,curv,5,0.5,0.1
auc,29,20,0,,True,0.5,0,0.0,1.0,9.54126507859695,0.9045873492140305,170.49273723628087,8.8765916457245,0.1984878404676388,0.27774941366571226,161,21.5,20.0,317,19.533264889741098,17.89013214256986,7.0100945016782e-06,7.85958220122282,0.0,5.298136645962733,6.3229813664596275,nan,nan,1.0,30,30,curv,5,0.5,0.1
auc,30,20,0,,True,0.5,0,0.0,1.0,6.77096242497095,0.9322903757502905,184.3623248399353,8.89823758409269,0.23103665938073026,0.30467742550157506,164,21.1,20.0,313,19.666526591522626,18.105142081888715,6.810862607915496e-06,7.771787088228595,0.0,2.6107723577235773,3.567073170731707,nan,nan,1.0,30,30,curv,5,0.5,0.1
auc,1,20,0,,True,0.5,0,0.0,1.0,9.587355223501493,0.9041264477649851,178.84969512703324,8.187135740056435,0.19069990574919699,0.2505352389543911,136,19.700000000000003,20.0,289,20.049285909677533,18.7564736593313,7.056747424713526e-06,7.81432784547945,0.0,3.476102941176471,4.5588235294117645,nan,nan,1.0,30,30,curv,5,0.75,0.15000000000000002
auc,2,20,0,,True,0.5,0,0.0,1.0,9.806921686406389,0.9019307831359361,170.65268291208366,6.929193358741448,0.2359988706060216,0.35931054441856564,158,20.6,20.0,307,19.432592071237753,17.652135327831505,7.283387575617079e-06,7.795031443727833,0.0,4.233122362869198,4.60126582278481,nan,nan,1.0,30,30,curv,5,0.75,0.15000000000000002
auc,3,20,0,,True,0.5,0,0.0,1.0,9.466089526462017,0.9053391047353798,169.68189948234888,10.0,0.13743108519330274,0.21595778823783368,165,21.700000000000003,20.0,318,19.621495035281047,18.635617891493656,6.768553380110541e-06,7.86780063988987,0.0,3.0202020202020203,3.787878787878788,nan,nan,1.0,30,30,curv,5,0.75,0.15000000000000002
auc,4,20,0,,True,0.5,0,0.0,1.0,8.966906964201337,0.9103309303579866,172.01296266732484,6.995565928060085,0.3006133017552749,0.44466668062638176,181,22.3,20.0,336,18.421184069395398,15.250186761105457,7.051190528900839e-06,7.738258531918317,0.0,3.1721915285451194,3.5801104972375692,nan,nan,1.0,30,30,curv,5,0.75,0.15000000000000002
auc,5,20,0,,True,0.5,0,0.0,1.0,9.409388399059937,0.9059061160094006,164.03000602254667,9.957446535446664,0.14417404334055228,0.2437925070529019,153,20.3,20.0,304,19.461639060266222,18.287310054993227,6.915789395191639e-06,7.842045683538608,0.0,2.5599128540305007,3.084967320261438,nan,nan,1.0,30,30,curv,5,0.75,0.15000000000000002
auc,6,20,0,,True,0.5,0,0.0,1.0,8.898360575412312,0.9110163942458769,170.54247934076898,7.765901769584442,0.20057491776303535,0.32163531808542817,150,20.200000000000003,20.0,303,19.63340724786229,17.68519403979407,7.191419139140971e-06,7.788558365889339,0.0,2.451111111111111,3.2266666666666666,nan,nan,1.0,30,30,curv,5,0.75,0.15000000000000002
auc,7,20,0,,True,0.5,0,0.0,1.0,9.920268782252151,0.9007973121774785,181.68810744115626,8.891912269485037,0.23128146183822312,0.28312736025032725,145,20.6,20.0,307,20.050141502503212,18.866283021218724,6.892508082963975e-06,7.77867179124443,0.0,3.0045977011494256,3.56551724137931,nan,nan,1.0,30,30,curv,5,0.75,0.15000000000000002
auc,8,20,0,,True,0.5,0,0.0,1.0,10.416579205954301,0.895834207940457,179.95068364754772,8.278302846954151,0.20240771395943016,0.2624238777529388,141,20.6,20.0,298,20.144702399827914,18.943014507196462,7.231879264765556e-06,7.812812985965727,0.0,3.882978723404255,5.120567375886525,nan,nan,1.0,30,30,curv,5,0.75,0.15000000000000002
auc,9,20,0,,True,0.5,0,0.0,1.0,7.647829422319097,0.923521705776809,171.6788168112901,6.958887775856229,0.2100496605562923,0.3199089731793807,157,20.6,20.0,309,19.225538390706067,16.831530104599803,7.040776871540358e-06,7.797207486646349,0.0,2.357749469214437,3.3184713375796178,nan,nan,1.0,30,30,curv,5,0.75,0.15000000000000002
auc,10,20,0,,True,0.5,0,0.0,1.0,8.455935836207507,0.9154406416379249,171.23751434852542,8.01391187669916,0.22690379237425412,0.32026129645699625,153,19.900000000000002,20.0,301,19.61349232600143,17.985302725951776,7.1518273358511745e-06,7.807843206956246,0.0,2.139433551198257,2.6470588235294117,nan,nan,1.0,30,30,curv,5,0.75,0.15000000000000002
auc,11,20,0,,True,0.5,0,0.0,1.0,9.010248518306874,0.9098975148169313,171.18334939326863,9.032310365793446,0.18469715936828277,0.27491502090847564,155,21.400000000000002,20.0,311,19.368952787929896,17.395799752535577,7.049517752920873e-06,7.82599111056207,0.0,3.161290322580645,4.064516129032258,nan,nan,1.0,30,30,curv,5,0.75,0.15000000000000002
auc,12,20,0,,True,0.5,0,0.0,1.0,11.220484121384434,0.8877951587861557,167.45698136386477,8.277471981516884,0.19039594533906776,0.2573458902345042,151,21.1,20.0,304,19.870289337198844,18.47672072784763,6.898684241126543e-06,7.841532013522591,0.0,4.321192052980132,4.490066225165563,nan,nan,1.0,30,30,curv,5,0.75,0.15000000000000002
auc,13,20,0,,True,0.5,0,0.0,1.0,7.363778922042941,0.9263622107795706,170.7248410794462,8.111784075101252,0.19250772825232676,0.3263989951014443,158,22.1,20.0,322,19.04703797692091,17.1418462750934,6.795341669316461e-06,7.7203896120013775,0.0,2.70042194092827,3.607594936708861,nan,nan,1.0,30,30,curv,5,0.75,0.15000000000000002
auc,14,20,0,,True,0.5,0,0.0,1.0,11.166783606263497,0.888332163937365,163.20179108233228,7.9240406728929,0.17476619851683547,0.23529287590232295,145,19.8,20.0,295,19.886205909767643,18.778779222775285,7.140338906753903e-06,7.815864815474869,0.0,2.938505747126437,3.8551724137931034,nan,nan,1.0,30,30,curv,5,0.75,0.15000000000000002
auc,15,20,0,,True,0.5,0,0.0,1.0,10.445273124986032,0.8955472687501397,168.25837915316075,9.19706623710927,0.19343378995488575,0.28420823820487867,142,20.0,20.0,300,20.05066723472193,18.53058931038907,7.02866657472138e-06,7.896489537920664,0.0,4.204225352112676,5.26056338028169,nan,nan,1.0,30,30,curv,5,0.75,0.15000000000000002
auc,16,20,0,,True,0.5,0,0.0,1.0,8.6727972599839,0.913272027400161,180.12109772026298,8.727549799883116,0.2536800382370109,0.3097105006615024,146,19.200000000000003,20.0,292,19.924806721352194,18.542637578754288,7.1996574872970734e-06,7.836726532168553,0.0,2.881278538812785,3.4863013698630136,nan,nan,1.0,30,30,curv,5,0.75,0.15000000000000002
auc,17,20,0,,True,0.5,0,0.0,1.0,8.862246239517269,0.9113775376048273,176.8577420355783,8.263616105052124,0.21345830741384206,0.27560748940798746,145,19.3,20.0,295,20.04403309172852,19.0068982921785,7.0098305359814254e-06,7.821009941167244,0.0,3.6551724137931036,4.63448275862069,nan,nan,1.0,30,30,curv,5,0.75,0.15000000000000002
auc,18,20,0,,True,0.5,0,0.0,1.0,9.875568973257353,0.9012443102674265,178.58030070844342,8.50582662804326,0.20768279042449658,0.2878603679416992,149,19.400000000000002,20.0,294,19.705254964688297,18.0281874355016,7.07244900547025e-06,7.851818753508448,0.0,5.225391498881432,6.429530201342282,nan,nan,1.0,30,30,curv,5,0.75,0.15000000000000002
auc,19,20,0,,True,0.5,0,0.0,1.0,6.268449665343201,0.937315503346568,182.1775514528693,10.0,0.24628068762728986,0.32882843021345454,163,20.900000000000002,20.0,311,19.678243618324053,17.595997503779085,6.767524130435787e-06,7.788333921341327,0.0,2.602249488752556,3.2883435582822087,nan,nan,1.0,30,30,curv,5,0.75,0.15000000000000002
auc,20,20,0,,True,0.5,0,0.0,1.0,9.351915145696532,0.9064808485430347,166.9318084422857,7.994599014019486,0.1654684436702527,0.24198613109119133,134,18.5,20.0,284,19.976025809985853,18.61083923445738,7.427112700177428e-06,7.824520347535192,0.0,3.006840796019901,4.029850746268656,nan,nan,1.0,30,30,curv,5,0.75,0.15000000000000002
auc,21,20,0,,True,0.5,0,0.0,1.0,8.585775580293308,0.9141422441970669,167.42527498365865,8.662132671183278,0.17875218195444598,0.2898150955766874,152,20.0,20.0,300,19.734816646182892,18.033768843125713,7.170666625218776e-06,7.826737358381694,0.0,2.5,3.151315789473684,nan,nan,1.0,30,30,curv,5,0.75,0.15000000000000002
auc,22,20,0,,True,0.5,0,0.0,1.0,7.78772509729685,0.9221227490270315,172.20516637650866,6.1833915352142075,0.21521506571685636,0.3267275832215808,147,19.900000000000002,20.0,300,19.672589962824805,17.62119553581973,7.364666671492159e-06,7.776168973890345,0.0,2.510204081632653,3.5238095238095237,nan,nan,1.0,30,30,curv,5,0.75,0.15000000000000002
auc,23,20,0,,True,0.5,0,0.0,1.0,10.59410856184323,0.8940589143815677,160.59138911886208,7.414873984135528,0.16436070677984468,0.2393779378074269,135,19.1,20.0,289,19.942665418223893,18.594012988585728,7.31730097745687e-06,7.8569054078723015,0.0,3.229012345679012,4.029629629629629,nan,nan,1.0,30,30,curv,5,0.75,0.15000000000000002
auc,24,20,0,,True,0.5,0,0.0,1.0,11.807319580520414,0.8819268041947959,168.5052874941158,9.519637725904401,0.21293440157571655,0.3211884202182282,157,20.900000000000002,20.0,310,19.364553446249506,17.671891216773904,7.207419255263953e-06,7.898742004119922,0.0,6.085987261146497,6.643312101910828,nan,nan,1.0,30,30,curv,5,0.75,0.15000000000000002
auc,25,20,0,,True,0.5,0,0.0,1.0,6.046799024095684,0.9395320097590432,173.68672612220308,7.956394569861278,0.1925256499185038,0.31518722115204795,172,22.8,20.0,329,19.25626065271408,17.271473741669116,6.774771983535695e-06,7.75307832595795,0.0,2.0906007751937983,2.75,nan,nan,1.0,30,30,curv,5,0.75,0.15000000000000002
auc,26,20,0,,True,0.5,0,0.0,1.0,9.476747533236606,0.9052325246676339,171.62561710110955,7.424633175607202,0.2460534117537546,0.3451665971641027,155,20.1,20.0,303,19.114190388478498,16.47507054449988,7.124092386076503e-06,7.838117432476135,0.0,3.076344086021505,3.6580645161290324,nan,nan,1.0,30,30,curv,5,0.75,0.15000000000000002
auc,27,20,0,,True,0.5,0,0.0,1.0,9.675158969301556,0.9032484103069844,165.73345504028657,9.129814041435365,0.1422813323442277,0.22785576519064046,156,20.700000000000003,20.0,307,19.79131409724381,18.807504677895146,6.934527662493204e-06,7.875940189316647,0.0,3.0202991452991452,3.5,nan,nan,1.0,30,30,curv,5,0.75,0.15000000000000002
auc,28,20,0,,True,0.5,0,0.0,1.0,8.781816327921653,0.9121818367207835,175.63208852879416,9.371340814149093,0.23101491827807183,0.2960702412307181,136,19.8,20.0,294,19.828555849467612,18.39993546279495,7.0408161115423985e-06,7.8275201307166045,0.0,2.633578431372549,3.3308823529411766,nan,nan,1.0,30,30,curv,5,0.75,0.15000000000000002
auc,29,20,0,,True,0.5,0,0.0,1.0,9.53852342715047,0.9046147657284953,170.4728149168087,8.901024953914527,0.19825411759618636,0.27745473645557084,161,21.5,20.0,317,19.533457834575557,17.8897135379187,7.002208212868689e-06,7.859184710779463,0.0,5.298136645962733,6.3229813664596275,nan,nan,1.0,30,30,curv,5,0.75,0.15000000000000002
auc,30,20,0,,True,0.5,0,0.0,1.0,7.308400673084659,0.9269159932691534,184.80704759073603,9.668749911006298,0.21874466706132098,0.29230852239885047,163,21.1,20.0,313,19.78261912092727,18.28710752813868,6.817891427052442e-06,7.7734050468110665,0.0,2.7740286298568506,3.7300613496932513,nan,nan,1.0,30,30,curv,5,0.75,0.15000000000000002
auc,1,20,0,,True,0.5,0,0.0,1.0,9.586835124858107,0.9041316487514189,178.8126513026955,8.187135740056435,0.19114511122864908,0.2509927449404233,136,19.700000000000003,20.0,289,20.05115646805317,18.757285842072417,7.071626279684377e-06,7.814008466099244,0.0,3.4742647058823533,4.5588235294117645,nan,nan,1.0,30,30,curv,5,1.0,0.2
auc,2,20,0,,True,0.5,0,0.0,1.0,9.806921686406389,0.9019307831359361,170.65268291208366,6.929193358741448,0.2359988706060216,0.35931054441856564,158,20.6,20.0,307,19.432592071237753,17.652135327831505,7.171987094999828e-06,7.7946111393553155,0.0,4.233122362869198,4.60126582278481,nan,nan,1.0,30,30,curv,5,1.0,0.2
auc,3,20,0,,True,0.5,0,0.0,1.0,9.496822679256434,0.9050317732074357,169.30154488989996,10.0,0.13910575717979795,0.21726879507630345,165,21.700000000000003,20.0,318,19.625831812434882,18.635617891493656,6.766981098294967e-06,7.866286592740914,0.0,2.902020202020202,3.6606060606060606,nan,nan,1.0,30,30,curv,5,1.0,0.2
auc,4,20,0,,True,0.5,0,0.0,1.0,8.962895759431333,0.9103710424056867,172.009138690258,6.995565928060085,0.3005810436907588,0.4446267794322749,181,22.3,20.0,336,18.420467869928377,15.248662097428328,6.901785787877521e-06,7.737924218803046,0.0,3.1721915285451194,3.5801104972375692,nan,nan,1.0,30,30,curv,5,1.0,0.2
auc,5,20,0,,True,0.5,0,0.0,1.0,9.409350000891692,0.9059064999910831,164.0300766100102,9.927322461848517,0.14417404334055228,0.2437925070529019,153,20.3,20.0,304,19.461639060266222,18.287310054993227,6.887170875894586e-06,7.841818266885154,0.0,2.5599128540305007,3.084967320261438,nan,nan,1.0,30,30,curv,5,1.0,0.2
auc,6,20,0,,True,0.5,0,0.0,1.0,8.89786032231228,0.9110213967768772,170.53703979065966,7.764655872606423,0.20054132690645388,0.32157787220166467,150,20.200000000000003,20.0,303,19.633515723931744,17.685194044772203,7.44752467071281e-06,7.788389277223786,0.0,2.451111111111111,3.2266666666666666,nan,nan,1.0,30,30,curv,5,1.0,0.2
auc,7,20,0,,True,0.5,0,0.0,1.0,9.774455757741606,0.9022554424225839,181.96067031714844,8.958026754820025,0.23296357649665045,0.2837511048247989,145,20.6,20.0,307,20.05287748368762,18.866283021218724,6.9087946978784455e-06,7.7784049136967575,0.0,3.1011494252873564,3.7448275862068967,nan,nan,1.0,30,30,curv,5,1.0,0.2
auc,8,20,0,,True,0.5,0,0.0,1.0,10.418728007037792,0.8958127199296221,180.14116798893815,8.26384030722736,0.20312550423391268,0.2628521208392882,141,20.6,20.0,298,20.146145776637187,18.943014507196462,7.076174455469056e-06,7.811990881660625,0.0,3.882978723404255,5.120567375886525,nan,nan,1.0,30,30,curv,5,1.0,0.2
auc,9,20,0,,True,0.5,0,0.0,1.0,7.649054868259652,0.9235094513174035,171.66468258466148,6.993607560899634,0.2100828787330719,0.3199556871221989,157,20.6,20.0,309,19.223963997250433,16.831530104599803,7.0715211714244175e-06,7.796774442486219,0.0,2.357749469214437,3.3184713375796178,nan,nan,1.0,30,30,curv,5,1.0,0.2
auc,10,20,0,,True,0.5,0,0.0,1.0,7.709927490223423,0.9229007250977658,172.5480300009993,7.964619676464885,0.2272072334111689,0.32080300908792736,152,19.900000000000002,20.0,301,19.61572453492759,17.9853021473882,7.1362125385820284e-06,7.80096138083475,0.0,1.944078947368421,2.4210526315789473,nan,nan,1.0,30,30,curv,5,1.0,0.2
auc,11,20,0,,True,0.5,0,0.0,1.0,9.044965941111771,0.9095503405888823,171.18711391844644,8.947602865002391,0.18429340427172747,0.2744164252704715,155,21.400000000000002,20.0,311,19.372387637417056,17.395799752535577,7.009646464404994e-06,7.826072461526874,0.0,3.0951612903225807,4.012903225806451,nan,nan,1.0,30,30,curv,5,1.0,0.2
auc,12,20,0,,True,0.5,0,0.0,1.0,11.221058599993029,0.8877894140000697,167.4550674212678,8.2657390885073,0.1903283092213809,0.2573064639399551,151,21.1,20.0,304,19.870229869809997,18.47672072784763,6.942763081353501e-06,7.8406846081814265,0.0,4.321192052980132,4.490066225165563,nan,nan,1.0,30,30,curv,5,1.0,0.2
auc,13,20,0,,True,0.5,0,0.0,1.0,7.33603383880671,0.9266396616119329,170.79708477982234,8.111400016175148,0.19266711586664795,0.32648650124193707,158,22.1,20.0,322,19.048237080419227,17.1418462750934,6.835093140665019e-06,7.720153640281912,0.0,2.6951476793248945,3.607594936708861,nan,nan,1.0,30,30,curv,5,1.0,0.2
auc,14,20,0,,True,0.5,0,0.0,1.0,11.17221973653617,0.8882778026346383,163.10257691573253,7.8862850919269185,0.1752053877060245,0.23618855761379132,145,19.700000000000003,20.0,295,19.88219147628682,18.769515100739284,7.1057627792470155e-06,7.814164319893776,0.0,2.947701149425287,3.8551724137931034,nan,nan,1.0,30,30,curv,5,1.0,0.2
auc,15,20,0,,True,0.5,0,0.0,1.0,10.445273124986032,0.8955472687501397,168.25837915316075,9.22945181654962,0.19343378995488575,0.28420823820487867,142,20.0,20.0,300,20.05066723472193,18.53058931038907,6.95766667680194e-06,7.896129201333548,0.0,4.204225352112676,5.26056338028169,nan,nan,1.0,30,30,curv,5,1.0,0.2
auc,16,20,0,,True,0.5,0,0.0,1.0,8.676620069184937,0.9132337993081506,180.03943898252797,8.777615557003715,0.2538531684309168,0.3106872219752027,146,19.200000000000003,20.0,292,19.92464543991254,18.542637578754288,7.053767036916114e-06,7.836489536799627,0.0,2.8801369863013697,3.4863013698630136,nan,nan,1.0,30,30,curv,5,1.0,0.2
auc,17,20,0,,True,0.5,0,0.0,1.0,8.863704958783348,0.9113629504121665,176.8688291718449,8.259280909501483,0.21363179804534796,0.27573964945761137,145,19.3,20.0,295,20.04414285233264,19.0068982921785,7.0122033244164625e-06,7.820033742972065,0.0,3.6551724137931036,4.63448275862069,nan,nan,1.0,30,30,curv,5,1.0,0.2
auc,18,20,0,,True,0.5,0,0.0,1.0,9.875568973257353,0.9012443102674265,178.58030070844342,8.50582662804326,0.20768279042449658,0.2878603679416992,149,19.400000000000002,20.0,294,19.705254964688297,18.0281874355016,7.015646346820974e-06,7.851522414787117,0.0,5.225391498881432,6.429530201342282,nan,nan,1.0,30,30,curv,5,1.0,0.2
auc,19,20,0,,True,0.5,0,0.0,1.0,6.268449665343201,0.937315503346568,182.1775514528693,10.0,0.24628068762728986,0.32882843021345454,163,20.900000000000002,20.0,311,19.678243618324053,17.595997503779085,6.928617353015804e-06,7.787657539735048,0.0,2.602249488752556,3.2883435582822087,nan,nan,1.0,30,30,curv,5,1.0,0.2
auc,20,20,0,,True,0.5,0,0.0,1.0,9.34878234970884,0.9065121765029116,166.92218127113443,7.994599014019486,0.16526408375088183,0.24188758668691926,134,18.5,20.0,284,19.976025844578324,18.6108393607787,7.432042225509961e-06,7.8240854688877794,0.0,2.958333333333334,3.925373134328358,nan,nan,1.0,30,30,curv,5,1.0,0.2
auc,21,20,0,,True,0.5,0,0.0,1.0,8.53937741216132,0.9146062258783868,167.62102907870704,8.76301932390351,0.1805107136342868,0.29151090603320123,152,20.0,20.0,300,19.75125437578717,18.031977469270387,7.217999918793794e-06,7.823233043209248,0.0,2.5032894736842106,3.151315789473684,nan,nan,1.0,30,30,curv,5,1.0,0.2
auc,22,20,0,,True,0.5,0,0.0,1.0,7.789374369804547,0.9221062563019545,172.18312421223234,6.170644224317078,0.21551718052048172,0.3269792017303749,147,19.900000000000002,20.0,300,19.67319965812671,17.62119553581973,7.385000074767352e-06,7.775964383245361,0.0,2.510204081632653,3.5238095238095237,nan,nan,1.0,30,30,curv,5,1.0,0.2
auc,23,20,0,,True,0.5,0,0.0,1.0,10.612618763445225,0.8938738123655477,160.71251337638657,7.462860809017316,0.16281188523102327,0.23710255592203414,135,19.1,20.0,289,19.935989409331338,18.594012988585728,7.238408209631948e-06,7.85608640865392,0.0,3.2364197530864196,4.037037037037037,nan,nan,1.0,30,30,curv,5,1.0,0.2
auc,24,20,0,,True,0.5,0,0.0,1.0,11.807320633583752,0.8819267936641625,168.50528709974327,9.519637725904401,0.21293439825518662,0.32118841065995735,157,20.900000000000002,20.0,310,19.364553580987067,17.671891353454924,7.158709641155456e-06,7.898278405053789,0.0,6.085987261146497,6.643312101910828,nan,nan,1.0,30,30,curv,5,1.0,0.2
auc,25,20,0,,True,0.5,0,0.0,1.0,6.976155249017413,0.9302384475098259,172.08270618310272,8.414469614511946,0.18766706651178208,0.3118310257815427,172,22.8,20.0,329,19.229957560544847,17.27485265655393,6.897872329160916e-06,7.768177981466347,0.0,2.2761627906976742,2.86046511627907,nan,nan,1.0,30,30,curv,5,1.0,0.2
auc,26,20,0,,True,0.5,0,0.0,1.0,9.479629500716058,0.9052037049928394,171.59593553345937,7.343726877258726,0.24611998357702225,0.3452629974144419,155,20.1,20.0,303,19.116136864443522,16.479997571705493,7.143894445017386e-06,7.837822358662884,0.0,3.076344086021505,3.6580645161290324,nan,nan,1.0,30,30,curv,5,1.0,0.2
auc,27,20,0,,True,0.5,0,0.0,1.0,9.676416582346059,0.9032358341765394,165.69344697327017,9.125358974590084,0.142010879335438,0.22785576519064044,156,20.700000000000003,20.0,307,19.791114172973234,18.807504677895146,6.868729649126038e-06,7.875583408293105,0.0,3.0202991452991452,3.5,nan,nan,1.0,30,30,curv,5,1.0,0.2
auc,28,20,0,,True,0.5,0,0.0,1.0,8.781872999163909,0.9121812700083609,175.66657243873877,9.403833884654052,0.23108228102647188,0.29613849022282757,136,19.8,20.0,294,19.827302712032655,18.39993546279495,7.008163247148184e-06,7.8267736155486345,0.0,2.633578431372549,3.3308823529411766,nan,nan,1.0,30,30,curv,5,1.0,0.2
auc,29,20,0,,True,0.5,0,0.0,1.0,9.538848459353622,0.9046115154064638,170.47575006002074,8.876066606895801,0.19832089050377918,0.2775630055458289,161,21.5,20.0,317,19.53356556676377,17.88971301412252,6.94637216984923e-06,7.858743639762797,0.0,5.298136645962733,6.3229813664596275,nan,nan,1.0,30,30,curv,5,1.0,0.2
auc,30,20,0,,True,0.5,0,0.0,1.0,7.765458827880223,0.9223454117211978,182.70197081906318,10.0,0.2165624690331604,0.2906543856805542,163,21.1,20.0,313,19.787003890613555,18.287545194856495,6.7904151562518015e-06,7.780525984949885,0.0,2.723926380368098,3.3006134969325154,nan,nan,1.0,30,30,curv,5,1.0,0.2
auc,1,20,0,,True,0.5,0,0.0,1.0,9.589814253182583,0.9041018574681742,178.849367845478,8.070169870043133,0.1909053852012518,0.2506445700159527,136,19.700000000000003,20.0,289,20.05241801023349,18.757630402244693,7.143944628161272e-06,7.812235169494074,0.0,3.476102941176471,4.5588235294117645,nan,nan,1.0,30,30,curv,5,1.5,0.30000000000000004
auc,2,20,0,,True,0.5,0,0.0,1.0,9.806921686406389,0.9019307831359361,170.65268291208366,6.929193358741448,0.2359988706060216,0.35931054441856564,158,20.6,20.0,307,19.432592071237753,17.652135327831505,7.247231351416437e-06,7.7937705306102805,0.0,4.233122362869198,4.60126582278481,nan,nan,1.0,30,30,curv,5,1.5,0.30000000000000004
auc,3,20,0,,True,0.5,0,0.0,1.0,9.496033002007065,0.9050396699799294,169.31858677458726,10.0,0.1390055233007468,0.21729186064326902,165,21.700000000000003,20.0,318,19.62502756023547,18.635617891493656,6.755660257376174e-06,7.865647753058271,0.0,2.902020202020202,3.6606060606060606,nan,nan,1.0,30,30,curv,5,1.5,0.30000000000000004
auc,4,20,0,,True,0.5,0,0.0,1.0,9.001899639188938,0.9099810036081106,169.88927769350335,7.561150975930221,0.2974646332068039,0.4412628770571405,185,23.0,20.0,339,18.226062817777173,15.314312490670549,6.9064896483871275e-06,7.768415943197555,0.0,3.1468468468468465,3.5513513513513515,nan,nan,1.0,30,30,curv,5,1.5,0.30000000000000004
auc,5,20,0,,True,0.5,0,0.0,1.0,9.409361853956256,0.9059063814604374,164.030056268644,9.913551892830109,0.14417404131615014,0.24379249574781744,153,20.3,20.0,304,19.4616391442486,18.287310051864218,6.862500138020933e-06,7.8413532367410905,0.0,2.5599128540305007,3.084967320261438,nan,nan,1.0,30,30,curv,5,1.5,0.30000000000000004
auc,6,20,0,,True,0.5,0,0.0,1.0,8.897570926948696,0.911024290730513,170.53762628700449,7.750884136201461,0.20040695639564282,0.32150473411110975,150,20.200000000000003,20.0,303,19.633552216187407,17.685195322367576,7.1884490356115135e-06,7.7879334082908,0.0,2.451111111111111,3.2266666666666666,nan,nan,1.0,30,30,curv,5,1.5,0.30000000000000004
auc,7,20,0,,True,0.5,0,0.0,1.0,8.9862070421041,0.910137929578959,181.662247457072,9.10611231552684,0.2315687472846458,0.28454730107004755,145,20.6,20.0,307,20.05721660724808,18.866283021218724,6.780130408058877e-06,7.8018705353861035,0.0,2.719540229885058,3.0620689655172413,nan,nan,1.0,30,30,curv,5,1.5,0.30000000000000004
auc,8,20,0,,True,0.5,0,0.0,1.0,10.181175213676097,0.898188247863239,181.99411862232833,8.26384030722736,0.20947579443534634,0.26919212903130885,140,20.6,20.0,298,20.145875856832074,18.943014507196462,7.18288588389948e-06,7.796380784969157,0.0,3.4107142857142856,4.214285714285714,nan,nan,1.0,30,30,curv,5,1.5,0.30000000000000004
auc,9,20,0,,True,0.5,0,0.0,1.0,7.797087227648014,0.9220291277235199,169.01450964591376,7.09897599762879,0.2040004832453175,0.31694541364920314,157,20.6,20.0,309,19.22321793103629,16.829685412627363,6.977669830365456e-06,7.801149211574665,0.0,2.024416135881104,2.662420382165605,nan,nan,1.0,30,30,curv,5,1.5,0.30000000000000004
auc,10,20,0,,True,0.5,0,0.0,1.0,7.765080947379433,0.9223491905262057,172.83674621942424,7.752510427422478,0.22755367767201576,0.3212772866963965,152,19.900000000000002,20.0,301,19.61304096232818,17.9853021473882,7.0481727262719095e-06,7.800662042000249,0.0,2.0252192982456143,2.598684210526316,nan,nan,1.0,30,30,curv,5,1.5,0.30000000000000004
auc,11,20,0,,True,0.5,0,0.0,1.0,9.075370393954152,0.9092462960604585,171.20703894388487,8.947007240295621,0.18422171713456287,0.27440147085029254,155,21.400000000000002,20.0,311,19.374725596446602,17.395799752535577,6.9340834805107046e-06,7.8253984524602185,0.0,3.082258064516129,3.9935483870967743,nan,nan,1.0,30,30,curv,5,1.5,0.30000000000000004
auc,12,20,0,,True,0.5,0,0.0,1.0,11.862032962831071,0.8813796703716893,166.081403847689,8.483476032938615,0.18876507965063372,0.25599609018487657,153,21.1,20.0,308,19.870169047535903,18.476483761022987,6.8142857722327255e-06,7.845522117084659,0.0,4.676470588235294,4.993464052287582,nan,nan,1.0,30,30,curv,5,1.5,0.30000000000000004
auc,13,20,0,,True,0.5,0,0.0,1.0,7.281279432005028,0.9271872056799497,170.17456334748871,8.293191933996686,0.19043992642796864,0.3240602011950054,158,22.1,20.0,322,19.053547220056863,17.157449052273332,6.786956376723673e-06,7.723332926875441,0.0,2.550632911392405,2.9936708860759493,nan,nan,1.0,30,30,curv,5,1.5,0.30000000000000004
auc,14,20,0,,True,0.5,0,0.0,1.0,11.095355057591604,0.889046449424084,163.21494645779848,7.884369302948124,0.17479998230061908,0.2362171633501612,145,19.700000000000003,20.0,295,19.883961894415854,18.769515100739284,7.071186380433235e-06,7.812169487903554,0.0,2.943103448275862,3.8551724137931034,nan,nan,1.0,30,30,curv,5,1.5,0.30000000000000004
auc,15,20,0,,True,0.5,0,0.0,1.0,10.44527327135919,0.8955472672864081,168.25837884138346,9.22945181654962,0.19343378995488575,0.28420823820487867,142,20.0,20.0,300,20.05066723472193,18.53058931038907,6.9363334963175776e-06,7.895408175779914,0.0,4.204225352112676,5.26056338028169,nan,nan,1.0,30,30,curv,5,1.5,0.30000000000000004
auc,16,20,0,,True,0.5,0,0.0,1.0,8.676620069184937,0.9132337993081506,180.03943898252797,8.777615557003715,0.2538531684309168,0.3106872219752027,146,19.200000000000003,20.0,292,19.92464543991254,18.542637578754288,7.046232882477279e-06,7.835626779759239,0.0,2.8801369863013697,3.4863013698630136,nan,nan,1.0,30,30,curv,5,1.5,0.30000000000000004
auc,17,20,0,,True,0.5,0,0.0,1.0,8.864388710392923,0.9113561128960708,176.8888911316868,8.183423664873471,0.21370119429795023,0.2759157643858895,145,19.3,20.0,295,20.04410954367239,19.0068982921785,7.093559419815192e-06,7.8187475386834135,0.0,3.6609195402298855,4.641379310344828,nan,nan,1.0,30,30,curv,5,1.5,0.30000000000000004
auc,18,20,0,,True,0.5,0,0.0,1.0,9.885292234491672,0.9011470776550833,178.5177025009893,8.474324311421057,0.20675898425240444,0.28661492861429033,149,19.400000000000002,20.0,294,19.710602181608046,18.02880120839468,7.040816519886959e-06,7.851853313794056,0.0,5.225391498881432,6.429530201342282,nan,nan,1.0,30,30,curv,5,1.5,0.30000000000000004
auc,19,20,0,,True,0.5,0,0.0,1.0,6.2685226631927655,0.9373147733680723,182.17737235235646,10.0,0.24628068762728986,0.32882843021345454,163,20.900000000000002,20.0,311,19.678243618324053,17.595997503779085,6.773954918896301e-06,7.786297149463583,0.0,2.602249488752556,3.2883435582822087,nan,nan,1.0,30,30,curv,5,1.5,0.30000000000000004
auc,20,20,0,,True,0.5,0,0.0,1.0,9.394509075345825,0.9060549092465418,166.83411166538556,8.091365657338152,0.16488942435033682,0.241584657682466,135,18.5,20.0,284,19.97597576508707,18.6108393607787,7.4063379965799625e-06,7.823294830789558,0.0,2.912345679012346,3.837037037037037,nan,nan,1.0,30,30,curv,5,1.5,0.30000000000000004
auc,21,20,0,,True,0.5,0,0.0,1.0,8.581543295365313,0.9141845670463469,167.54777861591467,8.794708715232227,0.18047715774781284,0.2913901769469948,152,20.0,20.0,300,19.75166712037532,18.032039714533195,7.166000007903979e-06,7.8217236471523455,0.0,2.5065789473684212,3.151315789473684,nan,nan,1.0,30,30,curv,5,1.5,0.30000000000000004
auc,22,20,0,,True,0.5,0,0.0,1.0,7.090872239465762,0.9290912776053424,174.61033551893502,6.517916444217364,0.21756965155302296,0.3276397738651743,147,19.8,20.0,300,19.66865242501429,17.63931265367827,7.443666630327547e-06,7.7510222223169025,0.0,2.109977324263039,2.761904761904762,nan,nan,1.0,30,30,curv,5,1.5,0.30000000000000004
auc,23,20,0,,True,0.5,0,0.0,1.0,10.54305544361257,0.8945694455638743,160.68293378800487,7.444984804596421,0.16031335771740893,0.23524874253846517,135,19.1,20.0,289,19.929579995027538,18.594012988585728,7.262975757455801e-06,7.853927936401438,0.0,3.2234567901234565,4.022222222222222,nan,nan,1.0,30,30,curv,5,1.5,0.30000000000000004
auc,24,20,0,,True,0.5,0,0.0,1.0,11.807989482699789,0.8819201051730021,168.53333031039597,9.54315909303987,0.21273416290775762,0.3209353792362596,157,20.900000000000002,20.0,310,19.364234145967217,17.6724935958978,7.0716129900369375e-06,7.897859729428035,0.0,6.085987261146497,6.643312101910828,nan,nan,1.0,30,30,curv,5,1.5,0.30000000000000004
auc,25,20,0,,True,0.5,0,0.0,1.0,6.9657089289333225,0.9303429107106668,172.1091145964606,8.41832671711766,0.18779864545915054,0.3118943127474108,172,22.8,20.0,329,19.230175308805357,17.27485265655393,6.825531784043079e-06,7.768275589616963,0.0,2.2761627906976742,2.86046511627907,nan,nan,1.0,30,30,curv,5,1.5,0.30000000000000004
auc,26,20,0,,True,0.5,0,0.0,1.0,9.477924894533807,0.9052207510546619,171.6265178344436,7.335860852233741,0.2461865836436223,0.34527264211093367,155,20.1,20.0,303,19.116142392359496,16.479997571705493,7.13333340454693e-06,7.837069458343055,0.0,3.076344086021505,3.6580645161290324,nan,nan,1.0,30,30,curv,5,1.5,0.30000000000000004
auc,27,20,0,,True,0.5,0,0.0,1.0,9.676416582346059,0.9032358341765394,165.69344697327017,9.125358974590084,0.142010879335438,0.22785576519064044,156,20.700000000000003,20.0,307,19.791114172973234,18.807504677895146,6.871661267539862e-06,7.874613800722271,0.0,3.0202991452991452,3.5,nan,nan,1.0,30,30,curv,5,1.5,0.30000000000000004
auc,28,20,0,,True,0.5,0,0.0,1.0,8.929164895947828,0.9107083510405217,174.09656823973557,9.485106144744424,0.23038818322706003,0.2953330348664318,136,19.8,20.0,294,19.8232628867179,18.39993546279495,7.085374113093891e-06,7.830546592255927,0.0,2.4448529411764706,2.8676470588235294,nan,nan,1.0,30,30,curv,5,1.5,0.30000000000000004
auc,29,20,0,,True,0.5,0,0.0,1.0,9.538162477414769,0.9046183752258523,170.4839103404423,8.875855658034265,0.1984878354119595,0.2776652360602875,161,21.5,20.0,317,19.53389602399464,17.88971301412252,6.999053568810618e-06,7.858077327459036,0.0,5.298136645962733,6.3229813664596275,nan,nan,1.0,30,30,curv,5,1.5,0.30000000000000004
auc,30,20,0,,True,0.5,0,0.0,1.0,7.76392939075251,0.9223607060924749,182.64635142380186,10.0,0.21700813238592,0.29109635069524026,163,21.1,20.0,313,19.787089442606867,18.287545194856495,6.787220569187627e-06,7.780020454564021,0.0,2.723926380368098,3.3006134969325154,nan,nan,1.0,30,30,curv,5,1.5,0.30000000000000004
auc,1,20,0,,True,0.5,0,0.0,1.0,9.585379159205832,0.9041462084079417,178.77553096891248,8.035039754107029,0.19138483725604638,0.25150389127764383,136,19.700000000000003,20.0,289,20.057744212795736,18.75873638373677,7.090311442364078e-06,7.810054658669057,0.0,3.4724264705882355,4.5588235294117645,nan,nan,1.0,30,30,curv,5,2.0,0.4
auc,2,20,0,,True,0.5,0,0.0,1.0,9.806921686406389,0.9019307831359361,170.65268291208366,6.929193358741448,0.2359988706060216,0.35931054441856564,158,20.6,20.0,307,19.432592071237753,17.652135327831505,7.193159586552785e-06,7.792929921865242,0.0,4.233122362869198,4.60126582278481,nan,nan,1.0,30,30,curv,5,2.0,0.4
auc,3,20,0,,True,0.5,0,0.0,1.0,9.497038078164422,0.9050296192183558,169.31286633875726,10.0,0.13897211200772974,0.21720727492304467,165,21.700000000000003,20.0,318,19.625180581049783,18.635617891493656,6.705660563062601e-06,7.8651512899360005,0.0,2.8989898989898992,3.6545454545454548,nan,nan,1.0,30,30,curv,5,2.0,0.4
auc,4,20,0,,True,0.5,0,0.0,1.0,9.000221841403,0.90999778158597,170.30101852868808,7.424064791614794,0.2981790394713194,0.4406514704142574,185,23.0,20.0,339,18.222908541275228,15.322118166632873,7.0017698372179875e-06,7.76760091540381,0.0,3.1549549549549547,3.5513513513513515,nan,nan,1.0,30,30,curv,5,2.0,0.4
auc,5,20,0,,True,0.5,0,0.0,1.0,9.409361853956256,0.9059063814604374,164.030056268644,9.913551892830109,0.14417404131615014,0.24379249574781744,153,20.3,20.0,304,19.4616391442486,18.287310051864218,6.897697403474012e-06,7.840889433390991,0.0,2.5599128540305007,3.084967320261438,nan,nan,1.0,30,30,curv,5,2.0,0.4
auc,6,20,0,,True,0.5,0,0.0,1.0,8.897567163288711,0.9110243283671129,170.53763322215644,7.750884136201461,0.20040695623273938,0.32150473388413764,150,20.200000000000003,20.0,303,19.63355221864534,17.685195318800062,7.106600551736901e-06,7.787433226831982,0.0,2.451111111111111,3.2266666666666666,nan,nan,1.0,30,30,curv,5,2.0,0.4
auc,7,20,0,,True,0.5,0,0.0,1.0,9.102999998167183,0.9089700000183282,183.14949554635987,8.891695219782317,0.2334098518141924,0.28655013866908424,145,20.6,20.0,307,20.060691685520272,18.866190163684188,6.673941349857926e-06,7.798787411141214,0.0,2.9448275862068964,3.56551724137931,nan,nan,1.0,30,30,curv,5,2.0,0.4
auc,8,20,0,,True,0.5,0,0.0,1.0,10.18526506807007,0.8981473493192993,182.019469668144,8.444222921693584,0.20831498869960025,0.2686335021826608,140,20.6,20.0,298,20.144251471066912,18.943014507196462,7.132885759542446e-06,7.796743278668122,0.0,3.3964285714285714,4.2,nan,nan,1.0,30,30,curv,5,2.0,0.4
auc,9,20,0,,True,0.5,0,0.0,1.0,7.699497243674092,0.9230050275632591,171.76802976038104,7.092290896080131,0.21105367537729228,0.3204098099165432,157,20.6,20.0,309,19.22328867723993,16.829685412627363,6.914239621293222e-06,7.794900004545865,0.0,2.368895966029724,3.337579617834395,nan,nan,1.0,30,30,curv,5,2.0,0.4
auc,10,20,0,,True,0.5,0,0.0,1.0,7.718367884876787,0.9228163211512321,172.9867743152012,7.695666388538519,0.22801102068765663,0.3214014496523415,153,19.900000000000002,20.0,301,19.61465954110875,17.988544590919716,7.205315668037644e-06,7.799296447570869,0.0,2.017429193899782,2.588235294117647,nan,nan,1.0,30,30,curv,5,2.0,0.4
auc,11,20,0,,True,0.5,0,0.0,1.0,9.073573547307955,0.9092642645269204,171.24641951366266,8.936933414477798,0.18422171713456287,0.2744135819001879,155,21.400000000000002,20.0,311,19.374725596446602,17.395799752535577,6.967202481500044e-06,7.824287988886625,0.0,3.085483870967742,3.9935483870967743,nan,nan,1.0,30,30,curv,5,2.0,0.4
auc,12,20,0,,True,0.5,0,0.0,1.0,11.78474340610931,0.8821525659389069,166.44887207412953,8.47566638206831,0.189103489126099,0.2563527634075645,153,21.1,20.0,308,19.87085596882946,18.476483761022987,6.768506474535181e-06,7.8463511674961,0.0,4.676470588235294,4.993464052287582,nan,nan,1.0,30,30,curv,5,2.0,0.4
auc,13,20,0,,True,0.5,0,0.0,1.0,7.281429804520078,0.9271857019547992,170.19859298592255,8.292786648899897,0.19053690593375017,0.3241050561383175,158,22.1,20.0,322,19.05446605737377,17.157810861190974,6.8164595600900164e-06,7.722699354642796,0.0,2.550632911392405,2.9936708860759493,nan,nan,1.0,30,30,curv,5,2.0,0.4
auc,14,20,0,,True,0.5,0,0.0,1.0,11.095188874096884,0.8890481112590312,163.22251999137444,7.886252862499126,0.1749942371104537,0.23634288593922154,145,19.700000000000003,20.0,295,19.884611344336392,18.769515100739284,7.162372923507434e-06,7.8131385511297085,0.0,2.947126436781609,3.8551724137931034,nan,nan,1.0,30,30,curv,5,2.0,0.4
auc,15,20,0,,True,0.5,0,0.0,1.0,10.44527327135919,0.8955472672864081,168.25837884138346,9.22945181654962,0.19343378995488575,0.28420823820487867,142,20.0,20.0,300,20.05066723472193,18.53058931038907,6.97833323404969e-06,7.8946871827499505,0.0,4.204225352112676,5.26056338028169,nan,nan,1.0,30,30,curv,5,2.0,0.4
auc,16,20,0,,True,0.5,0,0.0,1.0,8.676771860513488,0.9132322813948651,180.02110927303465,8.791416938998443,0.25381854239213564,0.31062591851938176,146,19.200000000000003,20.0,292,19.924530413433196,18.542637578754288,7.025684843103765e-06,7.834822653016931,0.0,2.8801369863013697,3.4863013698630136,nan,nan,1.0,30,30,curv,5,2.0,0.4
auc,17,20,0,,True,0.5,0,0.0,1.0,8.865407962393146,0.9113459203760685,176.8350735124009,8.202493348938042,0.2139440811820586,0.2758843235370562,145,19.3,20.0,295,20.04399814470866,19.0068982921785,7.100677822116699e-06,7.818168984920617,0.0,3.6609195402298855,4.655172413793103,nan,nan,1.0,30,30,curv,5,2.0,0.4
auc,18,20,0,,True,0.5,0,0.0,1.0,9.888837326375842,0.9011116267362416,178.4563559855095,8.50474793595131,0.20634689634031655,0.2858470865078291,149,19.400000000000002,20.0,294,19.714312621797866,18.02880120839468,6.970068127321567e-06,7.852094199226767,0.0,5.225391498881432,6.429530201342282,nan,nan,1.0,30,30,curv,5,2.0,0.4
auc,19,20,0,,True,0.5,0,0.0,1.0,6.268523948129512,0.9373147605187049,182.17737010831348,10.0,0.24628068762728986,0.32882843021345454,163,20.900000000000002,20.0,311,19.678243618324053,17.595997503779085,6.702893869438541e-06,7.7849533518342895,0.0,2.602249488752556,3.2883435582822087,nan,nan,1.0,30,30,curv,5,2.0,0.4
auc,20,20,0,,True,0.5,0,0.0,1.0,9.388601119039086,0.9061139888096091,166.8276055454199,8.054802153302148,0.16466304048096325,0.24142367934219444,135,18.5,20.0,284,19.975895934416062,18.6108393607787,7.4915493878250625e-06,7.8229228757758005,0.0,2.9234567901234567,3.859259259259259,nan,nan,1.0,30,30,curv,5,2.0,0.4
auc,21,20,0,,True,0.5,0,0.0,1.0,8.600726382448777,0.9139927361755122,167.50344293652196,8.778419829311998,0.1801680744394927,0.29144491271766326,152,20.0,20.0,299,19.752205575253775,18.032089714533196,7.1046823628105065e-06,7.821106703209117,0.0,2.5065789473684212,3.151315789473684,nan,nan,1.0,30,30,curv,5,2.0,0.4
auc,22,20,0,,True,0.5,0,0.0,1.0,7.090866033009124,0.9290913396699088,174.61034132062616,6.517916444217364,0.21756965080361554,0.327639771955854,147,19.8,20.0,300,19.66868014420811,17.639312699198523,7.425666614532626e-06,7.7503459742755485,0.0,2.109977324263039,2.761904761904762,nan,nan,1.0,30,30,curv,5,2.0,0.4
auc,23,20,0,,True,0.5,0,0.0,1.0,10.629293386909854,0.8937070661309015,160.51368262000855,7.500194181078782,0.15928398894589277,0.23468662677335644,135,19.1,20.0,289,19.927156119815418,18.59265233010134,7.235294124949401e-06,7.853649215392488,0.0,3.24320987654321,4.059259259259259,nan,nan,1.0,30,30,curv,5,2.0,0.4
auc,24,20,0,,True,0.5,0,0.0,1.0,11.807989482699789,0.8819201051730021,168.53333031039597,9.54315909303987,0.21273416290775762,0.3209353792362596,157,20.900000000000002,20.0,310,19.364234145967217,17.6724935958978,7.050645123648968e-06,7.896984766457614,0.0,6.085987261146497,6.643312101910828,nan,nan,1.0,30,30,curv,5,2.0,0.4
auc,25,20,0,,True,0.5,0,0.0,1.0,6.953704919621684,0.9304629508037832,172.10640592345658,8.459592773111964,0.18786039928542783,0.31185067485154816,172,22.8,20.0,329,19.231339836278693,17.271479624912413,6.810638219479749e-06,7.7673045732996995,0.0,2.273255813953488,2.86046511627907,nan,nan,1.0,30,30,curv,5,2.0,0.4
auc,26,20,0,,True,0.5,0,0.0,1.0,9.504204599503174,0.9049579540049683,171.67073071047608,7.3526952980909766,0.24583554652957973,0.34509373238522817,155,20.1,20.0,303,19.11691889011547,16.480146825436837,7.313861559289615e-06,7.835958825052994,0.0,3.076344086021505,3.6580645161290324,nan,nan,1.0,30,30,curv,5,2.0,0.4
auc,27,20,0,,True,0.5,0,0.0,1.0,9.679427258083418,0.9032057274191658,165.56952557682942,9.053622444026166,0.14150377994395721,0.22656874254650494,156,20.700000000000003,20.0,307,19.796401196403377,18.811031247943454,7.0289902470388575e-06,7.872759028241152,0.0,3.0202991452991452,3.5,nan,nan,1.0,30,30,curv,5,2.0,0.4
auc,28,20,0,,True,0.5,0,0.0,1.0,8.926775947992072,0.9107322405200793,174.18246814207782,9.544999976611106,0.22978232661312528,0.2948425624918481,136,19.8,20.0,294,19.81930749951251,18.39993546279495,7.150680163608338e-06,7.829318338990459,0.0,2.4448529411764706,2.8676470588235294,nan,nan,1.0,30,30,curv,5,2.0,0.4
auc,29,20,0,,True,0.5,0,0.0,1.0,9.538421682171839,0.9046157831782816,170.4729899244829,8.875855658034265,0.19838766846705133,0.277599091202791,161,21.5,20.0,317,19.53437830527924,17.88980603737833,6.953312480882433e-06,7.857423467354198,0.0,5.298136645962733,6.3229813664596275,nan,nan,1.0,30,30,curv,5,2.0,0.4
auc,30,20,0,,True,0.5,0,0.0,1.0,7.792103298386765,0.9220789670161323,182.55119663996493,10.0,0.21713228173772084,0.2912369123675057,163,21.1,20.0,313,19.788930708883644,18.301152606419492,6.7571886705782135e-06,7.778586903115543,0.0,2.7300613496932513,3.312883435582822,nan,nan,1.0,30,30,curv,5,2.0,0.4
auc,1,20,0,,True,0.5,0,0.0,1.0,10.36775082966155,0.8963224917033845,177.0211500657631,8.257396031412469,0.19146404847895893,0.2500711220856419,137,19.700000000000003,20.0,290,20.039546013831764,18.73984187007976,7.176896517570452e-06,5.334449986319532,0.0,3.712287104622871,4.7153284671532845,nan,nan,0.9666666666666667,29,30,abreast,6,0.5,2.5
auc,2,20,1,planner_abort,True,0.5,0,0.0,1.0,0.0,1.0,nan,4.626359520033429,0.3875827152106694,1.0574196106709424,0,7.7,0.0,77,19.00250758993675,16.443786586854312,7.453246621185212e-06,5.046768404679349,0.0,nan,nan,nan,nan,0.9666666666666667,29,30,abreast,6,0.5,2.5
auc,3,20,0,,True,0.5,0,0.0,1.0,9.598242305380921,0.9040175769461908,163.2733824204447,10.0,0.10896969603865592,0.18387817268301862,165,21.700000000000003,20.0,318,19.64349939436491,18.64935477237186,6.665408844402816e-06,5.376710224649937,0.0,2.306060606060606,2.6484848484848484,nan,nan,0.9666666666666667,29,30,abreast,6,0.5,2.5
auc,4,20,0,,True,0.5,0,0.0,1.0,8.555642168290433,0.9144435783170957,171.1824838714351,6.806818808979233,0.22509796329972365,0.29419040890899456,149,20.200000000000003,20.0,304,20.048469936397122,18.45196284042651,7.136842166226798e-06,5.3172956052688365,0.0,3.855145413870246,5.120805369127517,nan,nan,0.9666666666666667,29,30,abreast,6,0.5,2.5
auc,5,20,0,,True,0.5,0,0.0,1.0,9.392798070393182,0.9060720192960682,163.20418934710682,10.0,0.14988751912387013,0.24430251990797588,152,20.3,20.0,304,19.44806922811983,18.32822806449963,6.882894707048667e-06,5.357048763410911,0.0,2.549342105263158,3.0921052631578947,nan,nan,0.9666666666666667,29,30,abreast,6,0.5,2.5
auc,6,20,0,,True,0.5,0,0.0,1.0,9.7249225727841,0.902750774272159,171.39314201534722,7.519320745095392,0.22009069902822342,0.3324148024905396,150,20.400000000000002,20.0,303,19.843612968254487,17.783731218651134,7.03300331596657e-06,5.3060359814120135,0.0,2.4916666666666667,3.2666666666666666,nan,nan,0.9666666666666667,29,30,abreast,6,0.5,2.5
auc,7,20,0,,True,0.5,0,0.0,1.0,9.851565436989807,0.9014843456301019,183.41292281807412,8.971701609522087,0.243168234562669,0.28717784100335114,142,20.6,20.0,303,20.08817667323376,18.890842505789475,6.71716174014718e-06,5.325381369081595,0.0,4.176056338028169,4.816901408450704,nan,nan,0.9666666666666667,29,30,abreast,6,0.5,2.5
auc,8,20,0,,True,0.5,0,0.0,1.0,10.802647920376195,0.891973520796238,171.58968317205634,8.716886061703187,0.19543910980150042,0.25907524332575355,142,20.6,20.0,298,20.123669166268158,18.942578226299876,7.151342275917324e-06,5.356157781677768,0.0,3.3450704225352115,4.197183098591549,nan,nan,0.9666666666666667,29,30,abreast,6,0.5,2.5
auc,9,20,0,,True,0.5,0,0.0,1.0,9.752876270968457,0.9024712372903154,166.1003505647052,7.941497523914762,0.2096777538849967,0.27524839832785813,147,19.900000000000002,20.0,299,19.848285489346463,18.35820141889096,7.044481491026808e-06,5.390432682533742,0.0,2.7426303854875287,3.2789115646258504,nan,nan,0.9666666666666667,29,30,abreast,6,0.5,2.5
auc,10,20,0,,True,0.5,0,0.0,1.0,7.270182523219015,0.9272981747678098,173.4459842399897,7.71474534332179,0.21843029082438617,0.31342093159005224,153,19.900000000000002,20.0,301,19.636672618479107,17.9995461712084,7.043853816939858e-06,5.307100262903131,0.0,2.020697167755991,2.6666666666666665,nan,nan,0.9666666666666667,29,30,abreast,6,0.5,2.5
auc,11,20,0,,True,0.5,0,0.0,1.0,9.170867898461587,0.9082913210153841,170.07603434008738,9.066269855871658,0.17904596429007597,0.2635323314012564,155,21.3,20.0,310,19.418584038122454,17.511929891956743,6.8764514576140495e-06,5.331455315935404,0.0,3.106989247311828,4.025806451612903,nan,nan,0.9666666666666667,29,30,abreast,6,0.5,2.5
auc,12,20,0,,True,0.5,0,0.0,1.0,11.780012651665794,0.8821998734833421,165.87165255197166,8.481619056494964,0.19436743354561353,0.2580724604726186,154,21.1,20.0,309,19.86793868865836,18.50652726739683,6.809061521518837e-06,5.374727302464839,0.0,4.431818181818182,4.740259740259741,nan,nan,0.9666666666666667,29,30,abreast,6,0.5,2.5
auc,13,20,0,,True,0.5,0,0.0,1.0,7.262667884177521,0.9273733211582248,169.33373598546032,6.736138268477294,0.20811724117300237,0.32774822600113107,157,22.0,20.0,321,19.093077534535404,17.167150402173284,6.714018611737884e-06,5.232172996094965,0.0,1.9607218683651804,2.388535031847134,nan,nan,0.9666666666666667,29,30,abreast,6,0.5,2.5
auc,14,20,0,,True,0.5,0,0.0,1.0,9.524407991424388,0.9047559200857561,164.85885333117446,8.741531783564241,0.15743802761754902,0.22268479798756136,145,19.8,20.0,295,19.870365387947988,18.765639304413018,7.068474581701902e-06,5.307256625614116,0.0,2.2086206896551723,2.806896551724138,nan,nan,0.9666666666666667,29,30,abreast,6,0.5,2.5
auc,15,20,0,,True,0.5,0,0.0,1.0,11.43720883240783,0.8856279116759217,177.55594308694714,9.20555321093555,0.1880594570056292,0.25679306760716647,133,19.900000000000002,20.0,293,20.235112739616152,18.96827241540596,6.951194538344683e-06,5.400490406304143,0.0,4.913533834586466,5.180451127819549,nan,nan,0.9666666666666667,29,30,abreast,6,0.5,2.5
auc,16,20,0,,True,0.5,0,0.0,1.0,9.108442973963726,0.9089155702603627,178.3039190186342,8.330902574726599,0.2513888666889183,0.3057210296739716,146,19.200000000000003,20.0,292,19.906591687961843,18.53838168300382,7.13253416195161e-06,5.3366765320301335,0.0,2.8710045662100456,3.643835616438356,nan,nan,0.9666666666666667,29,30,abreast,6,0.5,2.5
auc,17,20,0,,True,0.5,0,0.0,1.0,8.934716165320221,0.9106528383467978,176.40539359545056,8.381292749537414,0.20825400205392625,0.27171547824998643,145,19.3,20.0,295,20.04312439152836,19.00687037932653,7.063728856846248e-06,5.326838730171377,0.0,3.7218390804597696,4.710344827586207,nan,nan,0.9666666666666667,29,30,abreast,6,0.5,2.5
auc,18,20,0,,True,0.5,0,0.0,1.0,9.343415932009657,0.9065658406799034,185.01727595468506,7.918915484059226,0.21366642647612444,0.26901570035031663,140,18.8,20.0,285,20.03230724067526,18.609834397052108,6.976140305101708e-06,5.3484007449050655,0.0,6.189285714285714,7.6571428571428575,nan,nan,0.9666666666666667,29,30,abreast,6,0.5,2.5
auc,19,20,0,,True,0.5,0,0.0,1.0,8.94614619187819,0.9105385380812181,181.92057098328777,10.0,0.24515144928244684,0.3063724919747394,145,19.900000000000002,20.0,290,19.98218745812035,18.58437867867741,6.992069029365666e-06,5.355192900656355,0.0,3.1735632183908047,3.8689655172413793,nan,nan,0.9666666666666667,29,30,abreast,6,0.5,2.5
auc,20,20,0,,True,0.5,0,0.0,1.0,10.308955983524049,0.8969104401647595,176.00526111889675,7.161481871506701,0.2489934799630294,0.3088962776467645,131,18.2,20.0,281,20.219005598648373,18.801656510250908,7.395017850175467e-06,5.362059346942392,0.0,5.568702290076335,6.633587786259542,nan,nan,0.9666666666666667,29,30,abreast,6,0.5,2.5
auc,21,20,0,,True,0.5,0,0.0,1.0,8.796971173398449,0.9120302882660155,166.8755297317272,8.812760381986573,0.18248963520114372,0.2946929590808705,152,19.8,20.0,299,19.73384390196712,18.140211928444085,7.035117126735749e-06,5.3337187743264325,0.0,2.5032894736842106,3.1578947368421053,nan,nan,0.9666666666666667,29,30,abreast,6,0.5,2.5
auc,22,20,0,,True,0.5,0,0.0,1.0,7.854411225809899,0.921455887741901,168.80841186958972,7.274966984341733,0.16872813973727996,0.28912053799468473,150,19.8,20.0,300,19.626691595913222,17.69396972114803,7.128666851106876e-06,5.2733005187904105,0.0,2.051111111111111,2.4133333333333336,nan,nan,0.9666666666666667,29,30,abreast,6,0.5,2.5
auc,23,20,0,,True,0.5,0,0.0,1.0,10.725861241927237,0.8927413875807276,160.91716227723907,8.307927205423569,0.14946675565500397,0.222075955324387,135,19.1,20.0,289,19.94009665897825,18.599129772439678,7.190657295685448e-06,5.366462600569793,0.0,3.2876543209876536,4.103703703703704,nan,nan,0.9666666666666667,29,30,abreast,6,0.5,2.5
auc,24,20,0,,True,0.5,0,0.0,1.0,8.224072754867418,0.9177592724513258,172.25471631053858,6.161799517788635,0.28204266252467414,0.5307277727661833,153,20.400000000000002,20.0,306,18.847193108179905,16.641723213312822,7.671895361329684e-06,5.282129833607448,0.0,3.450980392156863,4.176470588235294,nan,nan,0.9666666666666667,29,30,abreast,6,0.5,2.5
auc,25,20,0,,True,0.5,0,0.0,1.0,7.441139927209949,0.9255886007279005,170.2290557927202,8.439893666265082,0.178109851651783,0.294652956669459,171,22.700000000000003,20.0,329,19.243838099888812,17.36353559836921,6.792705195498055e-06,5.283629116154979,0.0,2.146198830409357,2.538011695906433,nan,nan,0.9666666666666667,29,30,abreast,6,0.5,2.5
auc,26,20,0,,True,0.5,0,0.0,1.0,8.756286652255751,0.9124371334774425,169.96969840413072,6.31193340944956,0.2312940427471444,0.32818349882180176,152,19.8,20.0,300,19.260616681398254,16.564882996166148,7.576333191536833e-06,5.3041736286068,0.0,2.4298245614035086,2.888157894736842,nan,nan,0.9666666666666667,29,30,abreast,6,0.5,2.5
auc,27,20,0,,True,0.5,0,0.0,1.0,9.691896340868134,0.9030810365913187,165.3429237453262,9.100383300378141,0.14107832899100284,0.22528468394994486,156,20.700000000000003,20.0,307,19.79021501118498,18.832579311162334,6.894136807260919e-06,5.384700407581505,0.0,3.017094017094017,3.5,nan,nan,0.9666666666666667,29,30,abreast,6,0.5,2.5
auc,28,20,0,,True,0.5,0,0.0,1.0,9.601927310119008,0.9039807268988099,178.57531045058022,8.67684465160912,0.2293070322207551,0.296046201085717,135,19.8,20.0,292,19.756466630398933,18.367133993463355,7.066780784803647e-06,5.358745412131505,0.0,3.140740740740741,3.9925925925925925,nan,nan,0.9666666666666667,29,30,abreast,6,0.5,2.5
auc,29,20,0,,True,0.5,0,0.0,1.0,9.020910606453702,0.909790893935463,170.0693291857536,8.675908922217344,0.1978425675488314,0.2749934348711628,163,21.6,20.0,318,19.537582942553673,17.96393418534164,6.894968498941897e-06,5.361127489351343,0.0,4.613496932515337,5.7975460122699385,nan,nan,0.9666666666666667,29,30,abreast,6,0.5,2.5
auc,30,20,0,,True,0.5,0,0.0,1.0,8.254540418100497,0.917454595818995,182.55016644190766,9.428210804043363,0.21295435298438656,0.286727349553872,164,21.1,20.0,312,19.80685676889279,18.359951869615276,6.87820507804505e-06,5.263985872984975,0.0,2.889024390243903,3.798780487804878,nan,nan,0.9666666666666667,29,30,abreast,6,0.5,2.5
auc,1,20,0,,True,0.5,0,0.0,1.0,9.36634984087279,0.9063365015912721,180.44816831267886,8.07776773025152,0.2010759495594622,0.2574328652604696,136,19.700000000000003,20.0,290,20.05686890793299,18.757567993149127,7.120344776796691e-06,6.564456646417212,0.0,3.5545343137254903,4.845588235294118,nan,nan,0.9666666666666667,29,30,abreast,6,0.75,3.75
auc,2,20,0,,True,0.5,0,0.0,1.0,9.860316253743473,0.9013968374625653,170.48673302718714,7.040418288079705,0.23616891532056128,0.3552367071729862,158,20.6,20.0,307,19.44647707199665,17.73331085262547,7.339413693506143e-06,6.557950517502445,0.0,4.042194092827004,4.39873417721519,nan,nan,0.9666666666666667,29,30,abreast,6,0.75,3.75
auc,3,20,0,,True,0.5,0,0.0,1.0,9.48921819787193,0.9051078180212807,163.75234963458865,10.0,0.1189822728620969,0.20377874490770043,165,21.700000000000003,20.0,318,19.622010751565796,18.634942025610894,6.897484229928111e-06,6.623680683684729,0.0,2.301010101010101,2.6484848484848484,nan,nan,0.9666666666666667,29,30,abreast,6,0.75,3.75
auc,4,20,0,,True,0.5,0,0.0,1.0,8.755269037757207,0.9124473096224279,168.5166508246311,6.749928363047982,0.29584944072054065,0.43960056003715564,186,23.0,20.0,340,18.20705308175269,15.316985016822388,6.893235203118393e-06,6.523544373030243,0.0,3.0788530465949826,3.725806451612903,nan,nan,0.9666666666666667,29,30,abreast,6,0.75,3.75
auc,5,20,0,,True,0.5,0,0.0,1.0,9.469636637476441,0.9053036336252356,163.15037072159546,10.0,0.15074924930472267,0.2473779821659725,153,20.3,20.0,304,19.447769169879734,18.30450279267131,6.8858553755777205e-06,6.599748992606442,0.0,2.5533769063180825,3.084967320261438,nan,nan,0.9666666666666667,29,30,abreast,6,0.75,3.75
auc,6,20,0,,True,0.5,0,0.0,1.0,8.70239226337719,0.9129760773662281,169.43302268704716,7.756332641774329,0.19108054244610218,0.3129074697664543,150,20.200000000000003,20.0,303,19.626024015752275,17.680783348219627,7.193399424278162e-06,6.538093953115174,0.0,2.45,3.2066666666666666,nan,nan,0.9666666666666667,29,30,abreast,6,0.75,3.75
auc,7,20,0,,True,0.5,0,0.0,1.0,8.703267358141309,0.9129673264185869,176.16142277605525,8.764623455527115,0.2289003222207473,0.2836296063696477,142,20.6,20.0,304,20.094501889585086,18.88950099045681,6.830592060156816e-06,6.583055124382071,0.0,3.0692488262910795,3.788732394366197,nan,nan,0.9666666666666667,29,30,abreast,6,0.75,3.75
auc,8,20,0,,True,0.5,0,0.0,1.0,10.77100117253098,0.8922899882746902,174.7542763564251,8.338029916549205,0.19586958189546372,0.2577834319861998,141,20.6,20.0,299,20.134162024519895,18.94268693904103,7.151505035966523e-06,6.596632733654739,0.0,3.4432624113475176,4.24822695035461,nan,nan,0.9666666666666667,29,30,abreast,6,0.75,3.75
auc,9,20,0,,True,0.5,0,0.0,1.0,7.779547844537893,0.9222045215546211,168.74249123302883,7.065395015012425,0.2005480610834917,0.31079292819665455,156,20.5,20.0,308,19.234974270904647,16.86112710859244,6.938636140042142e-06,6.559575518581009,0.0,2.013888888888889,2.6666666666666665,nan,nan,0.9666666666666667,29,30,abreast,6,0.75,3.75
auc,10,20,0,,True,0.5,0,0.0,1.0,7.738751014184109,0.9226124898581589,172.39931933697176,7.843740751311124,0.22680092206186644,0.32081250034840386,153,20.0,20.0,301,19.6083072818713,17.964997805507107,7.052491756467044e-06,6.553722515174398,0.0,1.940087145969499,2.4052287581699345,nan,nan,0.9666666666666667,29,30,abreast,6,0.75,3.75
auc,11,20,0,,True,0.5,0,0.0,1.0,9.09349296189509,0.9090650703810491,171.05973245892332,8.966110349063754,0.1837821711828459,0.2737315282950719,155,21.400000000000002,20.0,311,19.376356077043994,17.403851323236132,6.826044879782604e-06,6.5772143084689265,0.0,3.1048387096774195,4.012903225806451,nan,nan,0.9666666666666667,29,30,abreast,6,0.75,3.75
auc,12,20,0,,True,0.5,0,0.0,1.0,11.830426222180357,0.8816957377781964,165.44488031173742,8.455665045943189,0.18907326913122097,0.2564068131179941,154,21.1,20.0,309,19.86689056034542,18.477154320627402,6.915533988251317e-06,6.615444280021761,0.0,4.652597402597403,4.954545454545454,nan,nan,0.9666666666666667,29,30,abreast,6,0.75,3.75
auc,13,20,0,,True,0.5,0,0.0,1.0,7.1132006660405755,0.9288679933395942,172.17994164686226,8.319602454579124,0.19488709066286877,0.32457037848473935,158,22.1,20.0,322,19.076867249663113,17.127318670475102,6.811180276639314e-06,6.46669770013851,0.0,2.69831223628692,3.5443037974683542,nan,nan,0.9666666666666667,29,30,abreast,6,0.75,3.75
auc,14,20,0,,True,0.5,0,0.0,1.0,9.569898245830743,0.9043010175416926,165.5443524038925,8.635237813598481,0.15749906286756468,0.22308414242725308,145,19.8,20.0,294,19.874044946369995,18.769252122826572,7.070748460737253e-06,6.52058416904818,0.0,1.9022988505747125,2.317241379310345,nan,nan,0.9666666666666667,29,30,abreast,6,0.75,3.75
auc,15,20,0,,True,0.5,0,0.0,1.0,11.064000434912579,0.8893599956508742,174.22967859451924,10.0,0.1887163472831818,0.28074304988858556,138,20.0,20.0,300,20.053074102945036,18.54696940672726,6.894999957391216e-06,6.650082908316014,0.0,4.394927536231884,4.956521739130435,nan,nan,0.9666666666666667,29,30,abreast,6,0.75,3.75
auc,16,20,0,,True,0.5,0,0.0,1.0,9.043181764192887,0.9095681823580711,178.71512741598488,8.37277748247853,0.2521743651962571,0.3076763833385837,146,19.200000000000003,20.0,292,19.91793951185865,18.539498462613,7.050684908877784e-06,6.577411636097749,0.0,2.9360730593607305,3.73972602739726,nan,nan,0.9666666666666667,29,30,abreast,6,0.75,3.75
auc,17,20,0,,True,0.5,0,0.0,1.0,8.875181491823458,0.9112481850817654,176.826149382791,8.318299416708495,0.2080423092311296,0.2713473402425746,145,19.3,20.0,295,20.043853354100097,19.007061377918948,7.021017049506338e-06,6.571564360253322,0.0,3.71264367816092,4.7172413793103445,nan,nan,0.9666666666666667,29,30,abreast,6,0.75,3.75
auc,18,20,0,,True,0.5,0,0.0,1.0,9.338653486084091,0.9066134651391591,185.11328839242196,7.958895437230756,0.21464203623222203,0.2698046221675702,140,18.8,20.0,284,20.03454850420505,18.609834397052108,7.111619440916578e-06,6.589420777068751,0.0,6.182142857142857,7.65,nan,nan,0.9666666666666667,29,30,abreast,6,0.75,3.75
auc,19,20,0,,True,0.5,0,0.0,1.0,8.972249741163719,0.9102775025883628,181.87160128974705,10.0,0.24298825769350232,0.30427331504396815,145,19.900000000000002,20.0,291,19.950762813155716,18.585157516045875,6.9838487937217545e-06,6.592859917265519,0.0,3.1919540229885057,3.9034482758620688,nan,nan,0.9666666666666667,29,30,abreast,6,0.75,3.75
auc,20,20,0,,True,0.5,0,0.0,1.0,9.368649781645432,0.9063135021835457,166.3572463510061,7.851362221286472,0.16477173599195233,0.2419191846731613,135,18.5,20.0,285,19.969858211368084,18.60231558919591,7.446315890104559e-06,6.583421198870222,0.0,3.3518518518518516,4.496296296296296,nan,nan,0.9666666666666667,29,30,abreast,6,0.75,3.75
auc,21,20,0,,True,0.5,0,0.0,1.0,8.615924757094195,0.913840752429058,167.46163958619928,8.494340403913933,0.18198166145254932,0.29182645319181005,152,20.0,20.0,299,19.765126934396665,18.048975841964356,7.03444817665276e-06,6.5799750261452346,0.0,2.5098684210526314,3.151315789473684,nan,nan,0.9666666666666667,29,30,abreast,6,0.75,3.75
auc,22,20,0,,True,0.5,0,0.0,1.0,8.220654215598133,0.9177934578440187,169.90700767607407,6.760610607862901,0.1938869070770421,0.3060234697260124,150,19.8,20.0,300,19.67357732940117,17.65719204227161,7.286333311640192e-06,6.543846656567048,0.0,2.6066666666666665,3.3333333333333335,nan,nan,0.9666666666666667,29,30,abreast,6,0.75,3.75
auc,23,20,0,,True,0.5,0,0.0,1.0,10.74931644105368,0.8925068355894632,161.31477118068628,8.356653720758347,0.1527349754515594,0.22521536688957808,135,19.1,20.0,289,19.950735272291446,18.599833328004944,7.350518871006108e-06,6.604348981169688,0.0,3.0037037037037035,3.725925925925926,nan,nan,0.9666666666666667,29,30,abreast,6,0.75,3.75
auc,24,20,1,planner_abort,True,0.5,0,0.0,1.0,4.542408863804914,0.9545759113619509,170.8844765305644,5.816359105315561,0.3332266426330468,0.6941002314628638,12,13.9,0.0,139,18.794608480522438,15.885827170762479,8.794244540237199e-06,6.354085851969323,0.0,7.0,7.0,nan,nan,0.9666666666666667,29,30,abreast,6,0.75,3.75
auc,25,20,0,,True,0.5,0,0.0,1.0,6.975467712755434,0.9302453228724457,172.2801055239266,8.340819556556983,0.1870443821744092,0.3065124751479405,172,22.8,20.0,329,19.216692546735384,17.27150967564391,6.8188450352457215e-06,6.521261408803226,0.0,2.272286821705426,2.86046511627907,nan,nan,0.9666666666666667,29,30,abreast,6,0.75,3.75
auc,26,20,0,,True,0.5,0,0.0,1.0,9.449249733186637,0.9055075026681336,171.13316940230118,7.24069360315663,0.24352939323444153,0.3406960867209464,154,20.0,20.0,303,19.143463073924753,16.50998622361255,7.1627063253700806e-06,6.594519178297868,0.0,3.0595238095238093,3.6493506493506493,nan,nan,0.9666666666666667,29,30,abreast,6,0.75,3.75
auc,27,20,0,,True,0.5,0,0.0,1.0,9.619227959405642,0.9038077204059436,165.6583681154289,9.146888210046887,0.1413994837366804,0.22576822571280325,156,20.700000000000003,20.0,307,19.776263434518487,18.810248703390183,6.931921791308787e-06,6.630746074846451,0.0,3.006410256410256,3.5,nan,nan,0.9666666666666667,29,30,abreast,6,0.75,3.75
auc,28,20,0,,True,0.5,0,0.0,1.0,9.578754055538507,0.9042124594446149,178.9889718724457,8.819252963288152,0.22947549875004067,0.2960404979006526,135,19.8,20.0,292,19.756344090461663,18.3668781750884,7.019178056371819e-06,6.59300080579274,0.0,3.140740740740741,3.9925925925925925,nan,nan,0.9666666666666667,29,30,abreast,6,0.75,3.75
auc,29,20,0,,True,0.5,0,0.0,1.0,9.228052668073294,0.9077194733192671,170.95347329456365,8.914138707976802,0.199273717509735,0.2770544842365575,162,21.6,20.0,318,19.524541066199046,17.913699570277966,6.9393082990445805e-06,6.611745390920205,0.0,5.243827160493828,6.253086419753086,nan,nan,0.9666666666666667,29,30,abreast,6,0.75,3.75
auc,30,20,0,,True,0.5,0,0.0,1.0,7.403462173352249,0.9259653782664775,184.18283048502877,9.694843187013495,0.21690547027476928,0.290989991759501,164,21.1,20.0,313,19.782953526773216,18.306805482096294,6.7856229269674745e-06,6.528387458507074,0.0,2.782520325203252,3.731707317073171,nan,nan,0.9666666666666667,29,30,abreast,6,0.75,3.75
auc,1,20,0,,True,0.5,0,0.0,1.0,9.586835124858107,0.9041316487514189,178.8126513026955,8.187135740056435,0.19114511122864908,0.2509927449404233,136,19.700000000000003,20.0,289,20.05115646805317,18.757285842072417,7.11868502095722e-06,7.814008466099244,0.0,3.4742647058823533,4.5588235294117645,nan,nan,1.0,30,30,abreast,6,1.0,5.0
auc,2,20,0,,True,0.5,0,0.0,1.0,9.806921686406389,0.9019307831359361,170.65268291208366,6.929193358741448,0.2359988706060216,0.35931054441856564,158,20.6,20.0,307,19.432592071237753,17.652135327831505,7.174267076753711e-06,7.7946111393553155,0.0,4.233122362869198,4.60126582278481,nan,nan,1.0,30,30,abreast,6,1.0,5.0
auc,3,20,0,,True,0.5,0,0.0,1.0,9.496822679256434,0.9050317732074357,169.30154488989996,10.0,0.13910575717979795,0.21726879507630345,165,21.700000000000003,20.0,318,19.625831812434882,18.635617891493656,6.750943366168711e-06,7.866286592740914,0.0,2.902020202020202,3.6606060606060606,nan,nan,1.0,30,30,abreast,6,1.0,5.0
auc,4,20,0,,True,0.5,0,0.0,1.0,8.962895759431333,0.9103710424056867,172.009138690258,6.995565928060085,0.3005810436907588,0.4446267794322749,181,22.3,20.0,336,18.420467869928377,15.248662097428328,6.949107132857621e-06,7.737924218803046,0.0,3.1721915285451194,3.5801104972375692,nan,nan,1.0,30,30,abreast,6,1.0,5.0
auc,5,20,0,,True,0.5,0,0.0,1.0,9.409350000891692,0.9059064999910831,164.0300766100102,9.927322461848517,0.14417404334055228,0.2437925070529019,153,20.3,20.0,304,19.461639060266222,18.287310054993227,6.8355262723535385e-06,7.841818266885154,0.0,2.5599128540305007,3.084967320261438,nan,nan,1.0,30,30,abreast,6,1.0,5.0
auc,6,20,0,,True,0.5,0,0.0,1.0,8.89786032231228,0.9110213967768772,170.53703979065966,7.764655872606423,0.20054132690645388,0.32157787220166467,150,20.200000000000003,20.0,303,19.633515723931744,17.685194044772203,7.198349945016648e-06,7.788389277223786,0.0,2.451111111111111,3.2266666666666666,nan,nan,1.0,30,30,abreast,6,1.0,5.0
auc,7,20,0,,True,0.5,0,0.0,1.0,9.774455757741606,0.9022554424225839,181.96067031714844,8.958026754820025,0.23296357649665045,0.2837511048247989,145,20.6,20.0,307,20.05287748368762,18.866283021218724,6.912703593530774e-06,7.7784049136967575,0.0,3.1011494252873564,3.7448275862068967,nan,nan,1.0,30,30,abreast,6,1.0,5.0
auc,8,20,0,,True,0.5,0,0.0,1.0,10.418728007037792,0.8958127199296221,180.14116798893815,8.26384030722736,0.20312550423391268,0.2628521208392882,141,20.6,20.0,298,20.146145776637187,18.943014507196462,7.145973070893412e-06,7.811990881660625,0.0,3.882978723404255,5.120567375886525,nan,nan,1.0,30,30,abreast,6,1.0,5.0
auc,9,20,0,,True,0.5,0,0.0,1.0,7.649054868259652,0.9235094513174035,171.66468258466148,6.993607560899634,0.2100828787330719,0.3199556871221989,157,20.6,20.0,309,19.223963997250433,16.831530104599803,7.035922088896144e-06,7.796774442486219,0.0,2.357749469214437,3.3184713375796178,nan,nan,1.0,30,30,abreast,6,1.0,5.0
auc,10,20,0,,True,0.5,0,0.0,1.0,7.709927490223423,0.9229007250977658,172.5480300009993,7.964619676464885,0.2272072334111689,0.32080300908792736,152,19.900000000000002,20.0,301,19.61572453492759,17.9853021473882,7.129567969714963e-06,7.80096138083475,0.0,1.944078947368421,2.4210526315789473,nan,nan,1.0,30,30,abreast,6,1.0,5.0
auc,11,20,0,,True,0.5,0,0.0,1.0,9.044965941111771,0.9095503405888823,171.18711391844644,8.947602865002391,0.18429340427172747,0.2744164252704715,155,21.400000000000002,20.0,311,19.372387637417056,17.395799752535577,6.909646311235072e-06,7.826072461526874,0.0,3.0951612903225807,4.012903225806451,nan,nan,1.0,30,30,abreast,6,1.0,5.0
auc,12,20,0,,True,0.5,0,0.0,1.0,11.221058599993029,0.8877894140000697,167.4550674212678,8.2657390885073,0.1903283092213809,0.2573064639399551,151,21.1,20.0,304,19.870229869809997,18.47672072784763,6.842763169563688e-06,7.8406846081814265,0.0,4.321192052980132,4.490066225165563,nan,nan,1.0,30,30,abreast,6,1.0,5.0
auc,13,20,0,,True,0.5,0,0.0,1.0,7.33603383880671,0.9266396616119329,170.79708477982234,8.111400016175148,0.19266711586664795,0.32648650124193707,158,22.1,20.0,322,19.048237080419227,17.1418462750934,6.7745341930389465e-06,7.720153640281912,0.0,2.6951476793248945,3.607594936708861,nan,nan,1.0,30,30,abreast,6,1.0,5.0
auc,14,20,0,,True,0.5,0,0.0,1.0,11.17221973653617,0.8882778026346383,163.10257691573253,7.8862850919269185,0.1752053877060245,0.23618855761379132,145,19.700000000000003,20.0,295,19.88219147628682,18.769515100739284,7.091864356001586e-06,7.814164319893776,0.0,2.947701149425287,3.8551724137931034,nan,nan,1.0,30,30,abreast,6,1.0,5.0
auc,15,20,0,,True,0.5,0,0.0,1.0,10.445273124986032,0.8955472687501397,168.25837915316075,9.22945181654962,0.19343378995488575,0.28420823820487867,142,20.0,20.0,300,20.05066723472193,18.53058931038907,6.915666635904927e-06,7.896129201333548,0.0,4.204225352112676,5.26056338028169,nan,nan,1.0,30,30,abreast,6,1.0,5.0
auc,16,20,0,,True,0.5,0,0.0,1.0,8.676620069184937,0.9132337993081506,180.03943898252797,8.777615557003715,0.2538531684309168,0.3106872219752027,146,19.200000000000003,20.0,292,19.92464543991254,18.542637578754288,6.9955478765011435e-06,7.836489536799627,0.0,2.8801369863013697,3.4863013698630136,nan,nan,1.0,30,30,abreast,6,1.0,5.0
auc,17,20,0,,True,0.5,0,0.0,1.0,8.863704958783348,0.9113629504121665,176.8688291718449,8.259280909501483,0.21363179804534796,0.27573964945761137,145,19.3,20.0,295,20.04414285233264,19.0068982921785,7.033559110931168e-06,7.820033742972065,0.0,3.6551724137931036,4.63448275862069,nan,nan,1.0,30,30,abreast,6,1.0,5.0
auc,18,20,0,,True,0.5,0,0.0,1.0,9.875568973257353,0.9012443102674265,178.58030070844342,8.50582662804326,0.20768279042449658,0.2878603679416992,149,19.400000000000002,20.0,294,19.705254964688297,18.0281874355016,7.014285742747122e-06,7.851522414787117,0.0,5.225391498881432,6.429530201342282,nan,nan,1.0,30,30,abreast,6,1.0,5.0
auc,19,20,0,,True,0.5,0,0.0,1.0,6.268449665343201,0.937315503346568,182.1775514528693,10.0,0.24628068762728986,0.32882843021345454,163,20.900000000000002,20.0,311,19.678243618324053,17.595997503779085,6.773954907198619e-06,7.787657539735048,0.0,2.602249488752556,3.2883435582822087,nan,nan,1.0,30,30,abreast,6,1.0,5.0
auc,20,20,0,,True,0.5,0,0.0,1.0,9.34878234970884,0.9065121765029116,166.92218127113443,7.994599014019486,0.16526408375088183,0.24188758668691926,134,18.5,20.0,284,19.976025844578324,18.6108393607787,7.510563424967957e-06,7.8240854688877794,0.0,2.958333333333334,3.925373134328358,nan,nan,1.0,30,30,abreast,6,1.0,5.0
auc,21,20,0,,True,0.5,0,0.0,1.0,8.53937741216132,0.9146062258783868,167.62102907870704,8.76301932390351,0.1805107136342868,0.29151090603320123,152,20.0,20.0,300,19.75125437578717,18.031977469270387,7.375666694618606e-06,7.823233043209248,0.0,2.5032894736842106,3.151315789473684,nan,nan,1.0,30,30,abreast,6,1.0,5.0
auc,22,20,0,,True,0.5,0,0.0,1.0,7.789374369804547,0.9221062563019545,172.18312421223234,6.170644224317078,0.21551718052048172,0.3269792017303749,147,19.900000000000002,20.0,300,19.67319965812671,17.62119553581973,7.473999976355117e-06,7.775964383245361,0.0,2.510204081632653,3.5238095238095237,nan,nan,1.0,30,30,abreast,6,1.0,5.0
auc,23,20,0,,True,0.5,0,0.0,1.0,10.612618763445225,0.8938738123655477,160.71251337638657,7.462860809017316,0.16281188523102327,0.23710255592203414,135,19.1,20.0,289,19.935989409331338,18.594012988585728,7.269550214568314e-06,7.85608640865392,0.0,3.2364197530864196,4.037037037037037,nan,nan,1.0,30,30,abreast,6,1.0,5.0
auc,24,20,0,,True,0.5,0,0.0,1.0,11.807320633583752,0.8819267936641625,168.50528709974327,9.519637725904401,0.21293439825518662,0.32118841065995735,157,20.900000000000002,20.0,310,19.364553580987067,17.671891353454924,7.162258149154725e-06,7.898278405053789,0.0,6.085987261146497,6.643312101910828,nan,nan,1.0,30,30,abreast,6,1.0,5.0
auc,25,20,0,,True,0.5,0,0.0,1.0,6.976155249017413,0.9302384475098259,172.08270618310272,8.414469614511946,0.18766706651178208,0.3118310257815427,172,22.8,20.0,329,19.229957560544847,17.27485265655393,7.094832700815216e-06,7.768177981466347,0.0,2.2761627906976742,2.86046511627907,nan,nan,1.0,30,30,abreast,6,1.0,5.0
auc,26,20,0,,True,0.5,0,0.0,1.0,9.479629500716058,0.9052037049928394,171.59593553345937,7.343726877258726,0.24611998357702225,0.3452629974144419,155,20.1,20.0,303,19.116136864443522,16.479997571705493,7.166666907650993e-06,7.837822358662884,0.0,3.076344086021505,3.6580645161290324,nan,nan,1.0,30,30,abreast,6,1.0,5.0
auc,27,20,0,,True,0.5,0,0.0,1.0,9.676416582346059,0.9032358341765394,165.69344697327017,9.125358974590084,0.142010879335438,0.22785576519064044,156,20.700000000000003,20.0,307,19.791114172973234,18.807504677895146,6.863517906757205e-06,7.875583408293105,0.0,3.0202991452991452,3.5,nan,nan,1.0,30,30,abreast,6,1.0,5.0
auc,28,20,0,,True,0.5,0,0.0,1.0,8.781872999163909,0.9121812700083609,175.66657243873877,9.403833884654052,0.23108228102647188,0.29613849022282757,136,19.8,20.0,294,19.827302712032655,18.39993546279495,7.049659939029818e-06,7.8267736155486345,0.0,2.633578431372549,3.3308823529411766,nan,nan,1.0,30,30,abreast,6,1.0,5.0
auc,29,20,0,,True,0.5,0,0.0,1.0,9.538848459353622,0.9046115154064638,170.47575006002074,8.876066606895801,0.19832089050377918,0.2775630055458289,161,21.5,20.0,317,19.53356556676377,17.88971301412252,6.940378720265422e-06,7.858743639762797,0.0,5.298136645962733,6.3229813664596275,nan,nan,1.0,30,30,abreast,6,1.0,5.0
auc,30,20,0,,True,0.5,0,0.0,1.0,7.765458827880223,0.9223454117211978,182.70197081906318,10.0,0.2165624690331604,0.2906543856805542,163,21.1,20.0,313,19.787003890613555,18.287545194856495,6.770606826564607e-06,7.780525984949885,0.0,2.723926380368098,3.3006134969325154,nan,nan,1.0,30,30,abreast,6,1.0,5.0
auc,1,20,0,,True,0.5,0,0.0,1.0,10.010970253594397,0.899890297464056,175.2163581220329,7.8812789929667675,0.18968433835292553,0.2510346053184704,140,19.700000000000003,20.0,295,20.06098756197072,18.75429043798705,6.9661016484241045e-06,10.327211100024147,0.0,3.5089285714285716,4.742857142857143,nan,nan,1.0,30,30,abreast,6,1.5,7.5
auc,2,20,0,,True,0.5,0,0.0,1.0,9.565635129299277,0.9043436487070072,175.80559311081163,7.51223416966329,0.2446411608393983,0.3679739400119612,158,20.6,20.0,307,19.4197579217316,17.545305543580525,6.997394247048046e-06,10.278524578000216,0.0,3.867088607594937,4.291139240506329,nan,nan,1.0,30,30,abreast,6,1.5,7.5
auc,3,20,0,,True,0.5,0,0.0,1.0,9.544460712220971,0.9045553928777903,168.33244725851085,10.0,0.1409806970012618,0.21814059729321428,165,21.700000000000003,20.0,318,19.639419542393856,18.63051139926401,6.760062829502741e-06,10.362575011944715,0.0,2.683838383838384,3.4424242424242424,nan,nan,1.0,30,30,abreast,6,1.5,7.5
auc,4,20,0,,True,0.5,0,0.0,1.0,8.965004953077072,0.9103499504692293,168.10469817893048,7.619238647721036,0.29325493215427717,0.4441702287463063,185,23.0,20.0,339,18.247848139752193,15.301884962505884,6.749852425071952e-06,10.273570081760843,0.0,2.785585585585585,3.151351351351351,nan,nan,1.0,30,30,abreast,6,1.5,7.5
auc,5,20,0,,True,0.5,0,0.0,1.0,9.525630809188257,0.9047436919081174,166.31715277351546,8.777000651626082,0.20276145338665164,0.321030580520894,155,20.6,20.0,307,19.234346984887953,17.62662725178444,7.180781748789705e-06,10.324721749187448,0.0,2.6838709677419357,3.0709677419354837,nan,nan,1.0,30,30,abreast,6,1.5,7.5
auc,6,20,0,,True,0.5,0,0.0,1.0,8.450208234865897,0.915497917651341,176.72544170093906,8.478035646089632,0.225057603733811,0.3378040217244116,150,20.200000000000003,20.0,303,19.674668967726486,17.703284062757728,7.020132014875242e-06,10.275879294934374,0.0,3.44,4.54,nan,nan,1.0,30,30,abreast,6,1.5,7.5
auc,7,20,0,,True,0.5,0,0.0,1.0,9.3890401956224,0.906109598043776,184.67506628398024,7.834182010339825,0.2592916755341306,0.30759369821021865,143,20.5,20.0,305,20.125543371080187,18.88885368557097,6.7101638228823356e-06,10.267800862070064,0.0,2.8146853146853146,3.3426573426573425,nan,nan,1.0,30,30,abreast,6,1.5,7.5
auc,8,20,0,,True,0.5,0,0.0,1.0,10.334392345499788,0.8966560765450021,180.47549869259598,9.184716524023125,0.2090190436609047,0.27036717586813164,141,20.6,20.0,298,20.156126933098022,18.943168460791192,7.15838932165026e-06,10.32292517474648,0.0,4.663120567375887,6.056737588652482,nan,nan,1.0,30,30,abreast,6,1.5,7.5
auc,9,20,0,,True,0.5,0,0.0,1.0,7.7002505816232585,0.9229974941837674,177.01817975134588,7.682520575529666,0.24358355417328245,0.3314637071612624,154,20.400000000000002,20.0,307,19.403734820335647,17.080579826031766,7.517589760981409e-06,10.294841456321947,0.0,2.148268398268398,3.038961038961039,nan,nan,1.0,30,30,abreast,6,1.5,7.5
auc,10,20,0,,True,0.5,0,0.0,1.0,8.262734529074944,0.9173726547092506,173.62773091599306,7.958758431489809,0.2312204287435765,0.32651677767678494,154,20.0,20.0,301,19.605875652125064,18.001984183991066,7.347508233162015e-06,10.299047247163035,0.0,2.7326839826839824,3.461038961038961,nan,nan,1.0,30,30,abreast,6,1.5,7.5
auc,11,20,0,,True,0.5,0,0.0,1.0,8.9454550297979,0.910545449702021,172.00361324586413,8.925077187465368,0.18604328539818427,0.27956162229257403,156,21.5,20.0,311,19.332124144006304,17.31139013362717,7.002893896134109e-06,10.322039252249791,0.0,3.143162393162393,4.064102564102564,nan,nan,1.0,30,30,abreast,6,1.5,7.5
auc,12,20,0,,True,0.5,0,0.0,1.0,11.715669111226234,0.8828433088877377,165.13120330602925,8.685124661177618,0.19661266503467906,0.2669807548112156,153,21.1,20.0,307,19.85301651110305,18.423159502989545,6.901628661734668e-06,10.321119227954938,0.0,4.171023965141612,4.777777777777778,nan,nan,1.0,30,30,abreast,6,1.5,7.5
auc,13,20,0,,True,0.5,0,0.0,1.0,7.387050163944475,0.9261294983605552,169.6666241911467,7.121108812787347,0.19235950930722528,0.32301882366739115,158,22.1,20.0,323,19.1061761797618,17.127802362736933,6.774922580733584e-06,10.209972753848293,0.0,2.5959915611814344,4.0,nan,nan,1.0,30,30,abreast,6,1.5,7.5
auc,14,20,0,,True,0.5,0,0.0,1.0,10.772535001401396,0.892274649985986,173.0906828900229,7.739400292295956,0.21441084846341626,0.2777552528258475,148,20.200000000000003,20.0,294,19.601645737069447,18.14050687969009,7.311224539587623e-06,10.293101935637715,0.0,3.295608108108108,4.0675675675675675,nan,nan,1.0,30,30,abreast,6,1.5,7.5
auc,15,20,0,,True,0.5,0,0.0,1.0,9.964540848027381,0.9003545915197262,173.8324209690294,9.241152133445846,0.20564200431408647,0.29816997458814165,137,20.1,20.0,295,19.999166288915102,18.431371125865503,7.2606781648542986e-06,10.350124322649798,0.0,3.009732360097324,3.9051094890510947,nan,nan,1.0,30,30,abreast,6,1.5,7.5
auc,16,20,0,,True,0.5,0,0.0,1.0,8.941472526589955,0.9105852747341004,184.855549684417,8.484569952280856,0.2505425273381431,0.3042288678124895,145,19.200000000000003,20.0,291,19.938838490591106,18.541068012585082,7.126460500846415e-06,10.30630872165076,0.0,3.2109195402298853,4.317241379310345,nan,nan,1.0,30,30,abreast,6,1.5,7.5
auc,17,20,0,,True,0.5,0,0.0,1.0,9.2808295821036,0.907191704178964,171.60789291662738,8.28650676213163,0.21700376815532987,0.2788096530881456,145,19.3,20.0,295,20.042308467254333,19.00594781760542,7.06711867617017e-06,10.310495374393907,0.0,3.2028735632183905,3.8758620689655174,nan,nan,1.0,30,30,abreast,6,1.5,7.5
auc,18,20,0,,True,0.5,0,0.0,1.0,11.30881325891414,0.8869118674108586,173.2310166913848,8.468207635493414,0.21789313341098882,0.308245320410646,146,19.3,20.0,291,19.666266293902506,17.342500550690588,7.14536071336937e-06,10.380972986843236,0.0,5.517123287671233,6.726027397260274,nan,nan,1.0,30,30,abreast,6,1.5,7.5
auc,19,20,0,,True,0.5,0,0.0,1.0,9.08540144013953,0.9091459855986047,176.71626357730278,9.133297958894392,0.22665869039124345,0.3089777360239647,149,20.0,20.0,296,19.73369426120637,18.226401411397816,7.216216029003074e-06,10.32969870741056,0.0,3.208053691275168,3.9261744966442955,nan,nan,1.0,30,30,abreast,6,1.5,7.5
auc,20,20,0,,True,0.5,0,0.0,1.0,10.09439310737761,0.8990560689262239,166.16696349742332,8.658914443730914,0.17327741550320608,0.2480704297677074,134,18.5,20.0,284,19.967707459012903,18.599614221573546,7.538732230822346e-06,10.311198191156329,0.0,3.3296019900497513,4.373134328358209,nan,nan,1.0,30,30,abreast,6,1.5,7.5
auc,21,20,0,,True,0.5,0,0.0,1.0,9.21393482689783,0.9078606517310217,166.81630801795004,8.62342788422173,0.17769804249573354,0.29027949407385295,153,20.0,20.0,300,19.83022896130642,18.07538873332344,7.09033328651761e-06,10.29995992328706,0.0,2.176470588235294,2.9934640522875817,nan,nan,1.0,30,30,abreast,6,1.5,7.5
auc,22,20,0,,True,0.5,0,0.0,1.0,7.326100921481693,0.9267389907851831,173.85760584949531,6.203720722801222,0.2286585557206827,0.33610213429826796,147,19.900000000000002,20.0,300,19.779478700782462,17.696036823453877,7.273333285411354e-06,10.244215240079084,0.0,2.20124716553288,3.068027210884354,nan,nan,1.0,30,30,abreast,6,1.5,7.5
auc,23,20,0,,True,0.5,0,0.0,1.0,10.647636102670688,0.8935236389732931,165.25097578336857,7.567835334490448,0.17215808220093953,0.247197930638426,135,19.1,20.0,288,19.95476319932078,18.60880624453859,7.4444444761765126e-06,10.31225068789333,0.0,2.3925925925925924,3.088888888888889,nan,nan,1.0,30,30,abreast,6,1.5,7.5
auc,24,20,0,,True,0.5,0,0.0,1.0,10.523408671254975,0.8947659132874503,181.00121256285718,8.832478640655715,0.2688361806274549,0.36572955827619014,155,20.900000000000002,20.0,307,19.683307585758993,18.13050435503234,7.243648262243985e-06,10.321458061236683,0.0,6.390322580645162,7.2387096774193544,nan,nan,1.0,30,30,abreast,6,1.5,7.5
auc,25,20,0,,True,0.5,0,0.0,1.0,6.000407471872437,0.9399959252812756,174.06044726811172,8.211082989307895,0.1917771672911974,0.3168338904720719,172,22.8,20.0,330,19.240157859562856,17.20017043355791,6.8066665500571785e-06,10.246182636605546,0.0,2.083817829457364,2.7151162790697674,nan,nan,1.0,30,30,abreast,6,1.5,7.5
auc,26,20,0,,True,0.5,0,0.0,1.0,9.34706754560235,0.9065293245439765,172.2522833418356,7.600123783665155,0.2613068814789838,0.3575912130700623,155,20.1,20.0,303,19.10976213603231,16.46499577584931,7.140593945775673e-06,10.327087712796075,0.0,2.982795698924731,3.632258064516129,nan,nan,1.0,30,30,abreast,6,1.5,7.5
auc,27,20,0,,True,0.5,0,0.0,1.0,9.661900613842667,0.9033809938615733,166.307997379437,9.00340177070871,0.1423658679703011,0.2292368032932626,155,20.700000000000003,20.0,306,19.812086371561595,18.803053473636435,6.957516412583965e-06,10.36607912920167,0.0,3.0129032258064514,3.496774193548387,nan,nan,1.0,30,30,abreast,6,1.5,7.5
auc,28,20,0,,True,0.5,0,0.0,1.0,9.603339282516554,0.9039666071748345,164.85320257421233,9.161861827988632,0.19189452458962727,0.2848962864879478,147,20.400000000000002,20.0,306,19.398214729771627,17.72184591628321,7.362091589302093e-06,10.377001896701293,0.0,4.035147392290249,5.122448979591836,nan,nan,1.0,30,30,abreast,6,1.5,7.5
auc,29,20,0,,True,0.5,0,0.0,1.0,10.102088010467158,0.8989791198953284,164.53758636441202,9.244292979495073,0.20145260075218308,0.30040514095736687,154,20.8,20.0,309,19.708744561367684,17.812484847628276,7.122977285248056e-06,10.374412896100036,0.0,2.909090909090909,3.512987012987013,nan,nan,1.0,30,30,abreast,6,1.5,7.5
auc,30,20,0,,True,0.5,0,0.0,1.0,7.8280295728685445,0.9217197042713146,182.87392868529386,10.0,0.22340135517389698,0.2960526642312427,162,21.1,20.0,313,19.78173776765119,18.269579844329872,6.736102317773794e-06,10.26531041794929,0.0,2.6563786008230457,3.302469135802469,nan,nan,1.0,30,30,abreast,6,1.5,7.5
auc,1,20,0,,True,0.5,0,0.0,1.0,9.992629639309836,0.9000737036069016,175.341220809782,7.858024631636178,0.1908839812971083,0.25306586722931335,140,19.700000000000003,20.0,295,20.05960422702097,18.75314956765012,6.997288129256912e-06,12.822398603839817,0.0,3.541071428571429,4.757142857142857,nan,nan,1.0,30,30,abreast,6,2.0,10.0
auc,2,20,0,,True,0.5,0,0.0,1.0,9.865045251559422,0.9013495474844058,169.92685489904224,9.828687322339247,0.18825644974017036,0.28058415556953104,156,20.400000000000002,20.0,305,19.772658216268816,18.63949865839831,7.131475321643177e-06,12.870036539479257,0.0,5.3344017094017095,6.326923076923077,nan,nan,1.0,30,30,abreast,6,2.0,10.0
auc,3,20,0,,True,0.5,0,0.0,1.0,9.55512227876001,0.9044487772123999,167.53900760416974,9.790625734805591,0.1435062677808555,0.22098786427998443,165,21.8,20.0,319,19.65121865850727,18.62781250280891,6.760814968262271e-06,12.858999001353618,0.0,2.494949494949495,3.1636363636363636,nan,nan,1.0,30,30,abreast,6,2.0,10.0
auc,4,20,0,,True,0.5,0,0.0,1.0,9.556644446334595,0.904433555536654,167.26887947868192,7.602329120959077,0.2905879697050107,0.4421782484634873,179,22.3,20.0,334,18.47146717751657,15.257727627548476,7.109580992673618e-06,12.765316080308148,0.0,4.527932960893855,5.016759776536313,nan,nan,1.0,30,30,abreast,6,2.0,10.0
auc,5,20,0,,True,0.5,0,0.0,1.0,8.581973250525632,0.9141802674947437,170.2887856129166,8.599919413201707,0.22165549406853463,0.32544757400531354,151,20.200000000000003,20.0,302,19.726065716770474,18.093237799152547,6.855960212769727e-06,12.782243569787543,0.0,2.877483443708609,3.6490066225165565,nan,nan,1.0,30,30,abreast,6,2.0,10.0
auc,6,20,0,,True,0.5,0,0.0,1.0,8.77955581690153,0.9122044418309847,169.60049101538166,7.660431145044359,0.19321072695488153,0.3172633196124835,150,20.200000000000003,20.0,303,19.61930038448524,17.626543155636874,7.128382775749667e-06,12.76237114013438,0.0,2.5033333333333334,3.2733333333333334,nan,nan,1.0,30,30,abreast,6,2.0,10.0
auc,7,20,0,,True,0.5,0,0.0,1.0,9.131594271154132,0.9086840572884587,186.55530232433836,8.666926146953648,0.2603720865783358,0.307620946029364,143,20.5,20.0,304,20.118314486812675,18.883650845595614,6.771710750878188e-06,12.747038614899846,0.0,2.5284382284382283,3.1888111888111887,nan,nan,1.0,30,30,abreast,6,2.0,10.0
auc,8,20,0,,True,0.5,0,0.0,1.0,10.44628020341496,0.8955371979658504,175.9325415121473,8.855279808984655,0.224848299299916,0.27961574281420465,142,20.6,20.0,299,20.18437793151515,18.926830717802925,7.166889756330037e-06,12.852942095902002,0.0,3.709507042253521,4.753521126760563,nan,nan,1.0,30,30,abreast,6,2.0,10.0
auc,9,20,0,,True,0.5,0,0.0,1.0,8.6209075707803,0.913790924292197,174.49678395197458,8.43076426760056,0.24866083645385217,0.3342253555119875,154,20.5,20.0,306,19.39844227713639,17.02954712674338,7.108496622832224e-06,12.817601593262701,0.0,2.297619047619048,2.9740259740259742,nan,nan,1.0,30,30,abreast,6,2.0,10.0
auc,10,20,0,,True,0.5,0,0.0,1.0,8.360714127955148,0.9163928587204485,178.7970490300457,8.50346453720738,0.2358234238818417,0.3262921031632242,154,20.0,20.0,302,19.611339110401797,18.001858209746487,6.968874293198309e-06,12.789592938186905,0.0,3.883116883116883,5.103896103896104,nan,nan,1.0,30,30,abreast,6,2.0,10.0
auc,11,20,0,,True,0.5,0,0.0,1.0,9.04496972015938,0.9095503027984062,171.4558308213367,9.017950037427278,0.1840263038654602,0.2725367393091979,156,21.400000000000002,20.0,311,19.369140332181143,17.38258540459893,6.973311911266705e-06,12.822311251185193,0.0,3.1501068376068373,4.076923076923077,nan,nan,1.0,30,30,abreast,6,2.0,10.0
auc,12,20,0,,True,0.5,0,0.0,1.0,11.590927661667683,0.8840907233833232,164.11446099560627,8.081084642054407,0.1987480086279002,0.26795792487480813,153,21.1,20.0,308,19.877311509209978,18.45154654006258,6.8350649740608926e-06,12.866083328855737,0.0,3.784313725490196,4.071895424836601,nan,nan,1.0,30,30,abreast,6,2.0,10.0
auc,13,20,0,,True,0.5,0,0.0,1.0,7.385870702227882,0.9261412929777212,169.3934297914645,7.224497983527778,0.19527063701435024,0.3263017633937241,158,22.1,20.0,323,19.095511160987584,17.10965443218177,6.765944330614989e-06,12.70031827450203,0.0,2.5896624472573837,3.981012658227848,nan,nan,1.0,30,30,abreast,6,2.0,10.0
auc,14,20,0,,True,0.5,0,0.0,1.0,10.27291586105572,0.8972708413894428,166.60446648910136,7.9012041362502945,0.18935228358434072,0.2556637737783383,151,20.3,20.0,299,19.630068882099433,18.155035639982945,7.122073531906933e-06,12.804694778664006,0.0,2.347682119205298,2.993377483443709,nan,nan,1.0,30,30,abreast,6,2.0,10.0
auc,15,20,0,,True,0.5,0,0.0,1.0,10.675151731386112,0.8932484826861389,177.7430281150934,8.018707223764206,0.23514827495091065,0.28659441828865995,136,19.900000000000002,20.0,295,20.32475631856554,18.939349765433374,7.275932234656697e-06,12.812952285276108,0.0,4.129901960784315,5.654411764705882,nan,nan,1.0,30,30,abreast,6,2.0,10.0
auc,16,20,0,,True,0.5,0,0.0,1.0,9.492972467792649,0.9050702753220735,176.76208877294107,8.048884195732148,0.23920647161522635,0.29681186908250845,145,19.200000000000003,20.0,291,19.937297298312654,18.512473103588274,7.158075474303446e-06,12.819445496995714,0.0,2.591954022988506,3.3793103448275863,nan,nan,1.0,30,30,abreast,6,2.0,10.0
auc,17,20,0,,True,0.5,0,0.0,1.0,9.174477746711862,0.9082552225328814,171.79297223195053,8.243332437666606,0.2166320774203021,0.2789458645370703,145,19.3,20.0,295,20.037285199288448,19.005827243113373,7.166779786052372e-06,12.809565350012814,0.0,3.222988505747127,3.910344827586207,nan,nan,1.0,30,30,abreast,6,2.0,10.0
auc,18,20,0,,True,0.5,0,0.0,1.0,11.283115783415932,0.8871688421658407,173.09599953029573,8.331697793059694,0.2165426064600254,0.3082357787821639,146,19.3,20.0,291,19.668179457028632,17.321931196256973,7.219243974903361e-06,12.87901573026749,0.0,5.544520547945205,6.7534246575342465,nan,nan,1.0,30,30,abreast,6,2.0,10.0
auc,19,20,0,,True,0.5,0,0.0,1.0,9.949416944912826,0.9005058305508717,176.52990057708132,8.792741350483182,0.2509066701301874,0.326166567857494,147,20.1,20.0,293,19.814732335789106,18.274790811414523,7.31126278304692e-06,12.831176049870939,0.0,4.200680272108843,5.074829931972789,nan,nan,1.0,30,30,abreast,6,2.0,10.0
auc,20,20,0,,True,0.5,0,0.0,1.0,8.77609932789033,0.9122390067210967,168.8522949760405,9.35237914036167,0.17872144020719977,0.25145017130959674,134,18.5,20.0,284,19.94052558663208,18.598606082822034,7.496478849108672e-06,12.778678517059516,0.0,2.230099502487562,3.4029850746268657,nan,nan,1.0,30,30,abreast,6,2.0,10.0
auc,21,20,0,,True,0.5,0,0.0,1.0,9.132168173944299,0.908678318260557,167.01950397775278,8.548548388998963,0.1794535453095982,0.29229028990578887,153,20.1,20.0,300,19.79795645940622,17.983373640973717,7.079999995767139e-06,12.795868445190806,0.0,2.1492374727668846,2.954248366013072,nan,nan,1.0,30,30,abreast,6,2.0,10.0
auc,22,20,0,,True,0.5,0,0.0,1.0,8.605974185762921,0.9139402581423708,170.94395259927526,6.670835013903461,0.2207611532826538,0.3315156527392247,151,20.200000000000003,20.0,303,19.686368284711516,17.635164346954543,7.150495107317952e-06,12.769568945535427,0.0,2.414459161147903,3.3443708609271523,nan,nan,1.0,30,30,abreast,6,2.0,10.0
auc,23,20,0,,True,0.5,0,0.0,1.0,10.587842764193756,0.8941215723580624,165.64198819977324,7.5358700946207,0.16642441358132548,0.2410006831104241,135,19.1,20.0,288,19.959162479876092,18.604928511306333,7.232986035887734e-06,12.835710575909651,0.0,3.0271604938271603,4.059259259259259,nan,nan,1.0,30,30,abreast,6,2.0,10.0
auc,24,20,0,,True,0.5,0,0.0,1.0,11.585382932215149,0.8841461706778485,178.09732703218165,9.07980031973737,0.24478135476979532,0.3583762447048431,148,20.900000000000002,20.0,297,19.53937811910727,18.06410375038048,7.4626261407394994e-06,12.862936883653028,0.0,7.8141891891891895,8.628378378378379,nan,nan,1.0,30,30,abreast,6,2.0,10.0
auc,25,20,0,,True,0.5,0,0.0,1.0,5.960683119107424,0.9403931688089258,174.47388198352562,8.441770404020742,0.1898642630350057,0.31470526851361574,173,22.8,20.0,330,19.23656949128195,17.179567206309226,6.8587878724263815e-06,12.7400694348031,0.0,2.016859344894027,2.601156069364162,nan,nan,1.0,30,30,abreast,6,2.0,10.0
auc,26,20,0,,True,0.5,0,0.0,1.0,9.63765137722331,0.9036234862277669,173.85111308998867,8.191218580635162,0.25612287435011805,0.354185743555581,152,19.900000000000002,20.0,300,19.214172946685085,16.46732385655851,7.098666695431651e-06,12.832085822859165,0.0,3.5526315789473686,4.4868421052631575,nan,nan,1.0,30,30,abreast,6,2.0,10.0
auc,27,20,0,,True,0.5,0,0.0,1.0,10.92565187054656,0.8907434812945344,164.36291810198867,8.435444634167398,0.15437227095769465,0.23293479111737458,155,20.6,20.0,306,19.829361012070823,18.785729019168745,7.032026082419583e-06,12.863762985152118,0.0,3.1,3.554838709677419,nan,nan,1.0,30,30,abreast,6,2.0,10.0
auc,28,20,0,,True,0.5,0,0.0,1.0,9.489524226168133,0.9051047577383187,164.3351134026958,8.807114746104071,0.19998266316720012,0.29095592709593904,148,20.400000000000002,20.0,306,19.396248060305652,17.696858642911184,7.740196071335365e-06,12.868085562405748,0.0,3.885135135135135,5.094594594594595,nan,nan,1.0,30,30,abreast,6,2.0,10.0
auc,29,20,0,,True,0.5,0,0.0,1.0,10.026734240746759,0.8997326575925324,165.78059651583374,9.36098197662592,0.1999018106790652,0.2814484855767169,154,20.8,20.0,309,19.70032647495329,17.832262123331613,7.183495262851728e-06,12.871084168573748,0.0,2.8993506493506493,3.5194805194805197,nan,nan,1.0,30,30,abreast,6,2.0,10.0
auc,30,20,0,,True,0.5,0,0.0,1.0,7.41186519297864,0.9258813480702136,182.98991601531034,9.56142063582986,0.23783174381972436,0.31186973586559263,164,21.1,20.0,313,19.632751363798896,17.980788845234144,6.836102358601131e-06,12.74784171910012,0.0,2.7860772357723573,3.6280487804878048,nan,nan,1.0,30,30,abreast,6,2.0,10.0
auc,1,20,0,,True,0.25,0,0.0,1.0,9.52550822660453,0.9047449177339547,169.1321123720511,10.0,0.13630479756432687,0.200128361332871,143,19.900000000000002,20.0,297,19.832558466854017,18.645967217480628,7.092929246771911e-06,7.728565953340256,0.0,2.8426573426573425,3.7552447552447554,nan,nan,0.9666666666666667,29,30,bonus,-1,0.5,0.25
auc,2,20,1,planner_abort,True,0.25,0,0.0,1.0,0.0,1.0,nan,3.9458721571779494,0.3888982329357801,0.8652076424785948,0,7.300000000000001,0.0,73,19.016259585726978,16.47353799440159,7.465753510151033e-06,7.333423723060268,0.0,nan,nan,nan,nan,0.9666666666666667,29,30,bonus,-1,0.5,0.25
auc,3,20,0,,True,0.25,0,0.0,1.0,8.020041091337859,0.9197995890866214,167.68466729632902,10.0,0.10697902968203532,0.18733520181905422,164,21.6,20.0,317,19.60975481700852,18.713859163712446,6.832492186438897e-06,7.733076917310146,0.0,2.198678861788618,2.798780487804878,nan,nan,0.9666666666666667,29,30,bonus,-1,0.5,0.25
auc,4,20,0,,True,0.25,0,0.0,1.0,9.243672036296635,0.9075632796370336,166.53990109167472,7.77311414412222,0.21900608483035544,0.3555708662745303,153,20.900000000000002,20.0,306,18.970020799501338,16.73399582587756,7.301960769147472e-06,7.67504956892027,0.0,2.060457516339869,2.6993464052287583,nan,nan,0.9666666666666667,29,30,bonus,-1,0.5,0.25
auc,5,20,0,,True,0.25,0,0.0,1.0,8.48455167124782,0.9151544832875218,167.96227997875673,10.0,0.19149051588994515,0.3052892614004159,149,20.1,20.0,299,19.597091289730425,18.099730790701653,7.076923185289778e-06,7.682000714489756,0.0,2.0255033557046977,2.6442953020134228,nan,nan,0.9666666666666667,29,30,bonus,-1,0.5,0.25
auc,6,20,0,,True,0.25,0,0.0,1.0,8.580675728214748,0.9141932427178525,168.56064459613225,8.891693280559718,0.16067253920537264,0.2940188135681209,150,20.200000000000003,20.0,303,19.565219148554583,17.653691509142185,6.989438891954099e-06,7.701631639857663,0.0,2.6511111111111108,3.6133333333333333,nan,nan,0.9666666666666667,29,30,bonus,-1,0.5,0.25
auc,7,20,0,,True,0.25,0,0.0,1.0,9.934752462613561,0.9006524753738644,167.81725535482207,10.0,0.13749089957022656,0.19762037621828452,146,20.700000000000003,20.0,308,19.756451097393885,18.833903747422003,7.027272859685782e-06,7.745531745943159,0.0,3.992009132420091,4.890410958904109,nan,nan,0.9666666666666667,29,30,bonus,-1,0.5,0.25
auc,8,20,0,,True,0.25,0,0.0,1.0,9.89440854473238,0.9010559145526762,167.24611801768202,10.0,0.13987915630858502,0.21119676987341268,150,20.8,20.0,307,19.82459505778675,18.7250261748697,7.186644961917166e-06,7.745958770402247,0.0,2.7305555555555556,3.3333333333333335,nan,nan,0.9666666666666667,29,30,bonus,-1,0.5,0.25
auc,9,20,0,,True,0.25,0,0.0,1.0,8.97990489960997,0.9102009510039003,169.83957896093273,10.0,0.1653142248596832,0.23835568962499296,147,20.0,20.0,299,19.638605145807247,18.315318771007398,7.197324320499515e-06,7.7292571625155695,0.0,2.167233560090703,3.0,nan,nan,0.9666666666666667,29,30,bonus,-1,0.5,0.25
auc,10,20,0,,True,0.25,0,0.0,1.0,9.785657840621697,0.902143421593783,166.36039681842337,8.285625692595136,0.20072962817183024,0.31958269723408883,153,20.200000000000003,20.0,300,19.157118180993717,17.154890646289793,7.377333386102691e-06,7.724115847534979,0.0,2.9596949891067537,3.3529411764705883,nan,nan,0.9666666666666667,29,30,bonus,-1,0.5,0.25
auc,11,20,0,,True,0.25,0,0.0,1.0,6.896915740993381,0.9310308425900662,169.49899514095648,10.0,0.1458946573597091,0.23537919726380638,155,21.0,20.0,312,19.51390288589747,18.355536374228834,6.956730699013674e-06,7.700145547234135,0.0,1.53247311827957,2.167741935483871,nan,nan,0.9666666666666667,29,30,bonus,-1,0.5,0.25
auc,12,20,0,,True,0.25,0,0.0,1.0,11.459039863648746,0.8854096013635125,168.5038942530057,10.0,0.167110344359724,0.2341700306176005,156,21.200000000000003,20.0,311,19.678500418830215,18.430294563230397,6.920257219228702e-06,7.72593139404417,0.0,4.4326923076923075,5.153846153846154,nan,nan,0.9666666666666667,29,30,bonus,-1,0.5,0.25
auc,13,20,0,,True,0.25,0,0.0,1.0,7.269625665548385,0.9273037433445162,168.02559799664388,8.306356408988954,0.18508984515349564,0.31866156844636023,158,22.1,20.0,322,19.044033740585395,17.13001660318941,6.794099435130689e-06,7.628873641483746,0.0,1.654535864978903,2.0632911392405062,nan,nan,0.9666666666666667,29,30,bonus,-1,0.5,0.25
auc,14,20,0,,True,0.25,0,0.0,1.0,9.312320611908698,0.906876793880913,167.724618166619,10.0,0.1494104728314953,0.21521577870253178,151,20.1,20.0,299,19.545257321713372,18.288846661771174,7.193310985016172e-06,7.7252470644230655,0.0,2.467991169977925,3.251655629139073,nan,nan,0.9666666666666667,29,30,bonus,-1,0.5,0.25
auc,15,20,0,,True,0.25,0,0.0,1.0,10.428142454259392,0.8957185754574061,167.67621859282036,10.0,0.14539490767919452,0.20953006982182396,142,20.0,20.0,299,19.9464249678329,18.792150950291216,7.207357902550933e-06,7.7384102928971235,0.0,2.5863849765258213,3.3380281690140845,nan,nan,0.9666666666666667,29,30,bonus,-1,0.5,0.25
auc,16,20,0,,True,0.25,0,0.0,1.0,9.777615317140299,0.902223846828597,168.61397930591323,10.0,0.1746758878514001,0.23833883109401147,146,19.200000000000003,20.0,292,19.681082962423623,18.540964552350392,7.4698629560609255e-06,7.733927053892351,0.0,1.8277397260273973,2.506849315068493,nan,nan,0.9666666666666667,29,30,bonus,-1,0.5,0.25
auc,17,20,0,,True,0.25,0,0.0,1.0,8.760411066586727,0.9123958893341327,169.79773363844222,10.0,0.13914488309320186,0.2087225976026976,145,19.3,20.0,294,19.873307457299116,19.076744153241187,7.218707447018645e-06,7.731548899389776,0.0,2.041264367816092,2.668965517241379,nan,nan,0.9666666666666667,29,30,bonus,-1,0.5,0.25
auc,18,20,0,,True,0.25,0,0.0,1.0,9.439070139818195,0.905609298601818,167.10972478480792,10.0,0.1439989963676105,0.23112670707997074,149,19.3,20.0,294,19.639141073025176,18.034185060472335,7.10986382325994e-06,7.717663288028052,0.0,2.712192393736018,3.597315436241611,nan,nan,0.9666666666666667,29,30,bonus,-1,0.5,0.25
auc,19,20,0,,True,0.25,0,0.0,1.0,9.752748373947606,0.9024725162605239,167.27729242855096,10.0,0.1894667394681422,0.27745971406691416,163,20.900000000000002,20.0,311,19.45418360412097,17.604626960289966,6.9610931336171504e-06,7.709607239346185,0.0,3.7484662576687118,4.41717791411043,nan,nan,0.9666666666666667,29,30,bonus,-1,0.5,0.25
auc,20,20,0,,True,0.25,0,0.0,1.0,9.836847371774349,0.9016315262822565,167.71592356887544,10.0,0.13998517767032548,0.20833165906663695,133,18.400000000000002,20.0,283,20.07455531820364,19.06680480778783,7.29540644171187e-06,7.726927758472405,0.0,2.455012531328321,3.6390977443609023,nan,nan,0.9666666666666667,29,30,bonus,-1,0.5,0.25
auc,21,20,0,,True,0.25,0,0.0,1.0,9.683741189775985,0.9031625881022401,167.41811915951962,10.0,0.1757822110494622,0.28195196144869106,155,20.3,20.0,302,19.69915385163532,17.953625605540548,7.127483363035104e-06,7.7007153032794315,0.0,1.947849462365591,2.8193548387096774,nan,nan,0.9666666666666667,29,30,bonus,-1,0.5,0.25
auc,22,20,0,,True,0.25,0,0.0,1.0,7.105718594402188,0.9289428140559781,171.00772224854921,7.483628396847194,0.1749560275790228,0.29581728846382477,151,19.900000000000002,20.0,300,19.645975858200483,17.68507187826499,7.073333338970163e-06,7.654862223229402,0.0,1.4673289183222957,1.8344370860927153,nan,nan,0.9666666666666667,29,30,bonus,-1,0.5,0.25
auc,23,20,0,,True,0.25,0,0.0,1.0,8.119696339525873,0.9188030366047413,168.08761696585154,10.0,0.11904449198479396,0.19081982802411052,139,19.1,20.0,293,19.771962294079596,18.64877911759694,7.203412989198958e-06,7.723260806950389,0.0,2.052757793764988,2.884892086330935,nan,nan,0.9666666666666667,29,30,bonus,-1,0.5,0.25
auc,24,20,0,,True,0.25,0,0.0,1.0,11.660434201325643,0.8833956579867436,162.74529777799566,10.0,0.19356312004777337,0.3091084962177537,158,20.8,20.0,310,19.333052964549232,17.623516192630028,7.133870765814678e-06,7.74929544851061,0.0,4.077004219409282,5.208860759493671,nan,nan,0.9666666666666667,29,30,bonus,-1,0.5,0.25
auc,25,20,0,,True,0.25,0,0.0,1.0,6.132852794202625,0.9386714720579737,170.00264988113003,9.780572093161073,0.1451378453338215,0.28155543852608594,172,22.8,20.0,329,19.25840219563852,17.313117889450655,6.95531935394617e-06,7.692630898361902,0.0,1.644864341085271,2.203488372093023,nan,nan,0.9666666666666667,29,30,bonus,-1,0.5,0.25
auc,26,20,0,,True,0.25,0,0.0,1.0,10.133290113995209,0.8986670988600479,165.83016814116147,10.0,0.21244257769398706,0.3142531279758886,153,19.900000000000002,20.0,301,19.173161750776245,16.885056123243235,7.270099694780275e-06,7.725067971604369,0.0,2.2949891067538126,2.65359477124183,nan,nan,0.9666666666666667,29,30,bonus,-1,0.5,0.25
auc,27,20,0,,True,0.25,0,0.0,1.0,10.333749880469156,0.8966625011953084,163.97758636003755,10.0,0.11608341452809544,0.18620623669786532,156,20.700000000000003,20.0,307,19.736259868503005,18.81078618436532,7.047231404580243e-06,7.752682063337286,0.0,2.982905982905983,3.6794871794871793,nan,nan,0.9666666666666667,29,30,bonus,-1,0.5,0.25
auc,28,20,0,,True,0.25,0,0.0,1.0,10.066597030083301,0.899334029699167,164.8406384149195,10.0,0.16625659367707787,0.24559508219731693,138,19.700000000000003,20.0,295,19.651094274316808,18.396298408160536,7.162711798150282e-06,7.73312232816077,0.0,2.48792270531401,3.536231884057971,nan,nan,0.9666666666666667,29,30,bonus,-1,0.5,0.25
auc,29,20,0,,True,0.25,0,0.0,1.0,8.633719608211344,0.9136628039178866,168.40066229022992,10.0,0.16641249710923994,0.25348461891960805,163,21.700000000000003,20.0,318,19.489373023564486,17.900248506875982,6.9012578664480785e-06,7.729022839478091,0.0,2.980674846625767,3.8773006134969323,nan,nan,0.9666666666666667,29,30,bonus,-1,0.5,0.25
auc,30,20,0,,True,0.25,0,0.0,1.0,7.574447064245038,0.9242555293575496,169.64399221813574,10.0,0.14944473505382994,0.2346338892134825,164,21.1,20.0,313,19.64871982894901,18.299940990616165,6.862939309835369e-06,7.708261588918414,0.0,1.783028455284553,2.341463414634146,nan,nan,0.9666666666666667,29,30,bonus,-1,0.5,0.25
auc,1,20,0,,True,0.375,0,0.0,1.0,9.518041158231716,0.9048195884176828,177.79732139920267,8.746980117189322,0.19094273358016295,0.25078601898519265,138,19.700000000000003,20.0,291,20.03926243252017,18.744929277137786,7.145360850887469e-06,7.755327153069364,0.0,2.829710144927536,3.818840579710145,nan,nan,1.0,30,30,bonus,-1,0.75,0.375
auc,2,20,0,,True,0.375,0,0.0,1.0,10.323293307718851,0.8967670669228115,166.30634235487392,7.215871491938975,0.21708580164831734,0.3430916630158346,158,20.6,20.0,307,19.399175797009445,17.64647377153548,6.994462486433096e-06,7.756244553257431,0.0,3.9556962025316458,4.569620253164557,nan,nan,1.0,30,30,bonus,-1,0.75,0.375
auc,3,20,0,,True,0.375,0,0.0,1.0,9.423530036111472,0.9057646996388853,169.15146605875034,10.0,0.1395200660954713,0.21929135836633845,165,21.8,20.0,319,19.616922161604975,18.623102212751995,6.777742905611593e-06,7.806407949744602,0.0,2.5838383838383843,3.3636363636363638,nan,nan,1.0,30,30,bonus,-1,0.75,0.375
auc,4,20,0,,True,0.375,0,0.0,1.0,9.79689173697288,0.9020310826302712,165.31873387121877,7.864146795719105,0.28030122956177533,0.4285398674607987,181,22.3,20.0,336,18.4710809618834,15.257472160922209,6.905654854130089e-06,7.710463386365025,0.0,3.523941068139963,3.977900552486188,nan,nan,1.0,30,30,bonus,-1,0.75,0.375
auc,5,20,0,,True,0.375,0,0.0,1.0,9.412480994009965,0.9058751900599004,164.01577845181197,9.891298156565258,0.1448425087288574,0.24472301015177247,153,20.3,20.0,304,19.460093629600504,18.280952274708362,6.86447374152378e-06,7.779411827753928,0.0,2.5599128540305007,3.084967320261438,nan,nan,1.0,30,30,bonus,-1,0.75,0.375
auc,6,20,0,,True,0.375,0,0.0,1.0,8.829062277021649,0.9117093772297835,171.25628485292347,7.759246337680571,0.19948656598062825,0.3185513462954359,150,20.200000000000003,20.0,303,19.63652397043776,17.65072698997257,7.01749195886865e-06,7.727109929302699,0.0,2.118888888888889,2.6933333333333334,nan,nan,1.0,30,30,bonus,-1,0.75,0.375
auc,7,20,0,,True,0.375,0,0.0,1.0,9.295570672250896,0.907044293277491,176.8623919361239,8.897602058082962,0.24795164439161776,0.29582964416964397,145,20.6,20.0,307,20.071834294505678,18.866283021218724,6.93485346897308e-06,7.739341754437566,0.0,2.1682758620689655,3.013793103448276,nan,nan,1.0,30,30,bonus,-1,0.75,0.375
auc,8,20,0,,True,0.375,0,0.0,1.0,9.142296391066163,0.9085770360893384,178.98157923177743,9.900785078416831,0.20645372894148106,0.26625451280285856,144,20.6,20.0,301,20.127406724032685,18.940101885837233,7.02425244755879e-06,7.772457272028215,0.0,4.215277777777778,5.423611111111111,nan,nan,1.0,30,30,bonus,-1,0.75,0.375
auc,9,20,0,,True,0.375,0,0.0,1.0,8.047376379158743,0.9195262362084126,171.19021621011652,7.778895959239992,0.20375900715212472,0.30935309604556943,153,20.400000000000002,20.0,305,19.380604475684205,17.00609233680717,7.353114671757078e-06,7.75076295271012,0.0,2.5108932461873636,3.477124183006536,nan,nan,1.0,30,30,bonus,-1,0.75,0.375
auc,10,20,0,,True,0.375,0,0.0,1.0,8.17486952622486,0.9182513047377514,173.56872988830168,8.544511740249252,0.24021904624748133,0.3322359568000314,154,20.0,20.0,301,19.626420658109303,18.023602139000282,7.156810677897315e-06,7.7401681471178865,0.0,2.5005411255411256,3.3051948051948052,nan,nan,1.0,30,30,bonus,-1,0.75,0.375
auc,11,20,0,,True,0.375,0,0.0,1.0,7.7938937162542965,0.922061062837457,172.62307292300704,9.563341998087903,0.1837939334268956,0.2677833760908516,155,21.0,20.0,311,19.58856586222808,18.402150536666674,6.850160737155107e-06,7.7338916716405075,0.0,2.0236559139784944,2.793548387096774,nan,nan,1.0,30,30,bonus,-1,0.75,0.375
auc,12,20,0,,True,0.375,0,0.0,1.0,11.604311484703821,0.8839568851529618,169.3364545337495,8.59630914782488,0.20565142639176767,0.2722082684866711,154,21.1,20.0,309,19.83718649745226,18.44966922772993,6.839482217889978e-06,7.760535465357252,0.0,3.7478354978354975,4.259740259740259,nan,nan,1.0,30,30,bonus,-1,0.75,0.375
auc,13,20,0,,True,0.375,0,0.0,1.0,6.858772968350435,0.9314122703164956,168.7758981144947,6.769493584206494,0.2040280633760256,0.3323340588930741,158,22.1,20.0,322,19.076996897013704,17.132467775178334,6.7543478846956355e-06,7.6614433820664285,0.0,1.9715189873417722,2.537974683544304,nan,nan,1.0,30,30,bonus,-1,0.75,0.375
auc,14,20,0,,True,0.375,0,0.0,1.0,11.048470236895714,0.8895152976310429,164.9701160818037,8.075935225143972,0.16966181154567445,0.2318640823867009,146,19.8,20.0,295,19.835979352143582,18.742002649621323,7.145762812519857e-06,7.763308524922168,0.0,2.8179223744292234,3.7534246575342465,nan,nan,1.0,30,30,bonus,-1,0.75,0.375
auc,15,20,0,,True,0.375,0,0.0,1.0,9.58953895509891,0.9041046104490109,169.96646760419017,9.268823546177574,0.21338267474609704,0.2973506117378517,142,20.1,20.0,299,20.046318862582357,18.451290499509454,7.120735607406647e-06,7.78802649631868,0.0,3.068075117370892,3.8943661971830985,nan,nan,1.0,30,30,bonus,-1,0.75,0.375
auc,16,20,0,,True,0.375,0,0.0,1.0,9.356145975595675,0.9064385402440432,182.3745956028086,9.28789178824841,0.2637185270116075,0.31277739223118073,146,19.200000000000003,20.0,292,19.913511944540588,18.542637578754288,7.188698823670602e-06,7.757338323489929,0.0,4.197488584474886,5.184931506849315,nan,nan,1.0,30,30,bonus,-1,0.75,0.375
auc,17,20,0,,True,0.375,0,0.0,1.0,8.991213761872597,0.910087862381274,172.52513614579195,8.066728611149914,0.20158824167821812,0.26058960225722616,145,19.3,20.0,295,20.03512432141939,19.01039496497041,7.119660943517682e-06,7.744852356353374,0.0,1.7925287356321837,2.2896551724137932,nan,nan,1.0,30,30,bonus,-1,0.75,0.375
auc,18,20,0,,True,0.375,0,0.0,1.0,9.550482982858766,0.9044951701714123,173.6045548221568,8.058786961923351,0.18093296589883381,0.2652310966426883,149,19.400000000000002,20.0,295,19.703919580142987,18.040857402427662,7.0261016366727084e-06,7.768444729625975,0.0,4.131991051454138,5.12751677852349,nan,nan,1.0,30,30,bonus,-1,0.75,0.375
auc,19,20,0,,True,0.375,0,0.0,1.0,6.82313841339438,0.9317686158660562,178.20717293573736,10.0,0.23694945375101925,0.3209519858214619,163,20.900000000000002,20.0,311,19.64620426062727,17.606563678939498,6.853054743447308e-06,7.739842875900215,0.0,2.307770961145194,2.834355828220859,nan,nan,1.0,30,30,bonus,-1,0.75,0.375
auc,20,20,0,,True,0.375,0,0.0,1.0,8.727572610387258,0.9127242738961274,168.5447115995296,10.0,0.15258842191056401,0.2292697676650877,135,18.5,20.0,284,19.92815043843959,18.614458162921363,7.294366055952785e-06,7.756487475590609,0.0,2.7364197530864196,3.9925925925925925,nan,nan,1.0,30,30,bonus,-1,0.75,0.375
auc,21,20,0,,True,0.375,0,0.0,1.0,9.173167777623004,0.90826832222377,167.84259852924708,8.653523397955981,0.18018843839021534,0.28956791158285455,152,20.0,20.0,300,19.83882575787497,18.04024241872419,7.133333371408904e-06,7.741411243743775,0.0,1.9779605263157893,2.651315789473684,nan,nan,1.0,30,30,bonus,-1,0.75,0.375
auc,22,20,0,,True,0.375,0,0.0,1.0,7.8514608965139505,0.9214853910348605,172.04011346607066,6.4220422221806865,0.2141134623303828,0.32230333275668605,150,19.900000000000002,20.0,300,19.690487378781217,17.72639340607271,7.217666619302084e-06,7.720489677991871,0.0,2.528888888888889,3.3,nan,nan,1.0,30,30,bonus,-1,0.75,0.375
auc,23,20,0,,True,0.375,0,0.0,1.0,10.603469094201778,0.8939653090579822,161.95675761375668,7.473946472075207,0.1500639942344937,0.22494949415205273,135,19.1,20.0,288,19.938044426072903,18.61849032545006,7.282638825422004e-06,7.807209969835711,0.0,3.51358024691358,4.296296296296297,nan,nan,1.0,30,30,bonus,-1,0.75,0.375
auc,24,20,0,,True,0.375,0,0.0,1.0,11.79066009737333,0.8820933990262667,168.86622467233616,10.0,0.21230902400324822,0.32106016792192293,157,20.900000000000002,20.0,310,19.361225790248575,17.668051765303815,7.1196772149696405e-06,7.818843120343263,0.0,6.124203821656051,6.662420382165605,nan,nan,1.0,30,30,bonus,-1,0.75,0.375
auc,25,20,0,,True,0.375,0,0.0,1.0,6.031821669850334,0.9396817833014967,173.5877222233247,8.25739434487933,0.1868559743643548,0.30875490483094886,172,22.8,20.0,329,19.259036807438754,17.27106094743114,6.7246200461619985e-06,7.712532670408424,0.0,1.9811046511627908,2.552325581395349,nan,nan,1.0,30,30,bonus,-1,0.75,0.375
auc,26,20,0,,True,0.375,0,0.0,1.0,9.42063249394015,0.9057936750605985,171.7609438576976,9.195654608082076,0.24992831436089322,0.3457935905203556,152,19.900000000000002,20.0,300,19.201641117371462,16.485041123878332,7.077333199655792e-06,7.7683009188566015,0.0,3.1491228070175445,3.7039473684210527,nan,nan,1.0,30,30,bonus,-1,0.75,0.375
auc,27,20,0,,True,0.375,0,0.0,1.0,10.805028619862988,0.8919497138013701,164.01949094267528,8.62619887822483,0.146411726373084,0.22238585963896645,156,20.700000000000003,20.0,307,19.805948810836433,18.817452481023444,7.0221499344243e-06,7.81213609043924,0.0,2.676282051282051,2.948717948717949,nan,nan,1.0,30,30,bonus,-1,0.75,0.375
auc,28,20,0,,True,0.375,0,0.0,1.0,9.427758468695524,0.9057224153130448,172.45664884181193,9.121003033137175,0.2248657799895422,0.29192531953213763,136,19.8,20.0,294,19.82048470003074,18.416412482361924,7.044557797493648e-06,7.768721570572804,0.0,2.6029411764705883,3.411764705882353,nan,nan,1.0,30,30,bonus,-1,0.75,0.375
auc,29,20,0,,True,0.375,0,0.0,1.0,8.581553076072767,0.9141844692392723,171.03429694086256,9.721372001769724,0.19237051761529078,0.27352565898477754,163,21.700000000000003,20.0,318,19.527285370221133,17.900248506875982,6.875471758261563e-06,7.782488636365864,0.0,3.9401840490797544,5.110429447852761,nan,nan,1.0,30,30,bonus,-1,0.75,0.375
auc,30,20,0,,True,0.375,0,0.0,1.0,7.352167874514359,0.9264783212548564,178.74406072125208,10.0,0.23120953300434546,0.3050827412840288,164,21.1,20.0,313,19.76946504759306,18.287545194856495,6.85207661893665e-06,7.719159919523298,0.0,1.9085365853658536,2.658536585365854,nan,nan,1.0,30,30,bonus,-1,0.75,0.375
auc,1,20,0,,True,0.5,0,0.0,1.0,9.586835124858107,0.9041316487514189,178.8126513026955,8.187135740056435,0.19114511122864908,0.2509927449404233,136,19.700000000000003,20.0,289,20.05115646805317,18.757285842072417,7.100692043539336e-06,7.814008466099244,0.0,3.4742647058823533,4.5588235294117645,nan,nan,1.0,30,30,bonus,-1,1.0,0.5
auc,2,20,0,,True,0.5,0,0.0,1.0,9.806921686406389,0.9019307831359361,170.65268291208366,6.929193358741448,0.2359988706060216,0.35931054441856564,158,20.6,20.0,307,19.432592071237753,17.652135327831505,7.1618892745409125e-06,7.7946111393553155,0.0,4.233122362869198,4.60126582278481,nan,nan,1.0,30,30,bonus,-1,1.0,0.5
auc,3,20,0,,True,0.5,0,0.0,1.0,9.496822679256434,0.9050317732074357,169.30154488989996,10.0,0.13910575717979795,0.21726879507630345,165,21.700000000000003,20.0,318,19.625831812434882,18.635617891493656,6.735534409486466e-06,7.866286592740914,0.0,2.902020202020202,3.6606060606060606,nan,nan,1.0,30,30,bonus,-1,1.0,0.5
auc,4,20,0,,True,0.5,0,0.0,1.0,8.962895759431333,0.9103710424056867,172.009138690258,6.995565928060085,0.3005810436907588,0.4446267794322749,181,22.3,20.0,336,18.420467869928377,15.248662097428328,6.983333378229872e-06,7.737924218803046,0.0,3.1721915285451194,3.5801104972375692,nan,nan,1.0,30,30,bonus,-1,1.0,0.5
auc,5,20,0,,True,0.5,0,0.0,1.0,9.409350000891692,0.9059064999910831,164.0300766100102,9.927322461848517,0.14417404334055228,0.2437925070529019,153,20.3,20.0,304,19.461639060266222,18.287310054993227,6.899013250834909e-06,7.841818266885154,0.0,2.5599128540305007,3.084967320261438,nan,nan,1.0,30,30,bonus,-1,1.0,0.5
auc,6,20,0,,True,0.5,0,0.0,1.0,8.89786032231228,0.9110213967768772,170.53703979065966,7.764655872606423,0.20054132690645388,0.32157787220166467,150,20.200000000000003,20.0,303,19.633515723931744,17.685194044772203,7.154785448964993e-06,7.788389277223786,0.0,2.451111111111111,3.2266666666666666,nan,nan,1.0,30,30,bonus,-1,1.0,0.5
auc,7,20,0,,True,0.5,0,0.0,1.0,9.774455757741606,0.9022554424225839,181.96067031714844,8.958026754820025,0.23296357649665045,0.2837511048247989,145,20.6,20.0,307,20.05287748368762,18.866283021218724,6.931596079629661e-06,7.7784049136967575,0.0,3.1011494252873564,3.7448275862068967,nan,nan,1.0,30,30,bonus,-1,1.0,0.5
auc,8,20,0,,True,0.5,0,0.0,1.0,10.418728007037792,0.8958127199296221,180.14116798893815,8.26384030722736,0.20312550423391268,0.2628521208392882,141,20.6,20.0,298,20.146145776637187,18.943014507196462,7.119463290237891e-06,7.811990881660625,0.0,3.882978723404255,5.120567375886525,nan,nan,1.0,30,30,bonus,-1,1.0,0.5
auc,9,20,0,,True,0.5,0,0.0,1.0,7.649054868259652,0.9235094513174035,171.66468258466148,6.993607560899634,0.2100828787330719,0.3199556871221989,157,20.6,20.0,309,19.223963997250433,16.831530104599803,7.006472532718795e-06,7.796774442486219,0.0,2.357749469214437,3.3184713375796178,nan,nan,1.0,30,30,bonus,-1,1.0,0.5
auc,10,20,0,,True,0.5,0,0.0,1.0,7.709927490223423,0.9229007250977658,172.5480300009993,7.964619676464885,0.2272072334111689,0.32080300908792736,152,19.900000000000002,20.0,301,19.61572453492759,17.9853021473882,7.05116284269363e-06,7.80096138083475,0.0,1.944078947368421,2.4210526315789473,nan,nan,1.0,30,30,bonus,-1,1.0,0.5
auc,11,20,0,,True,0.5,0,0.0,1.0,9.044965941111771,0.9095503405888823,171.18711391844644,8.947602865002391,0.18429340427172747,0.2744164252704715,155,21.400000000000002,20.0,311,19.372387637417056,17.395799752535577,6.923151026660325e-06,7.826072461526874,0.0,3.0951612903225807,4.012903225806451,nan,nan,1.0,30,30,bonus,-1,1.0,0.5
auc,12,20,0,,True,0.5,0,0.0,1.0,11.221058599993029,0.8877894140000697,167.4550674212678,8.2657390885073,0.1903283092213809,0.2573064639399551,151,21.1,20.0,304,19.870229869809997,18.47672072784763,6.902960529642817e-06,7.8406846081814265,0.0,4.321192052980132,4.490066225165563,nan,nan,1.0,30,30,bonus,-1,1.0,0.5
auc,13,20,0,,True,0.5,0,0.0,1.0,7.33603383880671,0.9266396616119329,170.79708477982234,8.111400016175148,0.19266711586664795,0.32648650124193707,158,22.1,20.0,322,19.048237080419227,17.1418462750934,6.843478173402178e-06,7.720153640281912,0.0,2.6951476793248945,3.607594936708861,nan,nan,1.0,30,30,bonus,-1,1.0,0.5
auc,14,20,0,,True,0.5,0,0.0,1.0,11.17221973653617,0.8882778026346383,163.10257691573253,7.8862850919269185,0.1752053877060245,0.23618855761379132,145,19.700000000000003,20.0,295,19.88219147628682,18.769515100739284,7.156271243791522e-06,7.814164319893776,0.0,2.947701149425287,3.8551724137931034,nan,nan,1.0,30,30,bonus,-1,1.0,0.5
auc,15,20,0,,True,0.5,0,0.0,1.0,10.445273124986032,0.8955472687501397,168.25837915316075,9.22945181654962,0.19343378995488575,0.28420823820487867,142,20.0,20.0,300,20.05066723472193,18.53058931038907,7.043999976303894e-06,7.896129201333548,0.0,4.204225352112676,5.26056338028169,nan,nan,1.0,30,30,bonus,-1,1.0,0.5
auc,16,20,0,,True,0.5,0,0.0,1.0,8.676620069184937,0.9132337993081506,180.03943898252797,8.777615557003715,0.2538531684309168,0.3106872219752027,146,19.200000000000003,20.0,292,19.92464543991254,18.542637578754288,7.114041032415515e-06,7.836489536799627,0.0,2.8801369863013697,3.4863013698630136,nan,nan,1.0,30,30,bonus,-1,1.0,0.5
auc,17,20,0,,True,0.5,0,0.0,1.0,8.863704958783348,0.9113629504121665,176.8688291718449,8.259280909501483,0.21363179804534796,0.27573964945761137,145,19.3,20.0,295,20.04414285233264,19.0068982921785,7.069830413240845e-06,7.820033742972065,0.0,3.6551724137931036,4.63448275862069,nan,nan,1.0,30,30,bonus,-1,1.0,0.5
auc,18,20,0,,True,0.5,0,0.0,1.0,9.875568973257353,0.9012443102674265,178.58030070844342,8.50582662804326,0.20768279042449658,0.2878603679416992,149,19.400000000000002,20.0,294,19.705254964688297,18.0281874355016,7.015646235454276e-06,7.851522414787117,0.0,5.225391498881432,6.429530201342282,nan,nan,1.0,30,30,bonus,-1,1.0,0.5
auc,19,20,0,,True,0.5,0,0.0,1.0,6.268449665343201,0.937315503346568,182.1775514528693,10.0,0.24628068762728986,0.32882843021345454,163,20.900000000000002,20.0,311,19.678243618324053,17.595997503779085,6.707073860297166e-06,7.787657539735048,0.0,2.602249488752556,3.2883435582822087,nan,nan,1.0,30,30,bonus,-1,1.0,0.5
auc,20,20,0,,True,0.5,0,0.0,1.0,9.34878234970884,0.9065121765029116,166.92218127113443,7.994599014019486,0.16526408375088183,0.24188758668691926,134,18.5,20.0,284,19.976025844578324,18.6108393607787,7.408098586175827e-06,7.8240854688877794,0.0,2.958333333333334,3.925373134328358,nan,nan,1.0,30,30,bonus,-1,1.0,0.5
auc,21,20,0,,True,0.5,0,0.0,1.0,8.53937741216132,0.9146062258783868,167.62102907870704,8.76301932390351,0.1805107136342868,0.29151090603320123,152,20.0,20.0,300,19.75125437578717,18.031977469270387,7.294999971539558e-06,7.823233043209248,0.0,2.5032894736842106,3.151315789473684,nan,nan,1.0,30,30,bonus,-1,1.0,0.5
auc,22,20,0,,True,0.5,0,0.0,1.0,7.789374369804547,0.9221062563019545,172.18312421223234,6.170644224317078,0.21551718052048172,0.3269792017303749,147,19.900000000000002,20.0,300,19.67319965812671,17.62119553581973,7.395999940248051e-06,7.775964383245361,0.0,2.510204081632653,3.5238095238095237,nan,nan,1.0,30,30,bonus,-1,1.0,0.5
auc,23,20,0,,True,0.5,0,0.0,1.0,10.612618763445225,0.8938738123655477,160.71251337638657,7.462860809017316,0.16281188523102327,0.23710255592203414,135,19.1,20.0,289,19.935989409331338,18.594012988585728,7.308650543614352e-06,7.85608640865392,0.0,3.2364197530864196,4.037037037037037,nan,nan,1.0,30,30,bonus,-1,1.0,0.5
auc,24,20,0,,True,0.5,0,0.0,1.0,11.807320633583752,0.8819267936641625,168.50528709974327,9.519637725904401,0.21293439825518662,0.32118841065995735,157,20.900000000000002,20.0,310,19.364553580987067,17.671891353454924,7.129354731483956e-06,7.898278405053789,0.0,6.085987261146497,6.643312101910828,nan,nan,1.0,30,30,bonus,-1,1.0,0.5
auc,25,20,0,,True,0.5,0,0.0,1.0,6.976155249017413,0.9302384475098259,172.08270618310272,8.414469614511946,0.18766706651178208,0.3118310257815427,172,22.8,20.0,329,19.229957560544847,17.27485265655393,6.841945448748082e-06,7.768177981466347,0.0,2.2761627906976742,2.86046511627907,nan,nan,1.0,30,30,bonus,-1,1.0,0.5
auc,26,20,0,,True,0.5,0,0.0,1.0,9.479629500716058,0.9052037049928394,171.59593553345937,7.343726877258726,0.24611998357702225,0.3452629974144419,155,20.1,20.0,303,19.116136864443522,16.479997571705493,7.197359658369684e-06,7.837822358662884,0.0,3.076344086021505,3.6580645161290324,nan,nan,1.0,30,30,bonus,-1,1.0,0.5
auc,27,20,0,,True,0.5,0,0.0,1.0,9.676416582346059,0.9032358341765394,165.69344697327017,9.125358974590084,0.142010879335438,0.22785576519064044,156,20.700000000000003,20.0,307,19.791114172973234,18.807504677895146,6.974592794196268e-06,7.875583408293105,0.0,3.0202991452991452,3.5,nan,nan,1.0,30,30,bonus,-1,1.0,0.5
auc,28,20,0,,True,0.5,0,0.0,1.0,8.781872999163909,0.9121812700083609,175.66657243873877,9.403833884654052,0.23108228102647188,0.29613849022282757,136,19.8,20.0,294,19.827302712032655,18.39993546279495,7.030272184788775e-06,7.8267736155486345,0.0,2.633578431372549,3.3308823529411766,nan,nan,1.0,30,30,bonus,-1,1.0,0.5
auc,29,20,0,,True,0.5,0,0.0,1.0,9.538848459353622,0.9046115154064638,170.47575006002074,8.876066606895801,0.19832089050377918,0.2775630055458289,161,21.5,20.0,317,19.53356556676377,17.88971301412252,6.9608833443054675e-06,7.858743639762797,0.0,5.298136645962733,6.3229813664596275,nan,nan,1.0,30,30,bonus,-1,1.0,0.5
auc,30,20,0,,True,0.5,0,0.0,1.0,7.765458827880223,0.9223454117211978,182.70197081906318,10.0,0.2165624690331604,0.2906543856805542,163,21.1,20.0,313,19.787003890613555,18.287545194856495,6.823322755067398e-06,7.780525984949885,0.0,2.723926380368098,3.3006134969325154,nan,nan,1.0,30,30,bonus,-1,1.0,0.5
auc,1,20,0,,True,0.75,0,0.0,1.0,9.571536337828078,0.9042846366217192,179.36051111121688,8.180330153445823,0.20570381247006675,0.2658945132669308,136,19.700000000000003,20.0,289,20.05449053625589,18.757285842072417,7.303806077600312e-06,7.9384678709140175,0.0,4.109681372549019,5.323529411764706,nan,nan,1.0,30,30,bonus,-1,1.5,0.75
auc,2,20,0,,True,0.75,0,0.0,1.0,9.817335860026798,0.901826641399732,170.46676552384392,6.933107260948487,0.23754471884563694,0.36062087636351436,158,20.6,20.0,307,19.43645886850753,17.657280958899463,7.68599342342454e-06,7.946483738848849,0.0,4.4335443037974684,4.8164556962025316,nan,nan,1.0,30,30,bonus,-1,1.5,0.75
auc,3,20,0,,True,0.75,0,0.0,1.0,9.517323391627485,0.9048267660837251,169.36815612567278,10.0,0.13926228124319442,0.21588881017793568,165,21.700000000000003,20.0,318,19.64501164531916,18.6670806839306,6.7374213993492235e-06,7.9861909300680365,0.0,3.0535353535353535,3.824242424242424,nan,nan,1.0,30,30,bonus,-1,1.5,0.75
auc,4,20,0,,True,0.75,0,0.0,1.0,8.622504279277955,0.9137749572072205,175.30124921678254,7.957282308404627,0.2587142755033949,0.32542591244518676,149,20.200000000000003,20.0,304,20.007719866389756,18.526769245146852,6.8345394107669375e-06,7.943098183831095,0.0,3.0587248322147653,3.7248322147651005,nan,nan,1.0,30,30,bonus,-1,1.5,0.75
auc,5,20,0,,True,0.75,0,0.0,1.0,9.57191425187368,0.9042808574812632,162.86855281223853,10.0,0.15157447729525422,0.24863917023139492,153,20.3,20.0,304,19.453491816310756,18.287310054993227,6.940131721708703e-06,7.972287451446509,0.0,2.7265795206971677,3.392156862745098,nan,nan,1.0,30,30,bonus,-1,1.5,0.75
auc,6,20,0,,True,0.75,0,0.0,1.0,8.922354267832588,0.9107764573216741,169.9199789360799,7.767622029452599,0.20104518985573164,0.32194847882708655,150,20.200000000000003,20.0,303,19.63305046163404,17.685194044772203,7.206270701356429e-06,7.918848612574134,0.0,3.138888888888889,4.1066666666666665,nan,nan,1.0,30,30,bonus,-1,1.5,0.75
auc,7,20,0,,True,0.75,0,0.0,1.0,9.834911244429845,0.9016508875557016,184.325652531447,8.56343173253397,0.25146594666341937,0.2940861502040534,141,20.6,20.0,303,20.113581661022614,18.864885068127208,6.792409297577551e-06,7.953974323911037,0.0,3.971631205673759,4.439716312056738,nan,nan,1.0,30,30,bonus,-1,1.5,0.75
auc,8,20,0,,True,0.75,0,0.0,1.0,10.96952434333942,0.8903047565666058,175.6780885940458,8.24362772020477,0.1996439379772244,0.25819552665281387,141,20.6,20.0,299,20.144246365234135,18.941995089720734,7.365551846001428e-06,8.007315427036692,0.0,4.353427895981087,5.695035460992908,nan,nan,1.0,30,30,bonus,-1,1.5,0.75
auc,9,20,0,,True,0.75,0,0.0,1.0,8.278208839278934,0.9172179116072107,171.8291543681612,7.579225749396339,0.2406106762524721,0.33164739012905514,154,20.400000000000002,20.0,306,19.347800655240793,17.01619431580857,7.526470534940969e-06,7.972961652989222,0.0,2.531385281385281,3.103896103896104,nan,nan,1.0,30,30,bonus,-1,1.5,0.75
auc,10,20,0,,True,0.75,0,0.0,1.0,7.668467686336411,0.9233153231366359,172.3763415573788,7.933337885023254,0.23080086090049715,0.32484703909266327,152,19.900000000000002,20.0,301,19.62109283853677,17.98508601400328,7.184053228957659e-06,7.920080294777882,0.0,1.942982456140351,2.4210526315789473,nan,nan,1.0,30,30,bonus,-1,1.5,0.75
auc,11,20,0,,True,0.75,0,0.0,1.0,9.079308104330241,0.9092069189566976,171.06462566459538,8.935890388203951,0.18365674538315044,0.27392265607021143,155,21.400000000000002,20.0,311,19.37466188218075,17.395799752535577,6.906752480408087e-06,7.9433689232242335,0.0,3.3349462365591394,4.245161290322581,nan,nan,1.0,30,30,bonus,-1,1.5,0.75
auc,12,20,0,,True,0.75,0,0.0,1.0,12.499216001924719,0.8750078399807528,162.4315222476692,8.87685054394472,0.19057900752611845,0.2590183382430524,159,21.400000000000002,20.0,314,19.650480137648298,18.125861574805686,6.721337584190658e-06,8.072270282015356,0.0,4.987421383647798,5.132075471698113,nan,nan,1.0,30,30,bonus,-1,1.5,0.75
auc,13,20,0,,True,0.75,0,0.0,1.0,7.419738476360715,0.9258026152363928,170.16477815117403,7.5014838268665684,0.18894185433083283,0.32408634214077264,158,22.1,20.0,322,19.057021058785566,17.14474220269521,6.829503092478082e-06,7.807846604765071,0.0,2.5342827004219406,3.5126582278481013,nan,nan,1.0,30,30,bonus,-1,1.5,0.75
auc,14,20,0,,True,0.75,0,0.0,1.0,9.493908926474749,0.9050609107352525,165.4702375944499,7.3722145926561655,0.16713077357032877,0.23367554537688212,145,19.900000000000002,20.0,294,19.83990617034547,18.678597172315115,7.290135968383877e-06,7.918799850329134,0.0,2.695402298850575,3.3517241379310345,nan,nan,1.0,30,30,bonus,-1,1.5,0.75
auc,15,20,0,,True,0.75,0,0.0,1.0,10.467955141629592,0.8953204485837041,168.1298315330118,9.22945181654962,0.19152967570803098,0.28203448159948447,142,20.0,20.0,300,20.053379849190797,18.53058931038907,7.034999944153242e-06,8.057128821155354,0.0,4.207746478873239,5.267605633802817,nan,nan,1.0,30,30,bonus,-1,1.5,0.75
auc,16,20,0,,True,0.75,0,0.0,1.0,8.498782347652378,0.9150121765234762,180.50099279375976,8.355203380980711,0.2538185423921357,0.31034711382918284,146,19.200000000000003,20.0,292,19.924518725336604,18.542637578754288,7.130479351784843e-06,7.981135408678576,0.0,3.121004566210045,4.006849315068493,nan,nan,1.0,30,30,bonus,-1,1.5,0.75
auc,17,20,0,,True,0.75,0,0.0,1.0,8.883954707873098,0.911160452921269,176.8731921878819,8.145566097205467,0.21186631099156297,0.2737600204246981,145,19.3,20.0,295,20.04414285233264,19.0068982921785,7.1766099870852115e-06,7.961012654657858,0.0,4.062068965517241,5.296551724137931,nan,nan,1.0,30,30,bonus,-1,1.5,0.75
auc,18,20,0,,True,0.75,0,0.0,1.0,10.596552579968899,0.894034474200311,183.98482424716408,8.444531092238007,0.23501396243934822,0.30399479482125125,144,19.3,20.0,286,19.65002268004032,17.933243496762554,7.376223680961362e-06,8.016611495256253,0.0,6.892361111111111,8.20138888888889,nan,nan,1.0,30,30,bonus,-1,1.5,0.75
auc,19,20,0,,True,0.75,0,0.0,1.0,6.0247179875766665,0.9397528201242333,183.25816924627065,10.0,0.24193358835114973,0.32503834412968974,163,20.900000000000002,20.0,311,19.68246693723262,17.607208763099226,6.762057932754799e-06,7.912347882620784,0.0,2.6206543967280163,3.3006134969325154,nan,nan,1.0,30,30,bonus,-1,1.5,0.75
auc,20,20,0,,True,0.75,0,0.0,1.0,9.248184340720279,0.9075181565927972,166.83565574380285,7.4841307662798835,0.20017612720105274,0.27394902062361115,139,18.7,20.0,289,19.880600957730042,18.420373934404594,7.174394422659495e-06,7.9853921439167435,0.0,3.647482014388489,4.841726618705036,nan,nan,1.0,30,30,bonus,-1,1.5,0.75
auc,21,20,0,,True,0.75,0,0.0,1.0,8.504906541595481,0.9149509345840452,167.48725746837388,7.399170546741563,0.1899614416111252,0.3014602427159124,152,20.0,20.0,300,19.684560275044745,17.840647212657565,7.3376666114199905e-06,7.930916307855808,0.0,2.510964912280702,3.151315789473684,nan,nan,1.0,30,30,bonus,-1,1.5,0.75
auc,22,20,0,,True,0.75,0,0.0,1.0,7.796429906195234,0.9220357009380477,172.2456107307878,6.220964450650919,0.21664297800628154,0.3273385092445036,147,19.8,20.0,300,19.67282955862792,17.611078672833106,7.4440000632118126e-06,7.886399491193074,0.0,2.6054421768707483,3.673469387755102,nan,nan,1.0,30,30,bonus,-1,1.5,0.75
auc,23,20,0,,True,0.75,0,0.0,1.0,9.81623530576956,0.9018376469423044,166.47516821074402,7.848582637286789,0.182125867446149,0.25399117756126444,136,19.200000000000003,20.0,288,19.757142133031326,18.51355224830175,7.1906249053831234e-06,8.00123309606942,0.0,3.7506127450980395,4.786764705882353,nan,nan,1.0,30,30,bonus,-1,1.5,0.75
auc,24,20,0,,True,0.75,0,0.0,1.0,11.804439361212838,0.8819556063878716,168.53825802590782,9.545237106957286,0.21289949530964764,0.32110079695664095,157,20.900000000000002,20.0,310,19.3642336488298,17.67447042305636,7.145806457922463e-06,8.066349113249093,0.0,6.232484076433121,6.796178343949045,nan,nan,1.0,30,30,bonus,-1,1.5,0.75
auc,25,20,0,,True,0.75,0,0.0,1.0,6.980688747217078,0.9301931125278292,172.0648998989535,8.331653164885719,0.18845654019599256,0.31227376519560973,172,22.8,20.0,329,19.230482206099097,17.271475463571473,6.888145966137586e-06,7.859631059574638,0.0,2.2761627906976742,2.86046511627907,nan,nan,1.0,30,30,bonus,-1,1.5,0.75
auc,26,20,0,,True,0.75,0,0.0,1.0,8.881910712799035,0.9111808928720097,172.75365298993557,7.6009942158429915,0.27197814781694996,0.365472428977444,157,20.1,20.0,305,19.090021506895823,16.47606583157536,7.885573687104386e-06,7.963184211203487,0.0,3.0605095541401273,3.605095541401274,nan,nan,1.0,30,30,bonus,-1,1.5,0.75
auc,27,20,0,,True,0.75,0,0.0,1.0,9.671099132688632,0.9032890086731137,165.7734571015187,9.129814041435365,0.14268701185741228,0.22830043689665724,156,20.700000000000003,20.0,307,19.79008973223684,18.80151533678692,6.943974000343398e-06,8.008080036475308,0.0,3.0202991452991452,3.5,nan,nan,1.0,30,30,bonus,-1,1.5,0.75
auc,28,20,0,,True,0.75,0,0.0,1.0,9.534684461201536,0.9046531553879846,180.10767460760852,8.926504268488376,0.23155202035320144,0.2989898581370116,135,19.8,20.0,292,19.76370391441258,18.36596033105372,7.20376704533645e-06,7.992727143744074,0.0,3.140740740740741,3.9925925925925925,nan,nan,1.0,30,30,bonus,-1,1.5,0.75
auc,29,20,0,,True,0.75,0,0.0,1.0,10.967709206629516,0.8903229079337048,174.09954671252083,8.21454364470902,0.22610849272151323,0.3003047099742997,141,20.5,20.0,293,19.9302084361892,18.130967503473972,7.256313993749702e-06,8.038768624422078,0.0,5.773049645390071,7.092198581560283,nan,nan,1.0,30,30,bonus,-1,1.5,0.75
auc,30,20,0,,True,0.75,0,0.0,1.0,7.8287291631816025,0.921712708368184,182.7974093315285,9.983793161739145,0.2184839133724683,0.29520666775865695,164,21.1,20.0,313,19.787204353657636,18.2817556158256,7.048562354948996e-06,7.896109833801868,0.0,3.0203252032520327,3.5365853658536586,nan,nan,1.0,30,30,bonus,-1,1.5,0.75
auc,1,20,0,,True,1.0,0,0.0,1.0,9.930602654897246,0.9006939734510275,182.1613461212776,8.179080336700562,0.21157192208081413,0.2660565844012897,136,19.700000000000003,20.0,289,20.03366787117286,18.757285842072417,7.3716262981632344e-06,8.084557017791923,0.0,4.586397058823529,5.772058823529412,nan,nan,1.0,30,30,bonus,-1,2.0,1.0
auc,2,20,0,,True,1.0,0,0.0,1.0,9.817335860026798,0.901826641399732,170.46676552384392,6.933107260948487,0.23754471884563694,0.36062087636351436,158,20.6,20.0,307,19.43645886850753,17.657280958899463,8.191530999340001e-06,8.096514083440248,0.0,4.4335443037974684,4.8164556962025316,nan,nan,1.0,30,30,bonus,-1,2.0,1.0
auc,3,20,0,,True,1.0,0,0.0,1.0,9.517323391627485,0.9048267660837251,169.36815612567278,10.0,0.13926228124319442,0.21588881017793568,165,21.700000000000003,20.0,318,19.64501164531916,18.6670806839306,6.720440240932699e-06,8.107382902028343,0.0,3.0535353535353535,3.824242424242424,nan,nan,1.0,30,30,bonus,-1,2.0,1.0
auc,4,20,0,,True,1.0,0,0.0,1.0,8.647966347251156,0.9135203365274884,175.24077565298677,7.939829600566252,0.2615428448907706,0.32839758901659644,149,20.200000000000003,20.0,304,20.0121600801659,18.526752492023952,6.872697308847962e-06,8.082327024281268,0.0,3.0587248322147653,3.7248322147651005,nan,nan,1.0,30,30,bonus,-1,2.0,1.0
auc,5,20,0,,True,1.0,0,0.0,1.0,9.462796195650892,0.9053720380434911,163.05384036402685,10.0,0.15194464533132523,0.24877040358693905,153,20.3,20.0,304,19.453012194516184,18.28725344878292,7.078289543546577e-06,8.097514457594755,0.0,2.7265795206971677,3.392156862745098,nan,nan,1.0,30,30,bonus,-1,2.0,1.0
auc,6,20,0,,True,1.0,0,0.0,1.0,8.925865037216262,0.9107413496278374,169.7057968394563,7.718623365222616,0.20029708042782207,0.3225631563991261,150,20.200000000000003,20.0,303,19.630132736732552,17.686195947050813,7.224752438134013e-06,8.043301086908011,0.0,3.212222222222222,4.18,nan,nan,1.0,30,30,bonus,-1,2.0,1.0
auc,7,20,0,,True,1.0,0,0.0,1.0,10.497302131175557,0.8950269786882444,189.8756996887926,8.924358072438546,0.2593386293502912,0.2972605691377557,141,20.6,20.0,303,20.102297386297177,18.864885068127208,6.804950575159075e-06,8.133492303739985,0.0,6.691489361702128,7.25531914893617,nan,nan,1.0,30,30,bonus,-1,2.0,1.0
auc,8,20,0,,True,1.0,0,0.0,1.0,10.669728004969548,0.8933027199503045,165.86903568520881,9.561593421896555,0.17698540749869981,0.24760332998985918,142,20.6,20.0,299,20.062851578109527,18.937771788749856,7.25585297524873e-06,8.19411105224086,0.0,3.43075117370892,4.295774647887324,nan,nan,1.0,30,30,bonus,-1,2.0,1.0
auc,9,20,0,,True,1.0,0,0.0,1.0,9.10448615535917,0.9089551384464083,170.21259915759273,7.889848706515365,0.21971951854744246,0.29452399434137283,145,20.200000000000003,20.0,297,19.771705174186547,18.23385689174158,7.3090907817734685e-06,8.152686557142959,0.0,2.718390804597701,3.6206896551724137,nan,nan,1.0,30,30,bonus,-1,2.0,1.0
auc,10,20,0,,True,1.0,0,0.0,1.0,7.694218509649453,0.9230578149035055,172.37154409489247,7.934503851935354,0.23082417597431776,0.32561596804509924,152,19.900000000000002,20.0,301,19.62109283853677,17.98508601400328,7.325249048320428e-06,8.038923993862001,0.0,1.942982456140351,2.4210526315789473,nan,nan,1.0,30,30,bonus,-1,2.0,1.0
auc,11,20,0,,True,1.0,0,0.0,1.0,8.974956562907654,0.9102504343709235,171.11162105386592,9.020122553061707,0.18345160811476435,0.2748385344398129,155,21.400000000000002,20.0,311,19.358840152680184,17.395799752535577,6.89807075397351e-06,8.059090629190601,0.0,3.3559139784946233,4.2709677419354835,nan,nan,1.0,30,30,bonus,-1,2.0,1.0
auc,12,20,0,,True,1.0,0,0.0,1.0,12.49888301572627,0.8750111698427373,162.42931325612355,8.87685054394472,0.19027618114657602,0.258582795503318,159,21.400000000000002,20.0,314,19.65183624493665,18.125861574805686,6.747770686352116e-06,8.248424116938489,0.0,5.044025157232705,5.188679245283019,nan,nan,1.0,30,30,bonus,-1,2.0,1.0
auc,13,20,0,,True,1.0,0,0.0,1.0,7.419738476360715,0.9258026152363928,170.16477815117403,7.5014838268665684,0.18894185433083283,0.32408634214077264,158,22.1,20.0,322,19.057021058785566,17.14474220269521,6.824844705807884e-06,7.894488859377655,0.0,2.5342827004219406,3.5126582278481013,nan,nan,1.0,30,30,bonus,-1,2.0,1.0
auc,14,20,0,,True,1.0,0,0.0,1.0,10.562647163882122,0.8943735283611788,164.37284602050792,7.002763764586551,0.17039385932607673,0.23818049812642778,145,19.900000000000002,20.0,294,19.861245836080396,18.678597172315115,7.496598653010644e-06,8.022757450961649,0.0,3.433333333333333,3.9448275862068964,nan,nan,1.0,30,30,bonus,-1,2.0,1.0
auc,15,20,0,,True,1.0,0,0.0,1.0,10.467955141629592,0.8953204485837041,168.1298315330118,9.22945181654962,0.19152967570803098,0.28203448159948447,142,20.0,20.0,300,20.053379849190797,18.53058931038907,6.9249999311675e-06,8.218786992382993,0.0,4.207746478873239,5.267605633802817,nan,nan,1.0,30,30,bonus,-1,2.0,1.0
auc,16,20,0,,True,1.0,0,0.0,1.0,8.498782347652378,0.9150121765234762,180.50099279375976,8.355203380980711,0.2538185423921357,0.31034711382918284,146,19.200000000000003,20.0,292,19.924518725336604,18.542637578754288,7.221232832083319e-06,8.131191352236252,0.0,3.121004566210045,4.006849315068493,nan,nan,1.0,30,30,bonus,-1,2.0,1.0
auc,17,20,0,,True,1.0,0,0.0,1.0,8.889122556438489,0.9111087744356151,176.80393353240086,8.145566097205467,0.21186631099156297,0.2737600204246981,145,19.3,20.0,295,20.04414285233264,19.0068982921785,7.211525396195287e-06,8.10082836586032,0.0,4.272413793103448,5.489655172413793,nan,nan,1.0,30,30,bonus,-1,2.0,1.0
auc,18,20,0,,True,1.0,0,0.0,1.0,10.567930939050951,0.8943206906094905,183.88576961964347,8.63467739077009,0.23546763669029117,0.30427383044113987,144,19.3,20.0,286,19.650946837256306,17.932056607018136,7.3430070900228e-06,8.17841085220384,0.0,6.90625,8.20138888888889,nan,nan,1.0,30,30,bonus,-1,2.0,1.0
auc,19,20,0,,True,1.0,0,0.0,1.0,6.241320768585856,0.9375867923141414,182.68937677191397,10.0,0.24048310900886868,0.32387603934024795,162,20.900000000000002,20.0,311,19.68700131827694,17.615779627050514,6.731511322014824e-06,8.046802311220128,0.0,2.632716049382716,3.314814814814815,nan,nan,1.0,30,30,bonus,-1,2.0,1.0
auc,20,20,0,,True,1.0,0,0.0,1.0,9.254961158812513,0.9074503884118749,166.78837438431148,7.438462731475253,0.2002061899695938,0.2743895993629955,139,18.7,20.0,289,19.882329289151393,18.413276630396794,7.382006836397683e-06,8.1248783502372,0.0,3.647482014388489,4.841726618705036,nan,nan,1.0,30,30,bonus,-1,2.0,1.0
auc,21,20,0,,True,1.0,0,0.0,1.0,9.053015571871747,0.9094698442812825,169.9686332677411,7.553792575021416,0.2041942762590298,0.30930797633122453,152,20.0,20.0,300,19.690088824160462,17.852112764100834,7.138000049356682e-06,8.069225443184617,0.0,3.4046052631578947,4.618421052631579,nan,nan,1.0,30,30,bonus,-1,2.0,1.0
auc,22,20,0,,True,1.0,0,0.0,1.0,9.2957330494703,0.907042669505297,169.53164905061763,6.223285792416442,0.22399825234832546,0.3326287932843846,150,20.200000000000003,20.0,304,19.607331203453246,17.528743481003588,7.659539505766588e-06,8.066994859674693,0.0,2.78,3.7733333333333334,nan,nan,1.0,30,30,bonus,-1,2.0,1.0
auc,23,20,0,,True,1.0,0,0.0,1.0,10.496175639403859,0.8950382436059614,163.8928759030943,7.967927930085772,0.17985151269516117,0.25120022822004884,139,19.200000000000003,20.0,291,19.762345733582126,18.51141683163508,7.468728510434083e-06,8.142040097783468,0.0,3.482613908872902,4.179856115107913,nan,nan,1.0,30,30,bonus,-1,2.0,1.0
auc,24,20,0,,True,1.0,0,0.0,1.0,11.80157241306049,0.8819842758693951,168.57684167287127,9.53781713733404,0.21250229761741285,0.32082233978548125,157,20.900000000000002,20.0,310,19.36379965888121,17.67447042305636,7.208387098451626e-06,8.234924074716053,0.0,6.232484076433121,6.796178343949045,nan,nan,1.0,30,30,bonus,-1,2.0,1.0
auc,25,20,0,,True,1.0,0,0.0,1.0,6.854460545277563,0.9314553945472244,172.7942670635793,8.46388569235263,0.1884527417557806,0.3125463095482171,172,22.8,20.0,329,19.230275714734713,17.271475463571473,7.043161149838044e-06,7.951391667352182,0.0,2.2887596899224807,2.9069767441860463,nan,nan,1.0,30,30,bonus,-1,2.0,1.0
auc,26,20,0,,True,1.0,0,0.0,1.0,9.840259160527298,0.901597408394727,168.83593324624653,6.658725033390233,0.2696977029410888,0.3600708813443373,157,20.1,20.0,306,19.053505167033464,16.475916577844018,7.282679719246279e-06,8.146200715770515,0.0,3.56687898089172,3.949044585987261,nan,nan,1.0,30,30,bonus,-1,2.0,1.0
auc,27,20,0,,True,1.0,0,0.0,1.0,9.117118522588708,0.9088288147741129,174.18822777059998,8.537520144541453,0.23836906902434288,0.31961099424267386,148,20.3,20.0,299,20.253316707072255,18.900408758588966,6.92274240698248e-06,8.173687531873561,0.0,2.781531531531532,3.2905405405405403,nan,nan,1.0,30,30,bonus,-1,2.0,1.0
auc,28,20,0,,True,1.0,0,0.0,1.0,9.80152902335445,0.9019847097664555,175.16213867387944,9.041447719716636,0.23211101785701252,0.2981834301953686,135,19.8,20.0,292,19.787286267279512,18.383537307955823,7.165410862984422e-06,8.16979902484991,0.0,2.7777777777777777,3.3703703703703702,nan,nan,1.0,30,30,bonus,-1,2.0,1.0
auc,29,20,0,,True,1.0,0,0.0,1.0,10.385325228099163,0.8961467477190084,178.79304613324481,8.386189831232382,0.23450901820110134,0.3094904118545968,141,20.5,20.0,293,19.877946777750655,18.09691287139303,7.222184301779125e-06,8.215632327484236,0.0,4.289598108747044,4.9787234042553195,nan,nan,1.0,30,30,bonus,-1,2.0,1.0
auc,30,20,0,,True,1.0,0,0.0,1.0,7.892098671274839,0.9210790132872516,182.784228642846,9.584896200122207,0.2197803460787856,0.29675891392238574,163,21.1,20.0,313,19.78377515399008,18.2743958370152,7.1932907989315585e-06,8.012162150991232,0.0,3.0511247443762786,3.539877300613497,nan,nan,1.0,30,30,bonus,-1,2.0,1.0
